claim_id,doc_id,claim,abstract,label,predicted_label,prob_noinfo,prob_supports,prob_refutes
1,31715818,0-dimensional biomaterials show inductive properties.,"New opportunities: the use of nanotechnologies to manipulate and track stem cells. This review examines the use of nanotechnologies for stem cell tracking, differentiation, and transplantation. We further discuss their utility and the potential concerns regarding their cytotoxicity.",NOINFO,NOINFO,0.9998830556869507,7.96700333012268e-05,3.7340596463764086e-05
1,10931595,0-dimensional biomaterials show inductive properties.,"Geometry, epistasis, and developmental patterning. Existing data for the relative probabilities of the three possible terminal cell types in diverse genetic backgrounds as well as timed ablation of the inductive signal favor one geometric model and suffice to fit most of its parameters. Data for anchor cell ablation fix the parameters needed to define Notch autocrine signaling.",NOINFO,NOINFO,0.9997677206993103,0.00019035143486689776,4.197831731289625e-05
1,40212412,0-dimensional biomaterials show inductive properties.,"Periosteal bone formation--a neglected determinant of bone strength. For larger animals, the hunt for dinner and the struggle to avoid becoming someone else's meal require rapid movement against gravity. This need is met by the lever function of long bones, three-dimensional masterpieces of biomechanical engineering that, by their material composition and structural design, achieve the contradictory properties of stiffness and flexibility, strength and lightness.1 Material stiffness results from the encrusting of the triple-helical structure of collagen type I with hydroxyapatite crystals, which confers . . .",NOINFO,NOINFO,0.9998334646224976,0.00010783242032630369,5.862747275386937e-05
1,24998637,0-dimensional biomaterials show inductive properties.,"Interleukin 6 plays a key role in the development of antigen-induced arthritis. Lymph node cells of IL-6 -/- mice produced many more Th2 cytokines than did IL-6 +/+ mice with either antigen-specific or nonspecific stimulation in in vitro culture. Taken together, these results indicate that IL-6 may play a key role in the development of AIA at the inductive as well as the effector phase, and the blockade of IL-6 is possibly beneficial in the treatment of rheumatoid arthritis.",NOINFO,NOINFO,0.9997739195823669,0.0001881349307950586,3.792448478634469e-05
3,14717500,"1,000 genomes project enables mapping of genetic sequence variation consisting of rare variants with larger penetrance effects than common variants.","Rare Variants Create Synthetic Genome-Wide Associations Genome-wide association studies (GWAS) have now identified at least 2,000 common variants that appear associated with common diseases or related traits (http://www.genome.gov/gwastudies), hundreds of which have been convincingly replicated. In conclusion, uncommon or rare genetic variants can easily create synthetic associations that are credited to common variants, and this possibility requires careful consideration in the interpretation and follow up of GWAS signals.",SUPPORTS,NOINFO,0.9995697140693665,0.00038670352660119534,4.3641899537760764e-05
3,2739854,"1,000 genomes project enables mapping of genetic sequence variation consisting of rare variants with larger penetrance effects than common variants.",Rare and common variants: twenty arguments The fact that they tend not to identify more than a fraction of the specific causal loci has led to divergence of opinion over whether most of the variance is hidden as numerous rare variants of large effect or as common variants of very small effect. Here I review 20 arguments for and against each of these models of the genetic basis of complex traits and conclude that both classes of effect can be readily reconciled.,NOINFO,NOINFO,0.9998681545257568,8.398288628086448e-05,4.775863635586575e-05
3,23389795,"1,000 genomes project enables mapping of genetic sequence variation consisting of rare variants with larger penetrance effects than common variants.","Common and rare variants in multifactorial susceptibility to common diseases We then discuss the concepts behind the identification of common variants as disease causal factors and contrast them to the basic ideas that underlie the rare variant hypothesis. We believe that this strategy can be successfully applied at present in order to unravel the contribution of rare variants to the multifactorial inheritance of common diseases, which could lead to the implementation of much needed preventative screening schemes.",NOINFO,NOINFO,0.9998238682746887,0.00013551527808886021,4.0689061279408634e-05
3,32181055,"1,000 genomes project enables mapping of genetic sequence variation consisting of rare variants with larger penetrance effects than common variants.","The role of regulatory variation in complex traits and disease Studies of the genetics of gene expression have emerged as a key tool for linking DNA sequence variation to phenotypes. Here, we review recent insights into the molecular nature of regulatory variants and describe their influence on the transcriptome and the proteome.",NOINFO,NOINFO,0.9996883869171143,0.0002673707786016166,4.416158117237501e-05
3,14019636,"1,000 genomes project enables mapping of genetic sequence variation consisting of rare variants with larger penetrance effects than common variants.","Ribosomal DNA copy number loss and sequence variation in cancer We find that copy number and sequence can change in cancer genomes. Counterintuitively, human cancer genomes show a loss of copies, accompanied by global copy number co-variation.",NOINFO,NOINFO,0.9998682737350464,8.887704461812973e-05,4.281057044863701e-05
5,13734012,1/2000 in UK have abnormal PrP positivity.,"Prevalent abnormal prion protein in human appendixes after bovine spongiform encephalopathy epizootic: large scale survey RESULTS Of the 32,441 appendix samples 16 were positive for abnormal PrP, indicating an overall prevalence of 493 per million population (95% confidence interval 282 to 801 per million). CONCLUSIONS This study corroborates previous studies and suggests a high prevalence of infection with abnormal PrP, indicating vCJD carrier status in the population compared with the 177 vCJD cases to date.",SUPPORTS,REFUTES,0.0002671185357030481,0.0009876316180452704,0.9987452030181885
5,17333231,1/2000 in UK have abnormal PrP positivity.,"The sheddase ADAM10 is a potent modulator of prion disease The prion protein (PrP(C)) is highly expressed in the nervous system and critically involved in prion diseases where it misfolds into pathogenic PrP(Sc). Employing conditional knockout mice, we show that depletion of ADAM10 in forebrain neurons leads to posttranslational increase of PrP(C) levels.",NOINFO,NOINFO,0.9998893737792969,5.411877646110952e-05,5.649487502523698e-05
5,42240424,1/2000 in UK have abnormal PrP positivity.,"The effects of prion protein proteolysis and disaggregation on the strain properties of hamster scrapie. Prion strain diversity is associated with variations in PrP(Sc) conformation, but it remains unknown precisely which physical properties of the PrP(Sc) molecules are required to encipher mammalian prion strain phenotypes. These results indicate that the infectious strain properties of native prions do not appear to be altered by PrP(Sc) disaggregation, and that maintenance of such properties does not require the N-domain (approximately residues 23-90) of the protease-resistant PrP(Sc) molecules or protease-sensitive PrP(Sc) molecules.",NOINFO,NOINFO,0.9998655319213867,4.6470311644952744e-05,8.801308285910636e-05
5,695938,1/2000 in UK have abnormal PrP positivity.,"Grass plants bind, retain, uptake, and transport infectious prions. Here, we analyzed the binding and retention of infectious prion protein (PrP(Sc)) to plants. Furthermore, leaves contaminated by spraying with a prion-containing preparation retained PrP(Sc) for several weeks in the living plant.",NOINFO,NOINFO,0.9998621940612793,5.874377893633209e-05,7.90483973105438e-05
5,1292369,1/2000 in UK have abnormal PrP positivity.,"Biochemical Properties of Highly Neuroinvasive Prion Strains Yet the pathogenesis of prion disease can vary dramatically depending on the strain, or conformational variant of the aberrantly folded and aggregated protein, PrP(Sc). These neuroinvasive strains efficiently generate PrP(Sc) over short incubation periods.",NOINFO,NOINFO,0.999862551689148,6.962387124076486e-05,6.787833262933418e-05
13,1606628,5% of perinatal mortality is due to low birth weight.,"Estimates of global prevalence of childhood underweight in 1990 and 2015. DESIGN, SETTING, AND PARTICIPANTS Time series study of prevalence of underweight, defined as weight 2 SDs below the mean weight for age of the National Center for Health Statistics and World Health Organization (WHO) reference population. This is largely due to the deteriorating situation in Africa where all subregions, except Northern Africa, are expected to fail to meet the goal.",NOINFO,NOINFO,0.999786913394928,0.0001268038322450593,8.630396769149229e-05
13,7662395,5% of perinatal mortality is due to low birth weight.,"Perinatal mortality in rural China: retrospective cohort study. MAIN OUTCOME MEASURES Abortions, stillbirths, early neonatal mortality, perinatal mortality. The perinatal mortality rate increased notably with parity and was higher in townships having lower income per capita.",NOINFO,NOINFO,0.9984403252601624,0.001051007304340601,0.0005087304743938148
13,17450673,5% of perinatal mortality is due to low birth weight.,"Intrauterine environments and breast cancer risk: meta-analysis and systematic review INTRODUCTION Various perinatal factors, including birth weight, birth order, maternal age, gestational age, twin status, and parental smoking, have been postulated to affect breast cancer risk in daughters by altering the hormonal environment of the developing fetal mammary glands. Support for an association with birthweight was also derived from studies based on three birth weight categories (OR 1.15 [95% CI 1.01 to 1.31] for > or =4,000 g relative to <3,000 g) and two birth weight categories (OR 1.09 [95% CI 1.02 to 1.18] for > or =3,000 g relative to <3,000 g).",NOINFO,NOINFO,0.9998206496238708,9.169393160846084e-05,8.76660124049522e-05
13,30786800,5% of perinatal mortality is due to low birth weight.,"Lipid-based nutrient supplement increases the birth size of infants of primiparous women in Ghana. Groups did not differ significantly in mean birth length, length-for-age z score (LAZ), head circumference, or percentage low birth length but differed in mean birth weight (P = 0.044), weight-for-age z score (WAZ; P = 0.046), and BMI-for-age z score (BMIZ; P = 0.040), with a trend toward differences in low birth weight (P = 0.069). In pairwise comparisons, the LNS group had greater mean birth weight (+85 g; P = 0.040), WAZ (+0.19; P = 0.045), and BMIZ (+0.21; P = 0.035) and a lower risk of low birth weight (RR: 0.61, 95% CI: 0.39, 0.96; P = 0.032) than did the IFA group.",NOINFO,NOINFO,0.999743640422821,0.0001568811567267403,9.952516120392829e-05
36,5152028,A deficiency of vitamin B12 increases blood levels of homocysteine.,Folic acid improves endothelial function in coronary artery disease via mechanisms largely independent of homocysteine lowering. It has been proposed that improvement occurs through reduction in total (tHcy) or free (non-protein bound) homocysteine (fHcy). We investigated the effects of folic acid on endothelial function before a change in homocysteine in patients with CAD.,NOINFO,NOINFO,0.9998818635940552,5.874493217561394e-05,5.9321428125258535e-05
36,11705328,A deficiency of vitamin B12 increases blood levels of homocysteine.,Randomized trial of folic acid supplementation and serum homocysteine levels. CONCLUSIONS A dosage of folic acid of 0.8 mg/d appears necessary to achieve the maximum reduction in serum homocysteine level across the range of homocysteine levels in the population. Current US food fortification levels will achieve only a small proportion of the achievable homocysteine reduction.,NOINFO,NOINFO,0.9998527765274048,9.856872202362865e-05,4.860481931245886e-05
36,42441846,A deficiency of vitamin B12 increases blood levels of homocysteine.,"Gene--nutrition interactions in coronary artery disease: correlation between the MTHFR C677T polymorphism and folate and homocysteine status in a Korean population. Levels of plasma homocysteine, folate and vitamin B12 were also determined. We then defined the genotype-specific threshold values of folate and vitamin B12 required to keep homocysteine levels in a normal range for individuals of each MTHFR C677T genotype.",NOINFO,NOINFO,0.9998569488525391,9.780206892173737e-05,4.512823579716496e-05
36,18557974,A deficiency of vitamin B12 increases blood levels of homocysteine.,"British Journal of Nutrition (2003), 89, 295–301 q The Authors 2003 DOI: 10.1079/BJN2002776 Plasma homocysteine concentration is decreased by dietary intervention* The serum concentration of vitamin B12 remained unchanged during the intervention. In conclusion, a diet high in fresh berries, citrus fruit, and vegetables effectively increases serum and RBC folate and decreases plasma homocysteine.",NOINFO,NOINFO,0.9997519850730896,0.00014452690083999187,0.00010349064541514963
42,18174210,A high microerythrocyte count raises vulnerability to severe anemia in homozygous alpha (+)- thalassemia trait subjects.,Increased Microerythrocyte Count in Homozygous α+-Thalassaemia Contributes to Protection against Severe Malarial Anaemia Individuals homozygous for alpha(+)-thalassaemia have microcytosis and an increased erythrocyte count. This model predicted that children homozygous for alpha(+)-thalassaemia lose less Hb than children of normal genotype for a reduction in erythrocyte count of >1.1 x 10(12)/l as a result of the reduced mean cell Hb in homozygous alpha(+)-thalassaemia.,REFUTES,REFUTES,0.0002953218063339591,0.0001963428658200428,0.999508261680603
42,40913091,A high microerythrocyte count raises vulnerability to severe anemia in homozygous alpha (+)- thalassemia trait subjects.,"GENOTYPING OF THALASSEMIA IN MICROCYTIC HYPOCHROMIC ANEMIA PATIENTS FROM SOUTHWEST REGION OF IRAN These include 325 individuals: 171 with Beta-thalassemia trait, 88 with Alpha-thalassemia trait, 13 with thalassemia major, 11 with hemoglobin variants (HbS, HbC, and HbD Punjab ) and 42 with iron-deficiency anemia. There was statistically significant difference between Beta-thalassemia trait and Beta-thalassemia Major in case of MCV (p- value = 0.25) and MCH (P–value =0.23) indices, and also MCH index between Beta-thalassemia trait and Hb Variants (P-value = 0.04).",NOINFO,NOINFO,0.9997968077659607,8.496678492520005e-05,0.00011819532664958388
42,45218443,A high microerythrocyte count raises vulnerability to severe anemia in homozygous alpha (+)- thalassemia trait subjects.,"Thalassemia and malaria: new insights into an old problem. The hemoglobinopathies are probably the world's most common genetic diseases: The World Health Organization has estimated that at least 5% of the population are carriers for one or other of the most serious forms, the alpha- and beta-thalassemias and the structural variant hemoglobins S, C, and E, which are found at polymorphic frequencies in many countries. Population and molecular genetic analysis of thalassemia variants, and microepidemiological studies of the relationship between alpha-thalassemia and malaria in the southwest Pacific, have provided unequivocal evidence for protection.",NOINFO,NOINFO,0.9998360872268677,6.289825978456065e-05,0.00010090452269650996
42,27162821,A high microerythrocyte count raises vulnerability to severe anemia in homozygous alpha (+)- thalassemia trait subjects.,"Percentile curves for hemoglobin and red cell volume in infancy and childhood. Subjects were excluded from the reference population if they had laboratory evidence of iron deficiency, thalassemia minor, and/or hemoglobinopathy. The percentile curves should be particularly applicable to the diagnosis and screening of iron deficiency and thalassemia minor.",NOINFO,NOINFO,0.9998244643211365,7.797206490067765e-05,9.760804823599756e-05
42,6315132,A high microerythrocyte count raises vulnerability to severe anemia in homozygous alpha (+)- thalassemia trait subjects.,"KLF1-null neonates display hydrops fetalis and a deranged erythroid transcriptome. We describe a case of severe neonatal anemia with kernicterus caused by compound heterozygosity for null mutations in KLF1, each inherited from asymptomatic parents. The phenotype of severe nonspherocytic hemolytic anemia, jaundice, hepatosplenomegaly, and marked erythroblastosis is more severe than that present in congenital dyserythropoietic anemia type IV as a result of dominant mutations in the second zinc-finger of KLF1.",NOINFO,NOINFO,0.9997518658638,8.596449333708733e-05,0.00016217886877711862
48,13734012,"A total of 1,000 people in the UK are asymptomatic carriers of vCJD infection.","Prevalent abnormal prion protein in human appendixes after bovine spongiform encephalopathy epizootic: large scale survey Genetic testing of the positive specimens for the genotype at PRNP codon 129 revealed a high proportion that were valine homozygous compared with the frequency in the normal population, and in stark contrast with confirmed clinical cases of vCJD, all of which were methionine homozygous at PRNP codon 129. CONCLUSIONS This study corroborates previous studies and suggests a high prevalence of infection with abnormal PrP, indicating vCJD carrier status in the population compared with the 177 vCJD cases to date.",REFUTES,REFUTES,0.1734079122543335,0.004142385441809893,0.8224497437477112
48,18617259,"A total of 1,000 people in the UK are asymptomatic carriers of vCJD infection.",Research Letters We report a case of preclinical variant Creutzfeldt-Jakob disease (vCJD) in a patient who died from a non-neurological disorder 5 years after receiving a blood transfusion from a donor who subsequently developed vCJD. These findings have major implications for future estimates and surveillance of vCJD in the UK.,NOINFO,REFUTES,0.025299593806266785,0.01976115256547928,0.9549391865730286
48,11349166,"A total of 1,000 people in the UK are asymptomatic carriers of vCJD infection.","Lack of evidence of transfusion transmission of Creutzfeldt-Jakob disease in a US surveillance study. BACKGROUND Since 2004, several reported transfusion transmissions of variant Creutzfeldt-Jakob disease (vCJD) in the United Kingdom have reawakened concerns about the possible risk of similar transmissions of nonvariant or classic forms of CJD. They reinforce the conclusion that the risk, if any, of transfusion transmission of prion disease by CJD donors is significantly lower than the comparable risk of such transmission by vCJD donors.",NOINFO,NOINFO,0.9997501969337463,7.888532127253711e-05,0.00017096051305998117
48,13959707,"A total of 1,000 people in the UK are asymptomatic carriers of vCJD infection.","The Ratio of Monocytes to Lymphocytes in Peripheral Blood Correlates with Increased Susceptibility to Clinical Malaria in Kenyan Children Young children bear the brunt of the disease and though older children and adults suffer relatively fewer clinical attacks, they remain susceptible to asymptomatic P. falciparum infection. A better understanding of the host factors associated with immunity to clinical malaria and the ability to sustain asymptomatic P. falciparum infection will aid the development of improved strategies for disease prevention.",NOINFO,NOINFO,0.9998477697372437,8.681643521413207e-05,6.540461617987603e-05
48,18344910,"A total of 1,000 people in the UK are asymptomatic carriers of vCJD infection.","Thrombocytopenia as an Indicator of Malaria in Adult Population Of the total of 228 patients with fever and thrombocytopenia, 121 patients (53%) proved to be suffering from malaria. Of these 121 patients, platelet counts ranged between 25,000 and 150,000/dL with a mean value of 101,000/dL (SD ± 47, 500) and a median of 75,000/dL. Of the 107 patients who were not suffering from malaria, the counts ranged between 10,000 and 150,000/dL with a mean value of 58,000/dL (SD ± 54, 000) and median of 50,000/dL. Conclusions.",NOINFO,NOINFO,0.9998565912246704,5.024593338021077e-05,9.314125054515898e-05
49,5953485,ADAR1 binds to Dicer to cleave pre-miRNA.,"ADAR1 Forms a Complex with Dicer to Promote MicroRNA Processing and RNA-Induced Gene Silencing Most importantly, ADAR1 increases the maximum rate (Vmax) of pre-microRNA (miRNA) cleavage by Dicer and facilitates loading of miRNA onto RNA-induced silencing complexes, identifying a new role of ADAR1 in miRNA processing and RNAi mechanisms. ADAR1 differentiates its functions in RNA editing and RNAi by the formation of either ADAR1/ADAR1 homodimer or Dicer/ADAR1 heterodimer complexes, respectively.",SUPPORTS,SUPPORTS,0.0005503356223925948,0.9989245533943176,0.0005251339171081781
49,5702790,ADAR1 binds to Dicer to cleave pre-miRNA.,"Phosphate and R2D2 restrict the substrate specificity of Dicer-2, an ATP-driven ribonuclease. We find that purified Dicer-2 can efficiently cleave pre-miRNA, but that inorganic phosphate and the Dicer-2 partner protein R2D2 inhibit pre-miRNA cleavage. We show that Dicer-2 is a dsRNA-stimulated ATPase that hydrolyzes ATP to ADP; ATP hydrolysis is required for Dicer-2 to process long dsRNA, but not pre-miRNA.",NOINFO,NOINFO,0.9998112320899963,0.00012680691725108773,6.192157161422074e-05
49,7029990,ADAR1 binds to Dicer to cleave pre-miRNA.,Stress-induced apoptosis associated with null mutation of ADAR1 RNA editing deaminase gene. Three mammalian ADAR gene family members (ADAR1-3) have been identified. Here we investigated phenotypes of mice homozygous for ADAR1 null mutation.,NOINFO,NOINFO,0.9997674822807312,0.00019562810484785587,3.690129960887134e-05
49,22871664,ADAR1 binds to Dicer to cleave pre-miRNA.,"Characterization of a highly variable eutherian microRNA gene. Mouse microRNAs (miRNAs) miR-290-miR295 are encoded by a cluster of partially homologous pre-miRNA hairpins and are likely to be functionally important in embryonic stem (ES) cells and preimplantation embryos. When analyzing evolutionary and functional relationships, the organization of the entire miRNA loci should be considered in addition to the mature miRNA sequences.",NOINFO,NOINFO,0.9998923540115356,6.40172729617916e-05,4.357080615591258e-05
49,5409325,ADAR1 binds to Dicer to cleave pre-miRNA.,"Gonadotrope-specific deletion of Dicer results in severely suppressed gonadotropins and fertility defects. To test if microRNAs regulate the hormone-specific gonadotropin β subunits in vivo, we deleted Dicer in gonadotropes by a Cre-lox genetic approach. Our studies reveal that DICER-dependent microRNAs are essential for gonadotropin homeostasis and fertility in mice.",NOINFO,NOINFO,0.9998517036437988,0.00010953254241030663,3.875109905493446e-05
50,12580014,AIRE is expressed in some skin tumors.,"Keratin-dependent regulation of Aire and gene expression in skin tumor keratinocytes Expression of the intermediate filament protein keratin 17 (K17) is robustly upregulated in inflammatory skin diseases and in many tumors originating in stratified and pseudostratified epithelia. We report that autoimmune regulator (Aire), a transcriptional regulator, is inducibly expressed in human and mouse tumor keratinocytes in a K17-dependent manner and is required for timely onset of Gli2-induced skin tumorigenesis in mice.",SUPPORTS,SUPPORTS,0.00047164253192022443,0.9989144802093506,0.0006139375036582351
50,39559521,AIRE is expressed in some skin tumors.,"Control of central and peripheral tolerance by Aire. Recently, Aire protein has been detected in peripheral lymphoid organs, suggesting that peripheral Aire plays a complementary role here. In these peripheral sites, Aire was found to regulate the expression of a group of tissue-specific antigens that is distinct from those expressed in the thymus.",NOINFO,NOINFO,0.9998533725738525,0.00010804538760567084,3.860008655465208e-05
50,18488986,AIRE is expressed in some skin tumors.,"The Immune Response to Melanoma Is Limited by Thymic Selection of Self-Antigens We show that thymic expression of gp100 is under the control of AIRE, leading to increased gp100-specific CD8(+) T cell frequencies in AIRE(-/-) mice. TRP-2 (tyrosinase-related protein), on the other hand, is absent from TECs and consequently TRP-2 specific CD8(+) T cells were found in both AIRE(-/-) and AIRE(+/+) mice.",NOINFO,SUPPORTS,0.0004445150261744857,0.9982717037200928,0.0012837372487410903
50,4561402,AIRE is expressed in some skin tumors.,"Aire regulates negative selection of organ-specific T cells It is not known what tolerance mechanisms are defective as a result of AIRE mutation. By tracing the fate of autoreactive CD4+ T cells with high affinity for a pancreatic antigen in transgenic mice with an Aire mutation, we show here that Aire deficiency causes almost complete failure to delete the organ-specific cells in the thymus.",NOINFO,NOINFO,0.9997376799583435,0.00022604112746194005,3.618648770498112e-05
50,19736671,AIRE is expressed in some skin tumors.,"Evolution of metastasis revealed by mutational landscapes of chemically induced skin cancers Human tumors show a high level of genetic heterogeneity, but the processes that influence the timing and route of metastatic dissemination of the subclones are unknown. Here we have used whole-exome sequencing of 103 matched benign, malignant and metastatic skin tumors from genetically heterogeneous mice to demonstrate that most metastases disseminate synchronously from the primary tumor, supporting parallel rather than linear evolution as the predominant model of metastasis.",NOINFO,NOINFO,0.9997699856758118,0.00018850200285669416,4.148935113335028e-05
51,45638119,ALDH1 expression is associated with better breast cancer outcomes.,"ALDH1 is a marker of normal and malignant human mammary stem cells and a predictor of poor clinical outcome. Application of stem cell biology to breast cancer research has been limited by the lack of simple methods for identification and isolation of normal and malignant stem cells. In a series of 577 breast carcinomas, expression of ALDH1 detected by immunostaining correlated with poor prognosis.",REFUTES,SUPPORTS,0.000805314106401056,0.9987694621086121,0.00042520035640336573
51,13069283,ALDH1 expression is associated with better breast cancer outcomes.,"Influence of CYP2D6 Polymorphisms on Serum Levels of Tamoxifen Metabolites in Spanish Women with Breast Cancer METHODS We studied 90 women with estrogen receptor-positive breast cancer, using the AmpliChip CYP450 test to determine CYP2D6 and CYP2C19 gene variants. CYP2C19*2 allele, which has been related to breast cancer outcomes, was detected in 15.6% of the studied alleles.",NOINFO,NOINFO,0.9997859597206116,0.00017604950699023902,3.8073376344982535e-05
51,12438901,ALDH1 expression is associated with better breast cancer outcomes.,"Long-term effects of continuing adjuvant tamoxifen to 10 years versus stopping at 5 years after diagnosis of oestrogen receptor-positive breast cancer: ATLAS, a randomised trial We report effects on breast cancer outcomes among the 6846 women with ER-positive disease, and side-effects among all women (with positive, negative, or unknown ER status). The reductions in adverse breast cancer outcomes appeared to be less extreme before than after year 10 (recurrence rate ratio [RR] 0·90 [95% CI 0·79–1·02] during years 5–9 and 0·75 [0·62–0·90] in later years; breast cancer mortality RR 0·97 [0·79–1·18] during years 5–9 and 0·71 [0·58–0·88] in later years).",NOINFO,NOINFO,0.9998553991317749,0.00011125783930765465,3.34056603605859e-05
51,21874312,ALDH1 expression is associated with better breast cancer outcomes.,"Risk for breast cancer development determined by mammographic parenchymal pattern. A classification of risk for developing breast cancer has been devised based solely on the appearance of the breast parenchyma by mammography. Four groups had an incidence of developing breast cancer of 0.1, 0.4, 1.7, and 2.2.",NOINFO,NOINFO,0.9998559951782227,0.00010825690696947277,3.5699340514838696e-05
51,24341590,ALDH1 expression is associated with better breast cancer outcomes.,"Association between CYP2D6 polymorphisms and outcomes among women with early stage breast cancer treated with tamoxifen. The 1325 patients had diagnoses between 1986 and 2005 of stage I through III breast cancer and were mainly postmenopausal (95.4%). CONCLUSION Among women with breast cancer treated with tamoxifen, there was an association between CYP2D6 variation and clinical outcomes, such that the presence of 2 functional CYP2D6 alleles was associated with better clinical outcomes and the presence of nonfunctional or reduced-function alleles with worse outcomes.",NOINFO,NOINFO,0.9997079968452454,0.00025215960340574384,3.9819595258450136e-05
53,45638119,ALDH1 expression is associated with poorer prognosis in breast cancer.,"ALDH1 is a marker of normal and malignant human mammary stem cells and a predictor of poor clinical outcome. Application of stem cell biology to breast cancer research has been limited by the lack of simple methods for identification and isolation of normal and malignant stem cells. In a series of 577 breast carcinomas, expression of ALDH1 detected by immunostaining correlated with poor prognosis.",SUPPORTS,SUPPORTS,0.0007775079575367272,0.9987872242927551,0.0004352914693299681
53,25973484,ALDH1 expression is associated with poorer prognosis in breast cancer.,Breast cancer and obesity: an update. Obesity has a complicated relationship to both breast cancer risk and the clinical behavior of the established disease. Obesity has also been related to advanced disease at diagnosis and with a poor prognosis in both premenopausal and postmenopausal breast cancer.,NOINFO,NOINFO,0.9998608827590942,9.742114343680441e-05,4.173695924691856e-05
53,21874312,ALDH1 expression is associated with poorer prognosis in breast cancer.,"Risk for breast cancer development determined by mammographic parenchymal pattern. A classification of risk for developing breast cancer has been devised based solely on the appearance of the breast parenchyma by mammography. Four groups had an incidence of developing breast cancer of 0.1, 0.4, 1.7, and 2.2.",NOINFO,NOINFO,0.9998811483383179,8.187842468032613e-05,3.690549419843592e-05
53,14726759,ALDH1 expression is associated with poorer prognosis in breast cancer.,"Adult cervicocerebral artery dissection: a single-center study of 301 Finnish patients. Occlusion of the dissected artery, internal carotid artery dissection (ICAD), and recent infection in infarction patients were associated with a poorer outcome. Occlusion of the dissected artery, ICAD, and infection appear to be associated with poorer outcome.",NOINFO,NOINFO,0.9998753070831299,8.381962106795982e-05,4.085042019141838e-05
53,6421734,ALDH1 expression is associated with poorer prognosis in breast cancer.,"Characteristics of service users and provider organisations associated with experience of out of hours general practitioner care in England: population based cross sectional postal questionnaire survey. Commercial providers of out of hours GP care were associated with poorer reports of overall experience of care, with a mean difference of -3.13 (95% confidence interval -4.96 to -1.30) compared with not for profit providers. CONCLUSIONS Commercial providers of out of hours GP care were associated with poorer experience of care.",NOINFO,NOINFO,0.9994314312934875,0.00042382339597679675,0.00014476303476840258
54,49556906,AMP-activated protein kinase (AMPK) activation increases inflammation-related fibrosis in the lungs.,"Metformin reverses established lung fibrosis in a bleomycin model However, the role of AMPK in fibrosis is not well understood. These studies implicate deficient AMPK activation in non-resolving, pathologic fibrotic processes, and support a role for metformin (or other AMPK activators) to reverse established fibrosis by facilitating deactivation and apoptosis of myofibroblasts.",REFUTES,REFUTES,0.0009824924636632204,0.21382328867912292,0.7851942777633667
54,1590744,AMP-activated protein kinase (AMPK) activation increases inflammation-related fibrosis in the lungs.,"AMP-Activated Protein Kinase: An Ubiquitous Signaling Pathway With Key Roles in the Cardiovascular System The AMP-activated protein kinase (AMPK) is a key regulator of cellular and whole-body energy homeostasis, which acts to restore energy homoeostasis whenever cellular energy charge is depleted. In this review, we discuss the role of AMPK in the cardiovascular system, including the molecular basis of mutations in AMPK that alter cardiac physiology and the proposed mechanisms by which AMPK regulates vascular function under physiological and pathophysiological conditions.",NOINFO,NOINFO,0.9998366832733154,0.00011082200944656506,5.245095235295594e-05
54,9899292,AMP-activated protein kinase (AMPK) activation increases inflammation-related fibrosis in the lungs.,"Role of AMP-activated protein kinase in mechanism of metformin action. AMP-activated protein kinase (AMPK) is a major cellular regulator of lipid and glucose metabolism. Using a novel AMPK inhibitor, we find that AMPK activation is required for metformin's inhibitory effect on glucose production by hepatocytes.",NOINFO,NOINFO,0.9998359680175781,9.590838453732431e-05,6.800922710681334e-05
54,38533515,AMP-activated protein kinase (AMPK) activation increases inflammation-related fibrosis in the lungs.,"AMP-activated/SNF1 protein kinases: conserved guardians of cellular energy The SNF1/AMP-activated protein kinase (AMPK) family maintains the balance between ATP production and consumption in all eukaryotic cells. Surprisingly, recent results indicate that the AMPK system is also important in functions that go beyond the regulation of energy homeostasis, such as the maintenance of cell polarity in epithelial cells.",NOINFO,NOINFO,0.9998670816421509,8.749902917770669e-05,4.539389556157403e-05
54,3419709,AMP-activated protein kinase (AMPK) activation increases inflammation-related fibrosis in the lungs.,"Treatment of nonalcoholic fatty liver disease: role of AMPK. Over the last decade, numerous experimental compounds have been shown to improve NAFLD in preclinical animal models, and many of these therapeutics have been shown to increase the activity of the cellular energy sensor AMP-activated protein kinase (AMPK). In this review, we propose three primary mechanisms by which AMPK activation may improve NAFLD.",NOINFO,NOINFO,0.9998230338096619,0.00013738064444623888,3.959151217713952e-05
56,4709641,APOE4 expression in iPSC-derived neurons increases AlphaBeta production and tau phosphorylation causing GABA neuron degeneration.,"Gain of toxic Apolipoprotein E4 effects in Human iPSC-Derived Neurons Is Ameliorated by a Small-Molecule Structure Corrector Using human neurons derived from induced pluripotent stem cells that expressed apolipoprotein E4 (ApoE4), a variant of the APOE gene product and the major genetic risk factor for AD, we demonstrated that ApoE4-expressing neurons had higher levels of tau phosphorylation, unrelated to their increased production of amyloid-β (Aβ) peptides, and that they displayed GABAergic neuron degeneration. Neurons that lacked APOE behaved similarly to those expressing ApoE3, and the introduction of ApoE4 expression recapitulated the pathological phenotypes, suggesting a gain of toxic effects from ApoE4.",SUPPORTS,REFUTES,0.01247414667159319,0.37999656796455383,0.6075292825698853
56,22185730,APOE4 expression in iPSC-derived neurons increases AlphaBeta production and tau phosphorylation causing GABA neuron degeneration.,"PP2A regulates tau phosphorylation directly and also indirectly via activating GSK-3beta. In the present study, we showed that PP2A dephosphorylated tau at several phosphorylation sites with different efficiencies. Because the impacts of tau phosphorylation on its biological activity and on neurofibrillary degeneration are site-specific, this study provides a new insight into the role of PP2A down-regulation in neurofibrillary degeneration in AD.",NOINFO,NOINFO,0.9998400211334229,0.00011017493670806289,4.985409395885654e-05
56,11659421,APOE4 expression in iPSC-derived neurons increases AlphaBeta production and tau phosphorylation causing GABA neuron degeneration.,"Human iPSC-based modeling of late-onset disease via progerin-induced aging. We found that expression of progerin in iPSC-derived fibroblasts and neurons induces multiple aging-related markers and characteristics, including dopamine-specific phenotypes such as neuromelanin accumulation. Induced aging in PD iPSC-derived dopamine neurons revealed disease phenotypes that require both aging and genetic susceptibility, such as pronounced dendrite degeneration, progressive loss of tyrosine hydroxylase (TH) expression, and enlarged mitochondria or Lewy-body-precursor inclusions.",NOINFO,NOINFO,0.999871015548706,8.155838440870866e-05,4.738711504614912e-05
56,33986200,APOE4 expression in iPSC-derived neurons increases AlphaBeta production and tau phosphorylation causing GABA neuron degeneration.,"Layered hydrogels accelerate iPSC-derived neuronal maturation and reveal migration defects caused by MeCP2 dysfunction. Our soft 3D system mimics the brain environment and accelerates maturation of neurons from human induced pluripotent stem cell (iPSC)-derived NPCs, yielding electrophysiologically active neurons within just 3 wk. Using this platform, we revealed a genotype-specific effect of methyl-CpG-binding protein-2 (MeCP2) dysfunction on iPSC-derived neuronal migration and maturation (reduced neurite outgrowth and fewer synapses) in 3D layered hydrogels.",NOINFO,NOINFO,0.9998695850372314,8.013715705601498e-05,5.034482092014514e-05
56,13969173,APOE4 expression in iPSC-derived neurons increases AlphaBeta production and tau phosphorylation causing GABA neuron degeneration.,"Direct conversion of patient fibroblasts demonstrates non-cell autonomous toxicity of astrocytes to motor neurons in familial and sporadic ALS. Amyotrophic lateral sclerosis (ALS) causes motor neuron degeneration, paralysis, and death. We previously reported motor neuron toxicity through postmortem ALS spinal cord-derived astrocytes.",NOINFO,NOINFO,0.9998836517333984,7.557759090559557e-05,4.077105404576287e-05
57,4709641,"APOE4 expression in iPSC-derived neurons increases AlphaBeta production and tau phosphorylation, delaying GABA neuron degeneration.","Gain of toxic Apolipoprotein E4 effects in Human iPSC-Derived Neurons Is Ameliorated by a Small-Molecule Structure Corrector Using human neurons derived from induced pluripotent stem cells that expressed apolipoprotein E4 (ApoE4), a variant of the APOE gene product and the major genetic risk factor for AD, we demonstrated that ApoE4-expressing neurons had higher levels of tau phosphorylation, unrelated to their increased production of amyloid-β (Aβ) peptides, and that they displayed GABAergic neuron degeneration. Neurons that lacked APOE behaved similarly to those expressing ApoE3, and the introduction of ApoE4 expression recapitulated the pathological phenotypes, suggesting a gain of toxic effects from ApoE4.",REFUTES,SUPPORTS,0.003996227402240038,0.5033513307571411,0.4926524758338928
57,22185730,"APOE4 expression in iPSC-derived neurons increases AlphaBeta production and tau phosphorylation, delaying GABA neuron degeneration.","PP2A regulates tau phosphorylation directly and also indirectly via activating GSK-3beta. In the present study, we showed that PP2A dephosphorylated tau at several phosphorylation sites with different efficiencies. Because the impacts of tau phosphorylation on its biological activity and on neurofibrillary degeneration are site-specific, this study provides a new insight into the role of PP2A down-regulation in neurofibrillary degeneration in AD.",NOINFO,NOINFO,0.999849796295166,9.24157866393216e-05,5.783232700196095e-05
57,11659421,"APOE4 expression in iPSC-derived neurons increases AlphaBeta production and tau phosphorylation, delaying GABA neuron degeneration.","Human iPSC-based modeling of late-onset disease via progerin-induced aging. We found that expression of progerin in iPSC-derived fibroblasts and neurons induces multiple aging-related markers and characteristics, including dopamine-specific phenotypes such as neuromelanin accumulation. Induced aging in PD iPSC-derived dopamine neurons revealed disease phenotypes that require both aging and genetic susceptibility, such as pronounced dendrite degeneration, progressive loss of tyrosine hydroxylase (TH) expression, and enlarged mitochondria or Lewy-body-precursor inclusions.",NOINFO,NOINFO,0.9998835325241089,5.7384208048461005e-05,5.909025276196189e-05
57,33986200,"APOE4 expression in iPSC-derived neurons increases AlphaBeta production and tau phosphorylation, delaying GABA neuron degeneration.","Layered hydrogels accelerate iPSC-derived neuronal maturation and reveal migration defects caused by MeCP2 dysfunction. Our soft 3D system mimics the brain environment and accelerates maturation of neurons from human induced pluripotent stem cell (iPSC)-derived NPCs, yielding electrophysiologically active neurons within just 3 wk. Using this platform, we revealed a genotype-specific effect of methyl-CpG-binding protein-2 (MeCP2) dysfunction on iPSC-derived neuronal migration and maturation (reduced neurite outgrowth and fewer synapses) in 3D layered hydrogels.",NOINFO,NOINFO,0.9998847246170044,6.722017133142799e-05,4.804009586223401e-05
57,13969173,"APOE4 expression in iPSC-derived neurons increases AlphaBeta production and tau phosphorylation, delaying GABA neuron degeneration.","Direct conversion of patient fibroblasts demonstrates non-cell autonomous toxicity of astrocytes to motor neurons in familial and sporadic ALS. Amyotrophic lateral sclerosis (ALS) causes motor neuron degeneration, paralysis, and death. We previously reported motor neuron toxicity through postmortem ALS spinal cord-derived astrocytes.",NOINFO,NOINFO,0.9998886585235596,5.749668707721867e-05,5.390774458646774e-05
70,5956380,Activation of PPM1D suppresses p53 function.,Exome sequencing identifies somatic gain-of-function PPM1D mutations in brainstem gliomas PPM1D mutations were mutually exclusive with TP53 mutations in BSG and attenuated p53 activation in vitro. PPM1D mutations were truncating alterations in exon 6 that enhanced the ability of PPM1D to suppress the activation of the DNA damage response checkpoint protein CHK2.,SUPPORTS,SUPPORTS,0.0006969564128667116,0.9987911581993103,0.0005118998815305531
70,4414547,Activation of PPM1D suppresses p53 function.,"Mosaic PPM1D mutations are associated with predisposition to breast and ovarian cancer Notably, all of the identified PPM1D PTVs were mosaic in lymphocyte DNA and clustered within a 370-base-pair region in the final exon of the gene, carboxy-terminal to the phosphatase catalytic domain. Functional studies demonstrate that the mutations result in enhanced suppression of p53 in response to ionizing radiation exposure, suggesting that the mutant alleles encode hyperactive PPM1D isoforms.",SUPPORTS,SUPPORTS,0.03642740473151207,0.9629288911819458,0.0006436711410060525
70,21307488,Activation of PPM1D suppresses p53 function.,"HER-2/neu induces p53 ubiquitination via Akt-mediated MDM2 phosphorylation Moreover, many tumours with a wild-type gene for p53 do not have normal p53 function, suggesting that some oncogenic signals suppress the function of p53. In this study, we show that HER-2/neu-mediated resistance to DNA-damaging agents requires the activation of Akt, which enhances MDM2-mediated ubiquitination and degradation of p53.",NOINFO,NOINFO,0.9998177886009216,0.00014767528045922518,3.4532149584265426e-05
70,47018050,Activation of PPM1D suppresses p53 function.,CRISPR–Cas9 genome editing induces a p53-mediated DNA damage response Inhibition of p53 prevents the damage response and increases the rate of homologous recombination from a donor template. These results suggest that p53 inhibition may improve the efficiency of genome editing of untransformed cells and that p53 function should be monitored when developing cell-based therapies utilizing CRISPR–Cas9.,NOINFO,NOINFO,0.9998272061347961,9.20534148463048e-05,8.07622418506071e-05
70,7225911,Activation of PPM1D suppresses p53 function.,"The human long non-coding RNA-RoR is a p53 repressor in response to DNA damage Unlike MDM2 that causes p53 degradation through the ubiquitin-proteasome pathway, RoR suppresses p53 translation through direct interaction with the heterogeneous nuclear ribonucleoprotein I (hnRNP I). Finally, we demonstrate a RoR-p53 autoregulatory feedback loop where p53 transcriptionally induces RoR expression.",NOINFO,NOINFO,0.9998449087142944,0.00011082292621722445,4.425484439707361e-05
70,9169645,Activation of PPM1D suppresses p53 function.,"Identification of a novel p53 functional domain that is necessary for mediating apoptosis. Surprisingly, p53(Delta1-42), which lacks the N-terminal 42 amino acids and the previously defined activation domain, retains the ability to induce apoptosis to an even higher level than wild-type p53. In addition, we found that both p53(Delta1-42) and p53(Gln22-Ser23) can activate a subset of cellular p53 targets.",NOINFO,NOINFO,0.9998539686203003,6.180339551065117e-05,8.414588955929503e-05
72,6076903,Activator-inhibitor pairs are provided dorsally by Admpchordin.,Regulation of ADMP and BMP2/4/7 at Opposite Embryonic Poles Generates a Self-Regulating Morphogenetic Field It is unable to signal dorsally because of inhibition by Chordin. We conclude that dorsal and ventral BMP signals and their extracellular antagonists expressed under opposing transcriptional regulation provide a molecular mechanism for embryonic self-regulation.,NOINFO,SUPPORTS,0.11993441730737686,0.8726759552955627,0.007389646954834461
72,2533768,Activator-inhibitor pairs are provided dorsally by Admpchordin.,"Workshop: endothelial cell dysfunction leading to diabetic nephropathy : focus on nitric oxide. Gradual accumulation of advanced glycated end products and induction of plasminogen activator inhibitor-1, resulting in the decreased expression of endothelial nitric oxide synthase and reduced generation of nitric oxide, are proposed to be pathophysiologically critical for the maintenance phase of endothelial dysfunction. The proposed conceptual shift toward the role of endothelial dysfunction in diabetic complications may provide new strategies for their prevention.",NOINFO,NOINFO,0.9998438358306885,7.484015077352524e-05,8.12381986179389e-05
72,30369606,Activator-inhibitor pairs are provided dorsally by Admpchordin.,"A novel immortalized human endometrial stromal cell line with normal progestational response. Classical decidualization response to estradiol plus medroxyprogesterone acetate were seen in both morphologically, and progestin was seen to induce or regulate the expression of IGF binding protein-1, fibronectin, prolactin, tissue factor, plasminogen activator inhibitor-1, and Fas/Fas ligand. In summary, an immortalized HESC line has been developed that is karyotypically, morphologically, and phenotypically similar to the primary parent cells, and it is a powerful and consistent resource for in vitro work.",NOINFO,NOINFO,0.9997797608375549,0.00011545536108314991,0.00010471347923157737
72,11535539,Activator-inhibitor pairs are provided dorsally by Admpchordin.,"Mechanosignaling through YAP and TAZ drives fibroblast activation and fibrosis. Profibrotic effects of YAP and TAZ operate, in part, through their transcriptional target plasminogen activator inhibitor-1, which is regulated by matrix stiffness independent of transforming growth factor-β signaling. Together, these results identify YAP and TAZ as mechanoactivated coordinators of the matrix-driven feedback loop that amplifies and sustains fibrosis.",NOINFO,NOINFO,0.9998107552528381,0.00012242625234648585,6.682251114398241e-05
75,4387784,"Active H. pylori urease has a polymeric structure that compromises two subunits, UreA and UreB.",Structure of the proton-gated urea channel from the gastric pathogen Helicobacter pylori The channel is closed at neutral pH and opens at acidic pH to allow the rapid access of urea to cytoplasmic urease. The previously unobserved hexameric channel structure described here provides a new model for the permeation of urea and other small amide solutes in prokaryotes and archaea.,NOINFO,NOINFO,0.9998772144317627,3.563043719623238e-05,8.715878357179463e-05
75,13965483,"Active H. pylori urease has a polymeric structure that compromises two subunits, UreA and UreB.","Prophylactic and therapeutic efficacy of the epitope vaccine CTB-UA against Helicobacter pylori infection in a BALB/c mice model In our previous study, the epitope vaccine CTB-UA, which was composed of the mucosal adjuvant cholera toxin B subunit (CTB) and an epitope (UreA183–203) from the H. pylori urease A subunit (UreA) was constructed. This particular vaccine was shown to have good immunogenicity and immunoreactivity and could induce specific neutralizing antibodies, which exhibited effectively inhibitory effects on the enzymatic activity of H. pylori urease.",NOINFO,NOINFO,0.9998525381088257,4.637903475668281e-05,0.00010110346192959696
75,25657127,"Active H. pylori urease has a polymeric structure that compromises two subunits, UreA and UreB.","Crystal structure of the first plant urease from jack bean: 83 years of journey from its first crystal to molecular structure. It catalyzes the hydrolysis of urea into ammonia and carbon dioxide. Here, we report the crystal structure of JBU, the first plant urease structure, at 2.05 A resolution.",NOINFO,NOINFO,0.9998528957366943,4.3061492760898545e-05,0.00010410932736704126
75,36233757,"Active H. pylori urease has a polymeric structure that compromises two subunits, UreA and UreB.",Purification and activation properties of UreD-UreF-urease apoprotein complexes. These novel complexes exhibited activation properties that were distinct from urease and UreD-urease apoprotein complexes. The bicarbonate concentration dependence for UreD-UreF-urease apoenzyme activation was significantly decreased compared with that of the urease and UreD-urease apoproteins.,NOINFO,NOINFO,0.9998666048049927,3.9285125239985064e-05,9.4056231318973e-05
94,1215116,Albendazole is used to treat lymphatic filariasis.,"“Rapid-Impact Interventions”: How a Policy of Integrated Control for Africa's Neglected Tropical Diseases Could Benefit the Poor These achievements include the substantive reductions in the prevalence and incidence of the so-called neglected diseases such as lymphatic filariasis, onchocerciasis, guinea worm, leprosy, and trachoma (Box 1) [2]. Common Features of the Neglected Tropical Diseases          Ancient afflictions that have burdened humanity for centuries      Poverty-promoting conditions      Associated with stigma      Rural areas of low-income countries and fragile states      No commercial markets for products that target these diseases      Interventions, when applied, have a history of success",NOINFO,NOINFO,0.9996261596679688,0.0002965126186609268,7.734994142083451e-05
94,46926352,Albendazole is used to treat lymphatic filariasis.,"Dendritic cells, T cells and lymphatics: dialogues in migration and beyond. Leuyte trafficking into and within lymph vessels is mediated by an interply with lymphatic endothelial cells (LECs). However, lymphatic vessels are much more than mere conduits for fluid and immune cell transport.",NOINFO,NOINFO,0.9997798800468445,0.00017230649245902896,4.784778138855472e-05
94,3896759,Albendazole is used to treat lymphatic filariasis.,"Vascular heterogeneity and specialization in development and disease Blood and lymphatic vessels pervade almost all body tissues and have numerous essential roles in physiology and disease. Whereas the general mechanisms of blood and lymphatic vessel development are being defined with increasing molecular precision, studies of the processes of endothelial specialization remain mostly descriptive.",NOINFO,NOINFO,0.9993322491645813,0.0005111778737045825,0.0001565106213092804
94,17327939,Albendazole is used to treat lymphatic filariasis.,"Exploiting lymphatic transport and complement activation in nanoparticle vaccines Here we investigate whether nanoparticles can be used as a vaccine platform by targeting lymph node–residing dendritic cells via interstitial flow and activating these cells by in situ complement activation. After intradermal injection, interstitial flow transported ultra-small nanoparticles (25 nm) highly efficiently into lymphatic capillaries and their draining lymph nodes, targeting half of the lymph node–residing dendritic cells, whereas 100-nm nanoparticles were only 10% as efficient.",NOINFO,NOINFO,0.999603807926178,0.00033598527079448104,6.012130688759498e-05
99,18810195,Alizarin forms hydrogen bonds with residues involved in PGAM1 substrate binding.,Tyr26 phosphorylation of PGAM1 provides a metabolic advantage to tumours by stabilizing the active conformation We recently reported that the glycolytic enzyme phosphoglycerate mutase 1 (PGAM1) regulates anabolic biosynthesis by controlling intracellular levels of its substrate 3-phosphoglycerate and product 2-phosphoglycerate. We also report the crystal structure of H11-phosphorylated PGAM1 and find that phospho-H11 activates PGAM1 at least in part by promoting substrate 3-phosphoglycerate binding.,NOINFO,NOINFO,0.9997696280479431,0.00019184473785571754,3.844637831207365e-05
99,20649327,Alizarin forms hydrogen bonds with residues involved in PGAM1 substrate binding.,"A sequential model for peptide binding and transport by the transporters associated with antigen processing. We have developed an overexpression system in which binding of peptides to the TAP substrate-binding site and peptide transport by TAP can be quantified separately. Efficiency of peptide accumulation in the ER parallels affinity for the TAP substrate-binding site, but can be modified by interaction with the glycosylation system within the ER and, probably, peptide efflux.",NOINFO,NOINFO,0.999845027923584,0.00010804448538692668,4.701712168753147e-05
99,56391045,Alizarin forms hydrogen bonds with residues involved in PGAM1 substrate binding.,"DIASPORA BONDS: TAPPING THE DIASPORA DURING DIFFICULT TIMES For diaspora investors, these bonds offer the opportunity to help their country of origin while also providing an investment opportunity. The potential for diaspora bonds is significant for many countries with large diasporas abroad.",NOINFO,NOINFO,0.9998762607574463,8.698864257894456e-05,3.676143387565389e-05
99,6422576,Alizarin forms hydrogen bonds with residues involved in PGAM1 substrate binding.,"Ubiquitin-dependent protein degradation. Following attachment of ubiquitin to a substrate and binding of the ubiquitinated protein to the proteasome, the bound substrate must be unfolded (and eventually deubiquitinated) and translocated through a narrow set of channels that leads to the proteasome interior, where the polypeptide is cleaved into short peptides. This diversity underlies both the high substrate specificity of the ubiquitin system and the variety of regulatory mechanisms that it serves.",NOINFO,NOINFO,0.9998849630355835,7.484322850359604e-05,4.0217481000581756e-05
100,4381486,All hematopoietic stem cells segregate their chromosomes randomly.,Haematopoietic stem cells do not asymmetrically segregate chromosomes or retain BrdU Stem cells are proposed to segregate chromosomes asymmetrically during self-renewing divisions so that older (‘immortal’) DNA strands are retained in daughter stem cells whereas newly synthesized strands segregate to differentiating cells. Sequential administration of 5-chloro-2-deoxyuridine and 5-iodo-2-deoxyuridine indicated that all HSCs segregate their chromosomes randomly.,SUPPORTS,SUPPORTS,0.0004242406866978854,0.99846351146698,0.0011122811120003462
100,34982259,All hematopoietic stem cells segregate their chromosomes randomly.,"Of lineage and legacy: the development of mammalian hematopoietic stem cells Of particular interest in the field of developmental hematopoiesis is the origin of adult bone marrow hematopoietic stem cells. Interest is also focused on developmental signals that induce the adult hematopoietic stem cell program, as these may prove useful for generating and expanding these clinically important cell populations ex vivo.",NOINFO,NOINFO,0.9998051524162292,8.869801968103275e-05,0.00010615762585075572
100,25516011,All hematopoietic stem cells segregate their chromosomes randomly.,"Purification and characterization of mouse hematopoietic stem cells. Mouse bone marrow hematopoietic stem cells were isolated with the use of a variety of phenotypic markers. These cells can proliferate and differentiate with approximately unit efficiency into myelomonocytic cells, B cells, or T cells.",NOINFO,NOINFO,0.999799907207489,0.0001339332666248083,6.617241160711274e-05
100,92499,All hematopoietic stem cells segregate their chromosomes randomly.,The journey of developing hematopoietic stem cells. Hematopoietic stem cells (HSCs) develop during embryogenesis in a complex process that involves multiple anatomical sites. These processes have to be recapitulated to generate HSCs from embryonic stem cells.,NOINFO,NOINFO,0.9997833371162415,0.00012680338113568723,8.99170627235435e-05
100,40234452,All hematopoietic stem cells segregate their chromosomes randomly.,"HES-1 preserves purified hematopoietic stem cells ex vivo and accumulates side population cells in vivo. Mouse long-term hematopoietic reconstituting cells exist in the c-Kit+Sca-1+Lin- (KSL) cell population; among them, CD34(low/-) cells represent the most highly purified population of hematopoietic stem cells in the adult bone marrow. Up-regulation of HES-1 protein in the 34-KSL population before unnecessary cell division, that is, without retrovirus transduction, may represent a potent approach to absolute expansion of hematopoietic stem cells.",NOINFO,NOINFO,0.9998732805252075,6.96246133884415e-05,5.704837167286314e-05
113,6157837,Angiotensin converting enzyme inhibitors are associated with increased risk for functional renal insufficiency.,"Renal considerations in angiotensin converting enzyme inhibitor therapy: a statement for healthcare professionals from the Council on the Kidney in Cardiovascular Disease and the Council for High Blood Pressure Research of the American Heart Association. Angiotensin converting enzyme (ACE) inhibitors are now one of the most frequently used classes of antihypertensive drugs. Although ACE inhibitor therapy usually improves renal blood flow (RBF) and sodium excretion rates in CHF and reduces the rate of progressive renal injury in chronic renal disease, its use can also be associated with a syndrome of “functional renal insufficiency” and/or hyperkalemia.",SUPPORTS,SUPPORTS,0.0006610071868635714,0.9985677003860474,0.0007712878286838531
113,1759213,Angiotensin converting enzyme inhibitors are associated with increased risk for functional renal insufficiency.,"The effect of combination treatment with aliskiren and blockers of the renin-angiotensin system on hyperkalaemia and acute kidney injury: systematic review and meta-analysis Combination therapy with aliskiren and angiotensin converting enzyme inhibitors or angiotensin receptor blockers significantly increased the risk of hyperkalaemia compared with monotherapy using angiotensin converting enzymes or angiotensin receptor blockers (relative risk 1.58, 95% confidence interval 1.24 to 2.02) or aliskiren alone (1.67, 1.01 to 2.79). CONCLUSION Use of aliskerin in combination with angiotensin converting enzyme inhibitors or angiotensin receptor blockers is associated with an increased risk for hyperkalaemia.",NOINFO,NOINFO,0.9340804219245911,0.06564681231975555,0.00027277463232167065
113,14584755,Angiotensin converting enzyme inhibitors are associated with increased risk for functional renal insufficiency.,"Differences in the Clinical Effects of Angiotensin-Converting Enzyme Inhibitors and Angiotensin Receptor Blockers: A Critical Review of the Evidence Although both angiotensin-converting enzyme (ACE) inhibitors and angiotensin receptor antagonists (angiotensin receptor blockers; ARBs) are equally important in the treatment of hypertension, according to the results of recent years, there might be substantial differences in their cardiovascular protective effects, and these differences might be explained by our increasing knowledge of their non-overlapping mechanisms of action. ACE inhibitors are the safe therapeutic opportunity for hypertensive patients at high risk, with a cardiological comorbidity.",NOINFO,NOINFO,0.9998515844345093,8.76687336130999e-05,6.0726353694917634e-05
113,26199970,Angiotensin converting enzyme inhibitors are associated with increased risk for functional renal insufficiency.,Blockade of the angiotensin system improves mental health domain of quality of life: A meta-analysis of randomized clinical trials Our objective was to determine the impact of angiotensin converting enzyme inhibitors and angiotensin II type 1 receptor (AT1R) blockers on mental health domain of quality of life. Study selection: Randomized controlled trials comparing any angiotensin converting enzyme inhibitor or AT1R blocker versus placebo or non-angiotensin converting enzyme inhibitor or non-AT1R blocker were selected.,NOINFO,NOINFO,0.9998224377632141,0.0001323758770013228,4.5126678742235526e-05
113,356218,Angiotensin converting enzyme inhibitors are associated with increased risk for functional renal insufficiency.,"Outcome of pregnancy in women with moderate or severe renal insufficiency. Eight of these pregnancies (10 percent of the total) were associated with rapid acceleration of maternal renal insufficiency. CONCLUSIONS Among pregnant women with moderate or severe renal insufficiency, the rates of complications due to worsening renal function, hypertension, and obstetrical complications are increased, but fetal survival is high.",NOINFO,NOINFO,0.999679684638977,0.00027370889438316226,4.664351945393719e-05
115,33872649,Anthrax spores can be disposed of easily after they are dispersed.,"Secondary aerosolization of viable Bacillus anthracis spores in a contaminated US Senate Office. CONTEXT Bioterrorist attacks involving letters and mail-handling systems in Washington, DC, resulted in Bacillus anthracis (anthrax) spore contamination in the Hart Senate Office Building and other facilities in the US Capitol's vicinity. OBJECTIVE To provide information about the nature and extent of indoor secondary aerosolization of B anthracis spores.",REFUTES,NOINFO,0.9977686405181885,0.0021603440400213003,7.09869054844603e-05
115,2140513,Anthrax spores can be disposed of easily after they are dispersed.,"Pleiotropy as a mechanism to stabilize cooperation A spectacular act of cooperation occurs in the social amoeba Dictyostelium discoideum, in which some cells die to form a stalk that holds the other cells aloft as reproductive spores. However, we find that in aggregations containing the wild-type cells, lack of the dimA gene results in exclusion from spores.",NOINFO,NOINFO,0.9998840093612671,5.806066110380925e-05,5.794737080577761e-05
115,1631583,Anthrax spores can be disposed of easily after they are dispersed.,"Getting started with yeast. Publisher Summary The yeast Saccharomyces cerevisiae is now recognized as a model system representing a simple eukaryote whose genome can be easily manipulated. Some of the properties that make yeast particularly suitable for biological studies include rapid growth, dispersed cells, the ease of replica plating and mutant isolation, a well-defined genetic system, and most important, a highly versatile DNA transformation system.",NOINFO,NOINFO,0.9997307658195496,0.00017229802324436605,9.683938696980476e-05
115,19756935,Anthrax spores can be disposed of easily after they are dispersed.,"A simple two-step protocol for the purification of human pancreatic beta cells PSA-NCAM staining in dispersed cells revealed that the marker is expressed in all endocrine cell types, but not in duct cells. Purification of dispersed islet cells using PSA-NCAM microbeads alone did not completely eliminate contaminating duct cells.",NOINFO,NOINFO,0.9998028874397278,0.00013872601266484708,5.839711957378313e-05
115,20101846,Anthrax spores can be disposed of easily after they are dispersed.,"Homogeneously dispersed multimetal oxygen-evolving catalysts The catalyst shows no evidence of degradation after more than 500 hours of operation. X-ray absorption and computational studies reveal a synergistic interplay between tungsten, iron, and cobalt in producing a favorable local coordination environment and electronic structure that enhance the energetics for OER.",NOINFO,NOINFO,0.9997641444206238,0.00017433485481888056,6.15569151705131e-05
118,6372244,Antibiotic induced alterations in the gut microbiome reduce resistance against Clostridium difficile,"Antibiotic-induced shifts in the mouse gut microbiome and metabolome increase susceptibility to Clostridium difficile infection Antibiotics can have significant and long-lasting effects on the gastrointestinal tract microbiota, reducing colonization resistance against pathogens including Clostridium difficile. Our results indicate that antibiotic-mediated alteration of the gut microbiome converts the global metabolic profile to one that favours C. difficile germination and growth.",SUPPORTS,SUPPORTS,0.0025154317263513803,0.6879887580871582,0.3094957768917084
118,4465735,Antibiotic induced alterations in the gut microbiome reduce resistance against Clostridium difficile,"Precision microbiome reconstitution restores bile acid mediated resistance to Clostridium difficile Among these, Clostridium difficile, a major cause of antibiotic-induced diarrhoea, greatly increases morbidity and mortality in hospitalized patients. Using these platforms, we determine that Clostridium scindens, a bile acid 7α-dehydroxylating intestinal bacterium, is associated with resistance to C. difficile infection and, upon administration, enhances resistance to infection in a secondary bile acid dependent fashion.",NOINFO,REFUTES,0.0010994442272931337,0.0003265858395025134,0.998573899269104
118,13714201,Antibiotic induced alterations in the gut microbiome reduce resistance against Clostridium difficile,Gut microbial diversity is associated with lower arterial stiffness in women We linearly combined the PWV-associated gut microbiome-derived variables and found that microbiome factors explained 8.3% (95% confidence interval 4.3-12.4%) of the variance in PWV. The effect of gut microbiome composition on PWV is only minimally mediated by MetS. This first human observation linking the gut microbiome to arterial stiffness suggests that targeting the microbiome may be a way to treat arterial ageing.,NOINFO,NOINFO,0.9998517036437988,6.0607868363149464e-05,8.766874088905752e-05
118,15578265,Antibiotic induced alterations in the gut microbiome reduce resistance against Clostridium difficile,"A model for the role of gut bacteria in the development of autoimmunity for type 1 diabetes Several lines of evidence suggest a role for the gut microbiome in type 1 diabetes. Beyond this, recent DNA methylation analyses suggest that a thorough epigenetic analysis of the gut microbiome may be warranted.",NOINFO,NOINFO,0.999842643737793,6.867709453217685e-05,8.870135206962004e-05
118,4492358,Antibiotic induced alterations in the gut microbiome reduce resistance against Clostridium difficile,"Succession of microbial consortia in the developing infant gut microbiome. The colonization process of the infant gut microbiome has been called chaotic, but this view could reflect insufficient documentation of the factors affecting the microbiome. We performed a 2.5-y case study of the assembly of the human infant gut microbiome, to relate life events to microbiome composition and function.",NOINFO,NOINFO,0.9998946189880371,5.390806472860277e-05,5.154000609763898e-05
124,4883040,Antiretroviral therapy reduces rates of tuberculosis across a broad range of CD4 strata.,Antiretroviral Therapy for Prevention of Tuberculosis in Adults with HIV: A Systematic Review and Meta-Analysis Antiretroviral therapy has substantial potential to prevent HIV-associated tuberculosis. CONCLUSIONS Antiretroviral therapy is strongly associated with a reduction in the incidence of tuberculosis across all CD4 count strata.,SUPPORTS,REFUTES,0.000381410209229216,0.021403523162007332,0.9782150983810425
124,7111021,Antiretroviral therapy reduces rates of tuberculosis across a broad range of CD4 strata.,Integration of antiretroviral therapy with tuberculosis treatment. BACKGROUND We previously reported that integrating antiretroviral therapy (ART) with tuberculosis treatment reduces mortality. Deferral of the initiation of ART to the first 4 weeks of the continuation phase of tuberculosis therapy in those with higher CD4+ T-cell counts reduced the risks of IRIS and other adverse events related to ART without increasing the risk of AIDS or death.,NOINFO,NOINFO,0.9995726943016052,0.00032627463224343956,0.0001010751657304354
124,31363207,Antiretroviral therapy reduces rates of tuberculosis across a broad range of CD4 strata.,"Treatment of active tuberculosis in HIV-coinfected patients: a systematic review and meta-analysis. METHODS A systematic review and meta-analysis of randomized, controlled trials and cohort studies was conducted to evaluate the impact of duration and dosing schedule of rifamycin and use of antiretroviral therapy in the treatment of active tuberculosis in HIV-positive patients. There were trends toward higher relapse rates if rifamycins were used for only 6 months, compared with > or =8 months, or if antiretroviral therapy was not used.",NOINFO,NOINFO,0.9994113445281982,0.00011496287334011868,0.00047372400877065957
124,32012666,Antiretroviral therapy reduces rates of tuberculosis across a broad range of CD4 strata.,"Declining tuberculosis notification trend associated with strengthened TB and expanded HIV care in Swaziland. This retrospective observational review documents the efforts of the Swaziland National Tuberculosis (TB) Control Programme between 2004 and 2014. The review of policies and practices shows the most influential factors associated with the decrease in TB case notification to be an increase in access to antiretroviral therapy for co-infected TB patients, the general success of TB and human immunodeficiency virus service integration in the country and improvements in implementation of all components of directly observed treatment, active case finding, and rapid diagnosis using new technologies.",NOINFO,NOINFO,0.9997755885124207,5.9897207393078133e-05,0.0001644152944209054
124,35087728,Antiretroviral therapy reduces rates of tuberculosis across a broad range of CD4 strata.,"Measuring adherence to highly active antiretroviral therapy: implications for research and practice. Highly active antiretroviral therapy (HAART) has radically changed the course of HIV disease, producing substantial reductions in both HIV-related morbidity and mortality. Given the individual and public health concerns associated with adherence to HAART, there is a need for the continued development and validation of measures of medication adherence.",NOINFO,NOINFO,0.9998733997344971,6.81447345414199e-05,5.8401241403771564e-05
127,21598000,Arginine 90 in p150n is important for interaction with EB1.,"Structural basis for the activation of microtubule assembly by the EB1 and p150Glued complex. Moreover, removal of the key flexible tail from EB1 activates microtubule assembly by EB1 alone, suggesting that the flexible tail negatively regulates EB1 activity. We, therefore, propose that EB1 possesses an auto-inhibited conformation, which is relieved by p150Glued as an allosteric activator.",NOINFO,NOINFO,0.9995682835578918,0.00034596191835589707,8.578100096201524e-05
127,293661,Arginine 90 in p150n is important for interaction with EB1.,Targeting arginine metabolism pathway to treat arginine-dependent cancers. Arginine is a semi-essential amino acid because normal cells can not only synthesize arginine de novo but also take up extracellular arginine. Arginine deprivation demonstrated promising efficacy against arginine-auxotrophic tumors.,NOINFO,NOINFO,0.9998650550842285,8.784131205175072e-05,4.71099883725401e-05
127,35231675,Arginine 90 in p150n is important for interaction with EB1.,"CLIP-170 interacts with dynactin complex and the APC-binding protein EB1 by different mechanisms. In contrast, the CLIP-170/EB1 interaction requires neither metal binding motif. We find that CLIP-170 mutants alter p150(Glued) localization without affecting EB1, indicating that EB1 can target microtubule plus ends independently of dynactin.",NOINFO,NOINFO,0.9988921284675598,0.0009858495322987437,0.00012207510008011013
127,38623601,Arginine 90 in p150n is important for interaction with EB1.,"Arginine Starvation Impairs Mitochondrial Respiratory Function in ASS1-Deficient Breast Cancer Cells Argininosuccinate synthetase 1 (ASS1) is a key enzyme in arginine biosynthesis, and its abundance is reduced in many solid tumors, making them sensitive to external arginine depletion. We demonstrated that prolonged arginine starvation by exposure to ADI-PEG20 (pegylated arginine deiminase) induced autophagy-dependent death of ASS1-deficient breast cancer cells, because these cells are arginine auxotrophs (dependent on uptake of extracellular arginine).",NOINFO,NOINFO,0.9998610019683838,8.480644464725628e-05,5.4117241234052926e-05
128,8290953,Arterioles have a larger lumen diameter than venules.,"Scaffold-based three-dimensional human fibroblast culture provides a structural matrix that supports angiogenesis in infarcted heart tissue. Fourteen and 30 days after surgery, the damaged myocardium receiving viable 3DFC exhibited a significantly greater angiogenic response (including arterioles, venules, and capillaries) than nonviable and untreated control groups. Therefore, a potential use for 3DFC is the repair of myocardial tissue damaged by infarction.",NOINFO,NOINFO,0.9995367527008057,0.000405644386773929,5.770140705863014e-05
128,23513718,Arterioles have a larger lumen diameter than venules.,"Role of soluble guanylate cyclase in dilator responses of the cerebral microcirculation. Diameters of cerebral arterioles (baseline diameter=94+/-5 micrometers, mean+/-S.E.) were measured using a closed cranial window in anesthetized rabbits. These findings indicate that sGC is functionally important in cerebral arterioles.",NOINFO,NOINFO,0.9997743964195251,0.00017639165162108839,4.9270038289250806e-05
128,1122279,Arterioles have a larger lumen diameter than venules.,"Endothelium-mediated relaxation of porcine collateral-dependent arterioles is improved by exercise training. After completion of EX or SED programs, coronary arterioles ( approximately 100 microm in diameter) were isolated from collateral-dependent LCx (distal to occlusion) and nonoccluded left anterior descending coronary artery (LAD) regions of each heart. After training, ecNOS mRNA expression was not different between LAD and LCx arterioles.",NOINFO,NOINFO,0.999852180480957,9.169682743959129e-05,5.616273119812831e-05
128,79447,Arterioles have a larger lumen diameter than venules.,"Arteriolar function in visceral adipose tissue is impaired in human obesity. We assessed vasomotor function of the adipose microvasculature using videomicroscopy of small arterioles (75-250 μm) isolated from different fat compartments. Endothelium-dependent, acetylcholine-mediated vasodilation was severely impaired in visceral arterioles, compared to the subcutaneous depot (P<0.001 by ANOVA).",NOINFO,NOINFO,0.9998432397842407,9.992464038077742e-05,5.682425035047345e-05
129,27768226,Articles published in open access format are less likely to be cited than traditional journals.,"Open Access Increases Citation Rate Since most open-access journals are new, comparisons of the effects of open access with established subscription-based journals are easily confounded by age and reputation. Given that PNAS delays open access for only six months, the disparity between OA and non-OA articles in journals where the delay is longer or where articles remain “toll-access” is likely to be even greater.",REFUTES,REFUTES,0.0045889513567090034,0.000594926648773253,0.99481600522995
129,2107238,Articles published in open access format are less likely to be cited than traditional journals.,"The Sequence Alignment/Map format and SAMtools SUMMARY The Sequence Alignment/Map (SAM) format is a generic alignment format for storing read alignments against reference sequences, supporting short and long reads (up to 128 Mbp) produced by different sequencing platforms. It is flexible in style, compact in size, efficient in random access and is the format in which alignments from the 1000 Genomes Project are released.",NOINFO,NOINFO,0.9998539686203003,4.4952168536838144e-05,0.00010110360744874924
129,10577574,Articles published in open access format are less likely to be cited than traditional journals.,"The impact of open versus closed format ICU admission practices on the outcome of high risk surgical patients: a cohort analysis RESULTS Mortality of ICU patients was 25.7% in the open format group and 15.8% in the closed format group (p = 0.01). Our results suggest that closed format is a more favourable setting than open format to minimize the effects of high risk surgery, and to warrant safe outcome in this patient group.",NOINFO,NOINFO,0.9998049139976501,5.9085607063025236e-05,0.0001360430906061083
129,4857085,Articles published in open access format are less likely to be cited than traditional journals.,"Open Babel: An open chemical toolbox While standard interchange formats exist (for example, Chemical Markup Language) and de facto standards have arisen (for example, SMILES format) We detail the implementation of Open Babel, describe key advances in the 2.3 release, and outline a variety of uses both in terms of software products and scientific research, including applications far beyond simple format interconversion.",NOINFO,NOINFO,0.9998786449432373,4.3911932152695954e-05,7.752073724986985e-05
129,40935722,Articles published in open access format are less likely to be cited than traditional journals.,"Systemic biomarkers in exacerbations of COPD: the evolving clinical challenge. METHODS An online search for articles published until December 2010 was conducted using three terms for ECOPD, five terms for biomarkers, and five terms for the sampling method. , no single biomarker has been able to gain wide acceptance, but some provide clinically useful information.",NOINFO,NOINFO,0.9997870326042175,5.966436947346665e-05,0.00015325366985052824
130,27768226,Articles published in open access format are more likely to be cited than traditional journals.,"Open Access Increases Citation Rate Since most open-access journals are new, comparisons of the effects of open access with established subscription-based journals are easily confounded by age and reputation. Given that PNAS delays open access for only six months, the disparity between OA and non-OA articles in journals where the delay is longer or where articles remain “toll-access” is likely to be even greater.",SUPPORTS,SUPPORTS,0.009067430160939693,0.989856481552124,0.0010760976001620293
130,2107238,Articles published in open access format are more likely to be cited than traditional journals.,"The Sequence Alignment/Map format and SAMtools SUMMARY The Sequence Alignment/Map (SAM) format is a generic alignment format for storing read alignments against reference sequences, supporting short and long reads (up to 128 Mbp) produced by different sequencing platforms. It is flexible in style, compact in size, efficient in random access and is the format in which alignments from the 1000 Genomes Project are released.",NOINFO,NOINFO,0.9998729228973389,7.874106813687831e-05,4.822754635824822e-05
130,10577574,Articles published in open access format are more likely to be cited than traditional journals.,"The impact of open versus closed format ICU admission practices on the outcome of high risk surgical patients: a cohort analysis RESULTS Mortality of ICU patients was 25.7% in the open format group and 15.8% in the closed format group (p = 0.01). Our results suggest that closed format is a more favourable setting than open format to minimize the effects of high risk surgery, and to warrant safe outcome in this patient group.",NOINFO,NOINFO,0.9998304843902588,0.00011278656893409789,5.6712648074608296e-05
130,4857085,Articles published in open access format are more likely to be cited than traditional journals.,"Open Babel: An open chemical toolbox While standard interchange formats exist (for example, Chemical Markup Language) and de facto standards have arisen (for example, SMILES format) We detail the implementation of Open Babel, describe key advances in the 2.3 release, and outline a variety of uses both in terms of software products and scientific research, including applications far beyond simple format interconversion.",NOINFO,NOINFO,0.9998824596405029,7.282427395693958e-05,4.4690816139336675e-05
130,40935722,Articles published in open access format are more likely to be cited than traditional journals.,"Systemic biomarkers in exacerbations of COPD: the evolving clinical challenge. METHODS An online search for articles published until December 2010 was conducted using three terms for ECOPD, five terms for biomarkers, and five terms for the sampling method. , no single biomarker has been able to gain wide acceptance, but some provide clinically useful information.",NOINFO,NOINFO,0.9998363256454468,0.00010110182483913377,6.253080937312916e-05
132,7975937,Aspirin inhibits the production of PGE2.,"Cyclooxygenase-Dependent Tumor Growth through Evasion of Immunity Here, we show that the growth of tumors formed by mutant Braf(V600E) mouse melanoma cells in an immunocompetent host requires their production of prostaglandin E2, which suppresses immunity and fuels tumor-promoting inflammation. Pre-clinical data demonstrate that inhibition of COX synergizes with anti-PD-1 blockade in inducing eradication of tumors, implying that COX inhibitors could be useful adjuvants for immune-based therapies in cancer patients.",NOINFO,NOINFO,0.9994304776191711,0.0005213111871853471,4.811214603250846e-05
132,21181273,Aspirin inhibits the production of PGE2.,"15-Hydroxyprostaglandin dehydrogenase is down-regulated in colorectal cancer. Although steady-state tissue levels of PGE2 stem from relative rates of biosynthesis and breakdown, most reports examining PGE2 have focused solely on the cyclooxygenase-dependent formation of this bioactive lipid. Enzymatic activity of 15-PGDH correlates with expression levels and the genetic disruption of 15-Pgdh completely blocks production of the urinary PGE2 metabolite.",NOINFO,NOINFO,0.9998621940612793,9.31417744141072e-05,4.468991028261371e-05
132,6945691,Aspirin inhibits the production of PGE2.,"The modulation of human natural killer cell activity by prostaglandins. Significant suppression was observed at 10(-8) M PGE2 with 4 different targets and at effector:target ratios varying from 50:1 to 12.5:1. To assess whether the suppressive effect of PGE2 was directed at the effector and/or target cell, K562 cells or effector cells were pretreated with PGE2.",NOINFO,NOINFO,0.9998248219490051,0.00012484265607781708,5.0440983613952994e-05
132,58006489,Aspirin inhibits the production of PGE2.,"Prostaglandin E2 mediates sensory nerve regulation of bone homeostasis Here we found prostaglandin E2 (PGE2) secreted by osteoblastic cells activates PGE2 receptor 4 (EP4) in sensory nerves to regulate bone formation by inhibiting sympathetic activity through the central nervous system. Thus, we show that PGE2 mediates sensory nerve to control bone homeostasis and promote regeneration.",NOINFO,NOINFO,0.9997596144676208,0.0001925936812767759,4.7846813686192036e-05
133,16280642,"Assembly of invadopodia is triggered by focal generation of phosphatidylinositol-3,4-biphosphate and the activation of the nonreceptor tyrosine kinase Src.","Sequential signals toward podosome formation in NIH-src cells Podosomes (also termed invadopodia in cancer cells) are actin-rich adhesion structures with matrix degradation activity that develop in various cell types. Live-cell imaging analysis revealed that Src-expression stimulated podosome formation at focal adhesions of NIH3T3 cells after PtdIns(3,4)P2 accumulation.",SUPPORTS,NOINFO,0.9967970252037048,0.0031295064836740494,7.345532503677532e-05
133,38485364,"Assembly of invadopodia is triggered by focal generation of phosphatidylinositol-3,4-biphosphate and the activation of the nonreceptor tyrosine kinase Src.","The adaptor protein Tks5/Fish is required for podosome formation and function, and for the protease-driven invasion of cancer cells. We generated Src-transformed cells with reduced Tks5/Fish levels. Finally, coexpression of Tks5/Fish and Src in epithelial cells resulted in the appearance of podosomes.",NOINFO,NOINFO,0.9996843338012695,0.00027105025947093964,4.468195766094141e-05
133,6969753,"Assembly of invadopodia is triggered by focal generation of phosphatidylinositol-3,4-biphosphate and the activation of the nonreceptor tyrosine kinase Src.","Dynamic interactions of cortactin and membrane type 1 matrix metalloproteinase at invadopodia: defining the stages of invadopodia formation and function. Little is known about the formation, function, and regulation of invadopodia. The inhibition of invadopodial structure assembly by cortactin depletion resulted in a block of matrix degradation due to failure of invadopodia formation.",NOINFO,NOINFO,0.9998108744621277,0.00015147181693464518,3.7630743463523686e-05
133,17934082,"Assembly of invadopodia is triggered by focal generation of phosphatidylinositol-3,4-biphosphate and the activation of the nonreceptor tyrosine kinase Src.","Membrane lipids in invadopodia and podosomes: Key structures for cancer invasion and metastasis Invadopodia are extracellular matrix (ECM)-degrading protrusions formed by invasive cancer cells. However, it remains largely unknown how these components are assembled into invadopodia/podosomes and how the assembly process is spatially and temporally regulated.",NOINFO,NOINFO,0.9995346069335938,0.00042635801946744323,3.911897147190757e-05
133,12640810,"Assembly of invadopodia is triggered by focal generation of phosphatidylinositol-3,4-biphosphate and the activation of the nonreceptor tyrosine kinase Src.",Cortactin regulates cofilin and N-WASp activities to control the stages of invadopodium assembly and maturation Invadopodia are matrix-degrading membrane protrusions in invasive carcinoma cells. We have dissected the stages of invadopodium assembly and maturation and show that invadopodia use cortactin phosphorylation as a master switch during these processes.,NOINFO,NOINFO,0.9996219873428345,0.000342283834470436,3.5760760511038825e-05
137,26016929,Asymptomatic visual impairment screening in elderly populations does not lead to improved vision.,"Effectiveness of screening older people for impaired vision in community setting: systematic review of evidence from randomised controlled trials. MAIN OUTCOME MEASURE Proportions with visual impairment in intervention and control groups with any method of assessing visual impairment. All the trials used self reported measures for vision impairment, both as screening tools and as outcome measures.",SUPPORTS,REFUTES,0.00016859016614034772,0.00037112284917384386,0.9994602799415588
137,10536636,Asymptomatic visual impairment screening in elderly populations does not lead to improved vision.,"Prevalence and Causes of Blindness and Low Vision in Southern Sudan Background Blindness and low vision are thought to be common in southern Sudan. We aimed to estimate the prevalence of blindness and low vision, identify the main causes of blindness and low vision, and estimate targets for blindness prevention programs in Mankien payam (district), southern Sudan.",NOINFO,NOINFO,0.9998383522033691,6.774425128242001e-05,9.38700613914989e-05
137,457630,Asymptomatic visual impairment screening in elderly populations does not lead to improved vision.,"Variations and Trends in Health Burden of Visual Impairment Due to Cataract: A Global Analysis. Results The global DALY numbers of cataract vision loss increased by 89.42%, from 2048.18 (95%CI [confidence interval]: 1457.60-2761.80) thousands in 1990 to 3879.74 (95% CI: 2766.07-5232.43) thousands in 2015 (P < 0.001). Conclusions The global health burden of vision loss due to cataract increased between 1990 and 2015 despite considerable efforts from the World Health Organization and VISION 2020 initiatives.",NOINFO,NOINFO,0.9997658133506775,9.459941793465987e-05,0.00013953607412986457
137,21274919,Asymptomatic visual impairment screening in elderly populations does not lead to improved vision.,"The association between common physical impairments and dementia in low and middle income countries, and, among people with dementia, their association with cognitive function and disability. A 10/66 Dementia Research Group population-based study. Among people with dementia, incontinence, hearing impairment and mobility impairment were independently associated with disability in all regions while the contributions of pain, visual impairment and undernutrition were inconsistent. Only hearing impairment made a notable independent contribution to cognitive impairment.",NOINFO,NOINFO,0.9998459815979004,5.6052798754535615e-05,9.79921969701536e-05
137,10893238,Asymptomatic visual impairment screening in elderly populations does not lead to improved vision.,"Identifying common impairments in frail and dependent older people: validation of the COPE assessment for non-specialised health workers in low resource primary health care settings The COPE (Caring for Older PEople) multidimensional assessment tool is designed to help community health workers (CHWs) identify clinically significant impairments and deliver evidence-based interventions   METHODS Older people (n = 150) identified by CHWs as frail or dependent, were assessed at home by the CHW using the structured COPE assessment tool, generating information on impairments in nutrition, mobility, vision, hearing, continence, cognition, mood and behaviour. However, the prevalence of impairments was generally higher according to clinicians, particularly for visual impairment (98.7 vs 45.8 %), cognitive impairment (78.4 vs. 38.2 %) and depression (82.0 vs. 59.9 %).",NOINFO,NOINFO,0.9998329877853394,6.867643242003396e-05,9.837444667937234e-05
141,14437255,Auditory entrainment is strengthened when people see congruent visual and auditory information.,"Congruent Visual Speech Enhances Cortical Entrainment to Continuous Auditory Speech in Noise-Free Conditions. Finally, our data suggest that neural entrainment to the speech envelope is inhibited when the auditory and visual streams are incongruent both temporally and contextually. Studying how the brain uses this timing relationship to combine information from continuous auditory and visual speech has traditionally been methodologically difficult.",SUPPORTS,REFUTES,0.0051431478932499886,0.004160983022302389,0.9906958341598511
141,6955746,Auditory entrainment is strengthened when people see congruent visual and auditory information.,"Auditory Cortex Tracks Both Auditory and Visual Stimulus Dynamics Using Low-Frequency Neuronal Phase Modulation We provide evidence, based on magnetoencephalography (MEG) recordings from participants viewing audiovisual movies, that low-frequency neuronal information lies at the basis of the synergistic coordination of information across auditory and visual streams. These experiments are the first to show in humans that a particular cortical mechanism, delta-theta phase modulation across early sensory areas, plays an important ""active"" role in continuously tracking naturalistic audio-visual streams, carrying dynamic multi-sensory information, and reflecting cross-sensory interaction in real time.",NOINFO,NOINFO,0.9997962117195129,0.00012532767141237855,7.842805644031614e-05
141,38794814,Auditory entrainment is strengthened when people see congruent visual and auditory information.,"Frequency modulation entrains slow neural oscillations and optimizes human listening behavior. Second, does neural entrainment optimize performance of the perceptual system: Does human auditory perception benefit from neural phase reorganization? This study demonstrates behavioral benefits of phase realignment in response to frequency-modulated auditory stimuli, overall suggesting that frequency fluctuations in natural environmental input provide a pacing signal for endogenous neural oscillations, thereby influencing perceptual processing.",NOINFO,NOINFO,0.999842643737793,0.0001011024578474462,5.6271994253620505e-05
141,10624000,Auditory entrainment is strengthened when people see congruent visual and auditory information.,"Lip movements entrain the observers’ low-frequency brain oscillations to facilitate speech intelligibility First, we investigated coherence between oscillatory brain activity and speaker's lip movements and demonstrated significant entrainment in visual cortex. We then used partial coherence to remove contributions of the coherent auditory speech signal from the lip-brain coherence.",NOINFO,NOINFO,0.9998490810394287,8.614092803327367e-05,6.476909038610756e-05
141,36860856,Auditory entrainment is strengthened when people see congruent visual and auditory information.,"A 40-Hz auditory potential recorded from the human scalp. First, it reportedly disappears with surgical anesthesia, and it resembles similar phenomena in the visual and olfactory system, facts which suggest that adequate processing of sensory information may require cyclical brain events in the 30- to 50-Hz range. Second, latency and amplitude measurements on the 40-Hz ERP indicate it may contain useful information on the number and basilar membrane location of the auditory nerve fibers a given tone excites.",NOINFO,NOINFO,0.9998152852058411,9.722662070998922e-05,8.749448898015544e-05
142,10582939,Autologous transplantation of mesenchymal stem cells causes a higher rate of opportunistic infections than induction therapy with anti-interleukin-2 receptor antibodies.,"Induction therapy with autologous mesenchymal stem cells in living-related kidney transplants: a randomized controlled trial. CONTEXT Antibody-based induction therapy plus calcineurin inhibitors (CNIs) reduce acute rejection rates in kidney recipients; however, opportunistic infections and toxic CNI effects remain challenging. Also, during the 1-year follow-up, combined analysis of MSC-treated groups revealed significantly decreased risk of opportunistic infections than the control group (hazard ratio, 0.42; 95% CI, 0.20-0.85, P=.02)   CONCLUSION Among patients undergoing renal transplant, the use of autologous MSCs compared with anti-IL-2 receptor antibody induction therapy resulted in lower incidence of acute rejection, decreased risk of opportunistic infection, and better estimated renal function at 1 year.",REFUTES,SUPPORTS,0.0008769147680141032,0.8911231160163879,0.10799997299909592
142,46353045,Autologous transplantation of mesenchymal stem cells causes a higher rate of opportunistic infections than induction therapy with anti-interleukin-2 receptor antibodies.,"Late presentation of HIV-infected individuals. Benefits of starting ART without delay, that is, when opportunistic diseases are still active, include faster resolution of opportunistic diseases and a decreased risk of recurrence. In this review we describe late presentation to HIV care, the scale of the problem, the evaluation of a late-presenting patient and challenges associated with initiation of potent antiretroviral therapy (ART) in the setting of acute opportunistic infections and other comorbidities.",NOINFO,NOINFO,0.9998878240585327,7.099886715877801e-05,4.109099609195255e-05
142,24766509,Autologous transplantation of mesenchymal stem cells causes a higher rate of opportunistic infections than induction therapy with anti-interleukin-2 receptor antibodies.,"Differentiation of mesenchymal stem cells and embryonic stem cells into steroidogenic cells using steroidogenic factor-1 and liver receptor homolog-1. Previously, we have demonstrated that mesenchymal stem cells could be differentiated into steroidogenic cells through steroidogenic factor-1 and 8bromo-cAMP treatment. Use of liver receptor homolog-1, another of the nuclear receptor 5A family nuclear receptors, with 8bromo-cAMP also resulted in the differentiation of human mesenchymal stem cells into steroid hormone-producing cells.",NOINFO,NOINFO,0.9998821020126343,7.543000538134947e-05,4.247800097800791e-05
142,40164383,Autologous transplantation of mesenchymal stem cells causes a higher rate of opportunistic infections than induction therapy with anti-interleukin-2 receptor antibodies.,"Comparison of allogeneic vs autologous bone marrow–derived mesenchymal stem cells delivered by transendocardial injection in patients with ischemic cardiomyopathy: the POSEIDON randomized trial. CONTEXT Mesenchymal stem cells (MSCs) are under evaluation as a therapy for ischemic cardiomyopathy (ICM). Both autologous and allogeneic MSC therapies are possible; however, their safety and efficacy have not been compared.",NOINFO,NOINFO,0.9998902082443237,6.07286965532694e-05,4.9083642807090655e-05
142,7224723,Autologous transplantation of mesenchymal stem cells causes a higher rate of opportunistic infections than induction therapy with anti-interleukin-2 receptor antibodies.,HIV–1 Infects Multipotent Progenitor Cells Causing Cell Death and Establishing Latent Cellular Reservoirs HIV causes a chronic infection characterized by depletion of CD4(+) T lymphocytes and the development of opportunistic infections. These findings have major implications for understanding HIV bone marrow pathology and the mechanisms by which HIV causes persistent infection.,NOINFO,NOINFO,0.9997714161872864,0.00017847036360763013,5.014362250221893e-05
143,10582939,Autologous transplantation of mesenchymal stem cells causes fewer opportunistic infections than induction therapy with anti-interleukin-2 receptor antibodies.,"Induction therapy with autologous mesenchymal stem cells in living-related kidney transplants: a randomized controlled trial. CONTEXT Antibody-based induction therapy plus calcineurin inhibitors (CNIs) reduce acute rejection rates in kidney recipients; however, opportunistic infections and toxic CNI effects remain challenging. Also, during the 1-year follow-up, combined analysis of MSC-treated groups revealed significantly decreased risk of opportunistic infections than the control group (hazard ratio, 0.42; 95% CI, 0.20-0.85, P=.02)   CONCLUSION Among patients undergoing renal transplant, the use of autologous MSCs compared with anti-IL-2 receptor antibody induction therapy resulted in lower incidence of acute rejection, decreased risk of opportunistic infection, and better estimated renal function at 1 year.",SUPPORTS,REFUTES,0.000218423709156923,0.0030687174294143915,0.9967129230499268
143,46353045,Autologous transplantation of mesenchymal stem cells causes fewer opportunistic infections than induction therapy with anti-interleukin-2 receptor antibodies.,"Late presentation of HIV-infected individuals. Benefits of starting ART without delay, that is, when opportunistic diseases are still active, include faster resolution of opportunistic diseases and a decreased risk of recurrence. In this review we describe late presentation to HIV care, the scale of the problem, the evaluation of a late-presenting patient and challenges associated with initiation of potent antiretroviral therapy (ART) in the setting of acute opportunistic infections and other comorbidities.",NOINFO,NOINFO,0.9998968839645386,5.411918391473591e-05,4.898819315712899e-05
143,24766509,Autologous transplantation of mesenchymal stem cells causes fewer opportunistic infections than induction therapy with anti-interleukin-2 receptor antibodies.,"Differentiation of mesenchymal stem cells and embryonic stem cells into steroidogenic cells using steroidogenic factor-1 and liver receptor homolog-1. Previously, we have demonstrated that mesenchymal stem cells could be differentiated into steroidogenic cells through steroidogenic factor-1 and 8bromo-cAMP treatment. Use of liver receptor homolog-1, another of the nuclear receptor 5A family nuclear receptors, with 8bromo-cAMP also resulted in the differentiation of human mesenchymal stem cells into steroid hormone-producing cells.",NOINFO,NOINFO,0.9997796416282654,0.00013445473450701684,8.596687985118479e-05
143,40164383,Autologous transplantation of mesenchymal stem cells causes fewer opportunistic infections than induction therapy with anti-interleukin-2 receptor antibodies.,"Comparison of allogeneic vs autologous bone marrow–derived mesenchymal stem cells delivered by transendocardial injection in patients with ischemic cardiomyopathy: the POSEIDON randomized trial. CONTEXT Mesenchymal stem cells (MSCs) are under evaluation as a therapy for ischemic cardiomyopathy (ICM). Both autologous and allogeneic MSC therapies are possible; however, their safety and efficacy have not been compared.",NOINFO,NOINFO,0.9998750686645508,7.310875662369654e-05,5.184187466511503e-05
143,7224723,Autologous transplantation of mesenchymal stem cells causes fewer opportunistic infections than induction therapy with anti-interleukin-2 receptor antibodies.,HIV–1 Infects Multipotent Progenitor Cells Causing Cell Death and Establishing Latent Cellular Reservoirs HIV causes a chronic infection characterized by depletion of CD4(+) T lymphocytes and the development of opportunistic infections. These findings have major implications for understanding HIV bone marrow pathology and the mechanisms by which HIV causes persistent infection.,NOINFO,NOINFO,0.9998358488082886,0.00010289467172697186,6.132133421488106e-05
146,10582939,Autologous transplantation of mesenchymal stem cells has lower rates of rejection than induction therapy with anti-interleukin-2 receptor antibodies.,"Induction therapy with autologous mesenchymal stem cells in living-related kidney transplants: a randomized controlled trial. CONTEXT Antibody-based induction therapy plus calcineurin inhibitors (CNIs) reduce acute rejection rates in kidney recipients; however, opportunistic infections and toxic CNI effects remain challenging. Reportedly, mesenchymal stem cells (MSCs) have successfully treated graft-vs-host disease.",SUPPORTS,REFUTES,0.1219450905919075,0.0013002482010051608,0.8767545819282532
146,24766509,Autologous transplantation of mesenchymal stem cells has lower rates of rejection than induction therapy with anti-interleukin-2 receptor antibodies.,"Differentiation of mesenchymal stem cells and embryonic stem cells into steroidogenic cells using steroidogenic factor-1 and liver receptor homolog-1. Previously, we have demonstrated that mesenchymal stem cells could be differentiated into steroidogenic cells through steroidogenic factor-1 and 8bromo-cAMP treatment. Use of liver receptor homolog-1, another of the nuclear receptor 5A family nuclear receptors, with 8bromo-cAMP also resulted in the differentiation of human mesenchymal stem cells into steroid hormone-producing cells.",NOINFO,NOINFO,0.9998062252998352,7.324664329644293e-05,0.00012052765669068322
146,40164383,Autologous transplantation of mesenchymal stem cells has lower rates of rejection than induction therapy with anti-interleukin-2 receptor antibodies.,"Comparison of allogeneic vs autologous bone marrow–derived mesenchymal stem cells delivered by transendocardial injection in patients with ischemic cardiomyopathy: the POSEIDON randomized trial. CONTEXT Mesenchymal stem cells (MSCs) are under evaluation as a therapy for ischemic cardiomyopathy (ICM). Both autologous and allogeneic MSC therapies are possible; however, their safety and efficacy have not been compared.",NOINFO,NOINFO,0.9998416900634766,6.854302773717791e-05,8.974684169515967e-05
146,27127885,Autologous transplantation of mesenchymal stem cells has lower rates of rejection than induction therapy with anti-interleukin-2 receptor antibodies.,"An activator of the cAMP/PKA/CREB pathway promotes osteogenesis from human mesenchymal stem cells. Mesenchymal stem cells (MSCs) are multipotent adult stem cells capable of differentiating along the osteoblast, adipocyte, and chondrocyte lineages. Regulation of MSCs differentiation may be a useful tool for regenerative medicine and cell-based therapy.",NOINFO,NOINFO,0.999879002571106,5.616423732135445e-05,6.489765655715019e-05
146,4416964,Autologous transplantation of mesenchymal stem cells has lower rates of rejection than induction therapy with anti-interleukin-2 receptor antibodies.,"Immunogenicity of induced pluripotent stem cells Induced pluripotent stem cells (iPSCs), reprogrammed from somatic cells with defined factors, hold great promise for regenerative medicine as the renewable source of autologous cells. We show here that, whereas embryonic stem cells (ESCs) derived from inbred C57BL/6 (B6) mice can efficiently form teratomas in B6 mice without any evident immune rejection, the allogeneic ESCs from 129/SvJ mice fail to form teratomas in B6 mice due to rapid rejection by recipients.",NOINFO,NOINFO,0.9992119073867798,0.00011951861961279064,0.0006685772095806897
148,1084345,Autophagy declines in aged organisms.,"Restoration of chaperone-mediated autophagy in aging liver improves cellular maintenance and hepatic function We have previously found that CMA activity declines in aged organisms and have proposed that this failure in cellular clearance could contribute to the accumulation of altered proteins, the abnormal cellular homeostasis and, eventually, the functional loss characteristic of aged organisms. We have analyzed in this model the consequences of preventing the age-dependent decrease in receptor abundance in aged rodents at the cellular and organ levels.",SUPPORTS,REFUTES,0.0007278895936906338,0.02887384407222271,0.9703983068466187
148,28138927,Autophagy declines in aged organisms.,"Potent, Selective, and Orally Bioavailable Inhibitors of VPS34 Provide Chemical Tools to Modulate Autophagy in Vivo. Autophagy is a dynamic process that regulates lysosomal-dependent degradation of cellular components. Until recently the study of autophagy has been hampered by the lack of reliable pharmacological tools, but selective inhibitors are now available to modulate the PI 3-kinase VPS34, which is required for autophagy.",NOINFO,NOINFO,0.999479353427887,0.00012407038593664765,0.0003966120129916817
148,15728433,Autophagy declines in aged organisms.,"Tightrope act: autophagy in stem cell renewal, differentiation, proliferation, and aging Furthermore, we review the few studies on stem cells, lysosomal activity, and autophagy. Novel techniques to detect autophagy in primary cells are required to study autophagy in different stem cell types.",NOINFO,REFUTES,0.0014660826418548822,0.00025626408751122653,0.9982776641845703
148,10012166,Autophagy declines in aged organisms.,"The role of protein clearance mechanisms in organismal ageing and age-related diseases. The ability to maintain a functional proteome, or proteostasis, declines during the ageing process. Damaged proteins are degraded by the ubiquitin-proteasome system or through autophagy-lysosome, key components of the proteostasis network.",NOINFO,NOINFO,0.9991379976272583,0.0002549865166656673,0.0006069207447580993
148,53033275,Autophagy declines in aged organisms.,"Autophagy and its potent modulators from phytochemicals in cancer treatment Therapy-induced autophagy predominantly acts as a pro-survival mechanism, but progressive autophagy can lead to non-apoptotic cell death, also known as autophagic cell death. However, these compounds play different roles in autophagy.",NOINFO,NOINFO,0.9981545805931091,0.00015816889936104417,0.0016872427659109235
163,18872233,Bariatric surgery has a positive impact on mental health.,"Mental Health Conditions Among Patients Seeking and Undergoing Bariatric Surgery: A Meta-analysis. OBJECTIVE To determine the prevalence of mental health conditions among bariatric surgery candidates and recipients, to evaluate the association between preoperative mental health conditions and health outcomes following bariatric surgery, and to evaluate the association between surgery and the clinical course of mental health conditions. CONCLUSIONS AND RELEVANCE Mental health conditions are common among bariatric surgery patients-in particular, depression and binge eating disorder.",SUPPORTS,SUPPORTS,0.000659691751934588,0.9985288381576538,0.000811434758361429
163,43220289,Bariatric surgery has a positive impact on mental health.,"Psychological Outcome 4 Years after Restrictive Bariatric Surgery However, the long-term impact of bariatric surgery on psychological and psychosocial functioning is largely unclear. Corresponding to the considerable weight loss after bariatric surgery, important aspects of mental health improved significantly during the 4-year follow-up period.",NOINFO,NOINFO,0.9903586506843567,0.009552338160574436,8.906943548936397e-05
163,19071857,Bariatric surgery has a positive impact on mental health.,"Mental Health Support Provided Throughout the Bariatric Surgery Clinical Pathway in French Specialized Care Centers for Obesity Pre-operative psychological assessment is recommended by international guidelines for bariatric surgery candidates. Thereby, service teams caring for bariatric patients should include at least one mental health provider (e.g., a psychologist or psychiatrist).",NOINFO,SUPPORTS,0.11613808572292328,0.8823704123497009,0.0014915254432708025
163,29022271,Bariatric surgery has a positive impact on mental health.,"Recommendations for the presurgical psychosocial evaluation of bariatric surgery patients. Thus, it is recommended that bariatric behavioral health clinicians with specialized knowledge and experience be involved in the evaluation and care of patients both before and after surgery. This document outlines recommendations for the psychosocial evaluation of bariatric surgery patients, appropriate qualifications of those conducting these evaluations, communication of evaluation results and suggested treatment plan, and the extension of behavioral healthcare of the bariatric patient to the entire span of the surgical and postsurgical process.",NOINFO,NOINFO,0.9998456239700317,0.00011591489601414651,3.8374280848074704e-05
163,7627167,Bariatric surgery has a positive impact on mental health.,"Brief, four-session group CBT reduces binge eating behaviors among bariatric surgery candidates. CONCLUSION A brief cognitive behavioral intervention can reduce binge eating behaviors among bariatric surgery candidates. Given the potential influence of binge eating on outcomes, bariatric surgery programs could benefit by treating binge eating before surgery.",NOINFO,NOINFO,0.9997943043708801,0.0001532547757960856,5.2448729547904804e-05
171,12670680,Basophils counteract disease development in patients with systemic lupus erythematosus (SLE).,"BASOPHILS AND THE T HELPER 2 ENVIRONMENT CAN PROMOTE THE DEVELOPMENT OF LUPUS NEPHRITIS In systemic lupus erythematosus (SLE), self-reactive antibodies can target the kidney (lupus nephritis), leading to functional failure and possible mortality. Basophils were also present in the lymph nodes and spleen of subjects with SLE.",REFUTES,SUPPORTS,0.005380965769290924,0.5774657130241394,0.4171532988548279
171,5448119,Basophils counteract disease development in patients with systemic lupus erythematosus (SLE).,"A large-scale replication study identifies TNIP1, PRDM1, JAZF1, UHRF1BP1 and IL10 as risk loci for systemic lupus erythematosus Genome-wide association studies have recently identified at least 15 susceptibility loci for systemic lupus erythematosus (SLE). These results expand the number of confirmed and candidate SLE susceptibility loci and implicate several key immunologic pathways in SLE pathogenesis.",NOINFO,NOINFO,0.9998651742935181,8.414683543378487e-05,5.064045399194583e-05
171,14938990,Basophils counteract disease development in patients with systemic lupus erythematosus (SLE).,"Upregulated PD-1 Expression Is Associated with the Development of Systemic Lupus Erythematosus, but Not the PD-1.1 Allele of the PDCD1 Gene Systemic lupus erythematosus (SLE) is a multisystem autoimmune disease with complicated genetic inheritance. The results suggest that increased expression of PD-1 may correlate with the pathogenesis of SLE, upregulated PD-1 expression may be a biomarker for SLE diagnosis, and PD-1 inhibitor may be useful to SLE treatment.",NOINFO,NOINFO,0.9998893737792969,6.277887587202713e-05,4.7759651351952925e-05
171,28015516,Basophils counteract disease development in patients with systemic lupus erythematosus (SLE).,"Netting neutrophils are major inducers of type I IFN production in pediatric systemic lupus erythematosus. Systemic lupus erythematosus (SLE) is a systemic autoimmune disease characterized by a breakdown of tolerance to nuclear antigens and the development of immune complexes. Here, we show that mature SLE neutrophils are primed in vivo by type I IFN and die upon exposure to SLE-derived anti-ribonucleoprotein antibodies, releasing neutrophil extracellular traps (NETs).",NOINFO,NOINFO,0.9998846054077148,6.617801409447566e-05,4.9275469791609794e-05
171,28149602,Basophils counteract disease development in patients with systemic lupus erythematosus (SLE).,"The role of neutrophils in the pathogenesis of systemic lupus erythematosus. PURPOSE OF REVIEW Recent discoveries implicate neutrophils as important regulators of innate and adaptive immunity and in the development of organ damage in systemic autoimmune diseases, including systemic lupus erythematosus (SLE). Lupus neutrophils and, in particular, lupus low-density granulocytes (a distinct pathogenic subset) display epigenetic modifications and genomic alterations that may be relevant to their deleterious roles in SLE.",NOINFO,NOINFO,0.9997971653938293,0.0001445334346499294,5.828283610753715e-05
179,16322674,Birth-weight is positively associated with breast cancer.,"Birth Size and Breast Cancer Risk: Re-analysis of Individual Participant Data from 32 Studies Birth weight was positively associated with breast cancer risk in studies based on birth records (pooled relative risk [RR] per one standard deviation [SD] [= 0.5 kg] increment in birth weight: 1.06; 95% confidence interval [CI] 1.02-1.09) and parental recall when the participants were children (1.02; 95% CI 0.99-1.05), but not in those based on adult self-reports, or maternal recall during the woman's adulthood (0.98; 95% CI 0.95-1.01) (p for heterogeneity between data sources = 0.003). Birth length and head circumference from birth records were also positively associated with breast cancer risk (pooled RR per one SD increment: 1.06 [95% CI 1.03-1.10] and 1.09 [95% CI 1.03-1.15], respectively).",SUPPORTS,SUPPORTS,0.0006557717570103705,0.998428463935852,0.0009157992317341268
179,27123743,Birth-weight is positively associated with breast cancer.,Role of birthweight in the etiology of breast cancer. Breast cancer may originate in utero. We reviewed the available evidence on the association between birthweight and the risk of breast cancer.,SUPPORTS,SUPPORTS,0.0005438311491161585,0.9968053102493286,0.002650817157700658
179,23557241,Birth-weight is positively associated with breast cancer.,Intrauterine factors and risk of breast cancer: a systematic review and meta-analysis of current evidence. No association was noted between risk of breast cancer and gestational age at birth (0.95 [0.71-1.26]) or maternal diethylstilbestrol treatment (1.40 [0.86-2.28]). INTERPRETATION The intrauterine environment contributes to the predisposition of women to breast cancer in adulthood.,SUPPORTS,SUPPORTS,0.0006101429462432861,0.9966259002685547,0.002764003351330757
179,17450673,Birth-weight is positively associated with breast cancer.,"Intrauterine environments and breast cancer risk: meta-analysis and systematic review RESULTS We found that heavier birth weights were associated with increased breast cancer risk, with studies involving five categories of birth weight identifying odds ratios (ORs) of 1.24 (95% confidence interval [CI] 1.04 to 1.48) for 4,000 g or more and 1.15 (95% CI 1.04 to 1.26) for 3,500 g to 3,999 g, relative to a birth weight of 2,500 to 2,599 g. These studies provided no support for a J-shaped relationship of birthweight to risk. Birth order, prematurity, and maternal smoking were unrelated to breast cancer risk.",SUPPORTS,REFUTES,0.00014112239296082407,0.0005072096828371286,0.9993515610694885
179,37480103,Birth-weight is positively associated with breast cancer.,"Pregnancy characteristics and maternal risk of breast cancer. A high birth weight (> or =4000 g) in 2 successive births was associated with an increased risk of breast cancer before but not after adjusting for placental weight and other covariates (adjusted hazard ratio, 1.10; 95% CI, 0.76-1.59). CONCLUSIONS Placental weight is positively associated with maternal risk of breast cancer.",NOINFO,NOINFO,0.995140552520752,0.004713095724582672,0.00014641140296589583
179,2140497,Birth-weight is positively associated with breast cancer.,"Independent Association of Lobular Involution and Mammographic Breast Density With Breast Cancer Risk BACKGROUND Lobular involution, or age-related atrophy of breast lobules, is inversely associated with breast cancer risk, and mammographic breast density (MBD) is positively associated with breast cancer risk. CONCLUSION Lobular involution and MBD are independently associated with breast cancer incidence; combined, they are associated with an even greater risk for breast cancer.",NOINFO,NOINFO,0.9998003840446472,0.00013419517199508846,6.540150934597477e-05
179,5487448,Birth-weight is positively associated with breast cancer.,"Birth weight and mammographic density among postmenopausal women in Sweden. Birth weight is a significant predictor of breast cancer risk in adult life and mammary gland mass could be an intermediate stage in this long process. These results indicate that adult breast density, a powerful predictor of breast cancer risk, has intrauterine roots, as reflected in birth size.",NOINFO,NOINFO,0.9997339844703674,0.00020301734912209213,6.301479879766703e-05
179,25973484,Birth-weight is positively associated with breast cancer.,"Breast cancer and obesity: an update. In postmenopausal women, particularly the elderly, various measures of obesity have been positively associated with risk. However, before menopause increased body weight is inversely related to breast cancer risk.",NOINFO,NOINFO,0.9997559189796448,0.0001679825654719025,7.61606206651777e-05
180,16966326,Blocking the interaction between TDP-43 and respiratory complex I proteins ND3 and ND6 leads to increased TDP-43-induced neuronal loss.,"The Inhibition of TDP-43 Mitochondrial Localization Blocks Its Neuronal Toxicity In mitochondria, wild-type (WT) and mutant TDP-43 preferentially bind mitochondria-transcribed messenger RNAs (mRNAs) encoding respiratory complex I subunits ND3 and ND6, impair their expression and specifically cause complex I disassembly. The suppression of TDP-43 mitochondrial localization abolishes WT and mutant TDP-43-induced mitochondrial dysfunction and neuronal loss, and improves phenotypes of transgenic mutant TDP-43 mice.",REFUTES,SUPPORTS,0.0004962087841704488,0.9989087581634521,0.0005950452177785337
180,9217800,Blocking the interaction between TDP-43 and respiratory complex I proteins ND3 and ND6 leads to increased TDP-43-induced neuronal loss.,"The ALS-associated proteins FUS and TDP-43 function together to affect Drosophila locomotion and life span. A mutant of the Drosophila homolog of TDP-43 had similar, but more severe, deficits. Through cross-rescue analysis, we demonstrated that FUS acted together with and downstream of TDP-43 in a common genetic pathway in neurons.",NOINFO,NOINFO,0.9998430013656616,0.00011682371405186132,4.0215792978415266e-05
180,6492658,Blocking the interaction between TDP-43 and respiratory complex I proteins ND3 and ND6 leads to increased TDP-43-induced neuronal loss.,"A Null Mutation in Inositol Polyphosphate 4-Phosphatase Type I Causes Selective Neuronal Loss in Weeble Mutant Mice Weeble mutant mice have severe locomotor instability and significant neuronal loss in the cerebellum and in the hippocampal CA1 field. Although other mutations in phosphoinositide enzymes are associated with synaptic defects without neuronal loss, weeble shows that Inpp4a is critical for the survival of a subset of neurons during postnatal development in mice.",NOINFO,NOINFO,0.9998601675033569,0.00010783530160551891,3.193837255821563e-05
180,13717103,Blocking the interaction between TDP-43 and respiratory complex I proteins ND3 and ND6 leads to increased TDP-43-induced neuronal loss.,"ALS-FUS pathology revisited: singleton FUS mutations and an unusual case with both a FUS and TARDBP mutation The case with both a FUS and TARDBP mutation revealed FUS positive inclusions but no TDP-43 pathology. Instead there were unusual p62 positive, FUS negative neuronal and glial inclusions as well as dot-like neurites.",NOINFO,NOINFO,0.9998925924301147,5.7721950724953786e-05,4.975943375029601e-05
180,14434123,Blocking the interaction between TDP-43 and respiratory complex I proteins ND3 and ND6 leads to increased TDP-43-induced neuronal loss.,"Aberrant Expression of RCAN1 in Alzheimer’s Pathogenesis: A New Molecular Mechanism and a Novel Drug Target Aberrant RCAN1 expression facilitates neuronal apoptosis and Tau hyperphosphorylation, leading to neuronal loss and neurofibrillary tangle formation. Moreover, the AD risk factors-induced RCAN1 dysregulation and its role in promoting neuronal loss, synaptic impairments and neurofibrillary tangle formation are summarized.",NOINFO,NOINFO,0.9998767375946045,9.134157880907878e-05,3.200134597136639e-05
183,12827098,Bone marrow cells contribute to adult macrophage compartments.,"Tissue-resident macrophages self-maintain locally throughout adult life with minimal contribution from circulating monocytes. Similarly, we found that after depletion of lung macrophages, the majority of repopulation occurred by stochastic cellular proliferation in situ in a macrophage colony-stimulating factor (M-Csf)- and granulocyte macrophage (GM)-CSF-dependent manner but independently of interleukin-4. We also found that after bone marrow transplantation, host macrophages retained the capacity to expand when the development of donor macrophages was compromised.",REFUTES,SUPPORTS,0.3035331070423126,0.6934384107589722,0.003028503619134426
183,46193388,Bone marrow cells contribute to adult macrophage compartments.,"Turning blood into brain: cells bearing neuronal antigens generated in vivo from bone marrow. Bone marrow stem cells give rise to a variety of hematopoietic lineages and repopulate the blood throughout adult life. We show that, in a strain of mice incapable of developing cells of the myeloid and lymphoid lineages, transplanted adult bone marrow cells migrated into the brain and differentiated into cells that expressed neuron-specific antigens.",NOINFO,NOINFO,0.9998751878738403,8.905141294235364e-05,3.576981907826848e-05
183,10078024,Bone marrow cells contribute to adult macrophage compartments.,"Leptin-receptor-expressing mesenchymal stromal cells represent the main source of bone formed by adult bone marrow. Approximately 0.3% of bone marrow cells were LepR(+) Therefore, LepR(+) cells are the major source of bone and adipocytes in adult bone marrow.",NOINFO,NOINFO,0.9998146891593933,0.00014970768825151026,3.562821075320244e-05
183,44562221,Bone marrow cells contribute to adult macrophage compartments.,"Tissue-specific alterations in the glucocorticoid sensitivity of immune cells following repeated social defeat in mice The study revealed that LPS-stimulated bone marrow cells, in the absence of experimental stress, were virtually GC-resistant and retained high levels of cell viability after treatment with CORT. Recurrent exposure to the acute stressor over a period of 2, 4 or 6 days led to an increase in the GC sensitivity of the bone marrow cells.",NOINFO,NOINFO,0.9998002648353577,0.0001706354523776099,2.902173946495168e-05
183,23032247,Bone marrow cells contribute to adult macrophage compartments.,"Generation of T cell receptor–retrogenic mice: improved retroviral-mediated stem cell gene transfer In this updated protocol, we have increased the efficiency of the bone marrow transduction and bone marrow reconstitution compared with our previously published protocol. The changes in this protocol improve bone marrow viability, increase consistency of the bone marrow transduction and bone marrow engraftment, and they reduce the ratio of bone marrow donor mice to bone marrow recipients.",NOINFO,NOINFO,0.9998730421066284,9.205764217767864e-05,3.4872959076892585e-05
185,18340282,Breast cancer development is determined exclusively by genetic factors.,"Gene–environment interactions in 7610 women with breast cancer: prospective evidence from the Million Women Study BACKGROUND Information is scarce about the combined effects on breast cancer incidence of low-penetrance genetic susceptibility polymorphisms and environmental factors (reproductive, behavioural, and anthropometric risk factors for breast cancer). INTERPRETATION Risks of breast cancer associated with low-penetrance susceptibility polymorphisms do not vary significantly with these ten established environmental risk factors.",REFUTES,REFUTES,0.23519785702228546,0.0026026261039078236,0.7621995210647583
185,21874312,Breast cancer development is determined exclusively by genetic factors.,"Risk for breast cancer development determined by mammographic parenchymal pattern. A classification of risk for developing breast cancer has been devised based solely on the appearance of the breast parenchyma by mammography. Four groups had an incidence of developing breast cancer of 0.1, 0.4, 1.7, and 2.2.",NOINFO,NOINFO,0.9991008043289185,0.000328037072904408,0.000571242650039494
185,13519661,Breast cancer development is determined exclusively by genetic factors.,"Linkage Disequilibrium Mapping of       CHEK2: Common Variation and Breast Cancer Risk Background Checkpoint kinase 2 (CHEK2) averts cancer development by promoting cell cycle arrest and activating DNA repair in genetically damaged cells. We genotyped these six tagSNPs in 1,577 postmenopausal breast cancer cases and 1,513 population controls, but found no convincing association between any common CHEK2 haplotype and breast cancer risk.",NOINFO,NOINFO,0.9976261258125305,0.00021272683807183057,0.0021610907278954983
185,5864770,Breast cancer development is determined exclusively by genetic factors.,"Estrogens, progestogens, normal breast cell proliferation, and breast cancer risk. Epidemiologic studies suggest that ovarian hormones contribute to the development of breast cancer at all stages. Other research suggests that breast stem cell proliferation is linked to breast cancer development.",NOINFO,NOINFO,0.9997122883796692,0.0001067715638782829,0.00018091645324602723
185,2015126,Breast cancer development is determined exclusively by genetic factors.,"Management of women who have a genetic predisposition for breast cancer. The management of women who have a genetic predisposition for breast cancer requires careful planning. Women who have BRCA 1 and BRCA 2 mutations are at increased risk for breast cancer and for other cancers as well, particularly ovarian cancer.",NOINFO,NOINFO,0.9994576573371887,0.00021859783737454563,0.0003236982738599181
198,2177022,CCL19 is absent within dLNs.,"Immobilized chemokine fields and soluble chemokine gradients cooperatively shape migration patterns of dendritic cells. Soluble CCL21 functionally resembles the second CCR7 ligand, CCL19, which lacks anchoring residues and forms soluble gradients. Adhesive random migration and directional steering cooperate to produce dynamic but spatially restricted locomotion patterns closely resembling the cellular dynamics observed in secondary lymphoid organs.",NOINFO,NOINFO,0.9998214840888977,3.8749927625758573e-05,0.00013981666415929794
198,13778710,CCL19 is absent within dLNs.,"Chemokine-like receptor 1 (CMKLR1) and chemokine (C-C motif) receptor-like 2 (CCRL2); two multifunctional receptors with unusual properties. The chemokine CCL5 and CCL19 are reported to bind to CCRL2. Like Duffy antigen for chemokine receptor (DARC), D6 and CCX-CKR, CCRL2 does not signal, but it constitutively recycles, potentially reducing local concentration of CCL5 and CCL19 and subsequent immune responses.",NOINFO,NOINFO,0.9998070597648621,4.2391937313368544e-05,0.0001505863037891686
198,13949015,CCL19 is absent within dLNs.,"LINE-1 Retrotransposition Activity in Human Genomes Here, we used a fosmid-based, paired-end DNA sequencing strategy to identify 68 full-length L1s that are differentially present among individuals but are absent from the human genome reference sequence. Genotyping 26 elements revealed that two L1s are only found in Africa and that two more are absent from the H952 subset of the Human Genome Diversity Panel.",NOINFO,NOINFO,0.9998897314071655,4.323161920183338e-05,6.695844058413059e-05
198,20148808,CCL19 is absent within dLNs.,"Microbiome-driven allergic lung inflammation is ameliorated by short-chain fatty acids In addition, DCs exposed to SCFAs activate T cells less robustly, are less motile in response to CCL19 in vitro, and exhibit a dampened ability to transport inhaled allergens to lung draining nodes. Our data thus demonstrate that gut dysbiosis can exacerbate allergic lung inflammation through both T cell- and DC-dependent mechanisms that are inhibited by SCFAs.",NOINFO,NOINFO,0.999808132648468,3.8977126678219065e-05,0.000152957858517766
208,13519661,CHEK2 is not associated with breast cancer.,"Linkage Disequilibrium Mapping of       CHEK2: Common Variation and Breast Cancer Risk Previous investigation has established a role for the CHEK2 gene in breast cancer aetiology, but studies have largely been limited to the rare 1100delC mutation. We genotyped these six tagSNPs in 1,577 postmenopausal breast cancer cases and 1,513 population controls, but found no convincing association between any common CHEK2 haplotype and breast cancer risk.",SUPPORTS,REFUTES,0.0002970486239064485,0.0002237865555798635,0.9994792342185974
208,2140497,CHEK2 is not associated with breast cancer.,"Independent Association of Lobular Involution and Mammographic Breast Density With Breast Cancer Risk BACKGROUND Lobular involution, or age-related atrophy of breast lobules, is inversely associated with breast cancer risk, and mammographic breast density (MBD) is positively associated with breast cancer risk. CONCLUSION Lobular involution and MBD are independently associated with breast cancer incidence; combined, they are associated with an even greater risk for breast cancer.",NOINFO,NOINFO,0.9995673298835754,6.118523742770776e-05,0.0003715252678375691
208,20280410,CHEK2 is not associated with breast cancer.,"A common variant in BRCA2 is associated with both breast cancer risk and prenatal viability Inherited mutations in the gene BRCA2 predispose carriers to early onset breast cancer, but such mutations account for fewer than 2% of all cases in East Anglia. It is likely that low penetrance alleles explain the greater part of inherited susceptibility to breast cancer; polymorphic variants in strongly predisposing genes, such as BRCA2, are candidates for this role.",NOINFO,NOINFO,0.9993026256561279,6.744397251168266e-05,0.0006299701053649187
208,16322674,CHEK2 is not associated with breast cancer.,"Birth Size and Breast Cancer Risk: Re-analysis of Individual Participant Data from 32 Studies Birth weight was positively associated with breast cancer risk in studies based on birth records (pooled relative risk [RR] per one standard deviation [SD] [= 0.5 kg] increment in birth weight: 1.06; 95% confidence interval [CI] 1.02-1.09) and parental recall when the participants were children (1.02; 95% CI 0.99-1.05), but not in those based on adult self-reports, or maternal recall during the woman's adulthood (0.98; 95% CI 0.95-1.01) (p for heterogeneity between data sources = 0.003). Birth length and head circumference from birth records were also positively associated with breast cancer risk (pooled RR per one SD increment: 1.06 [95% CI 1.03-1.10] and 1.09 [95% CI 1.03-1.15], respectively).",NOINFO,NOINFO,0.9995469450950623,5.7927838497562334e-05,0.00039509250200353563
208,21874312,CHEK2 is not associated with breast cancer.,"Risk for breast cancer development determined by mammographic parenchymal pattern. A classification of risk for developing breast cancer has been devised based solely on the appearance of the breast parenchyma by mammography. Four groups had an incidence of developing breast cancer of 0.1, 0.4, 1.7, and 2.2.",NOINFO,NOINFO,0.9998171925544739,4.247524339007214e-05,0.00014036329230293632
212,22038539,CR is associated with higher methylation age.,"Caloric restriction delays age-related methylation drift Epigenetic information encoded by DNA methylation is tightly regulated, but shows a striking drift associated with age that includes both gains and losses of DNA methylation at various sites. Twenty-two to 30-year-old rhesus monkeys exposed to 30% caloric restriction since 7-14 years of age showed attenuation of age-related methylation drift compared to ad libitum-fed controls such that their blood methylation age appeared 7 years younger than their chronologic age.",REFUTES,NOINFO,0.9997439980506897,0.00016667332965880632,8.921379776438698e-05
212,7808055,CR is associated with higher methylation age.,DNA methylation age of human tissues and cell types RESULTS I developed a multi-tissue predictor of age that allows one to estimate the DNA methylation age of most tissues and cell types. CONCLUSIONS I propose that DNA methylation age measures the cumulative effect of an epigenetic maintenance system.,NOINFO,NOINFO,0.998388409614563,0.0015600479673594236,5.156297629582696e-05
212,4414481,CR is associated with higher methylation age.,Calorie restriction extends Saccharomyces cerevisiae lifespan by increasing respiration In this study we explore how CR activates Sir2 to extend lifespan. We discuss how this metabolic strategy may apply to CR in animals.,NOINFO,NOINFO,0.9995852112770081,0.00038257765118032694,3.2180018024519086e-05
212,9291668,CR is associated with higher methylation age.,"DNA methylation and healthy human aging Recently, with the advent of microarray and next-generation sequencing technologies, increases in variability of DNA methylation with age have been observed, and a number of site-specific patterns have been identified. Together, these observations point to the existence of two phenomena that both contribute to age-related DNA methylation changes: epigenetic drift and the epigenetic clock.",NOINFO,NOINFO,0.9996706247329712,0.0002857235667761415,4.364630513009615e-05
212,9558539,CR is associated with higher methylation age.,"CD44v6 is a marker of constitutive and reprogrammed cancer stem cells driving colon cancer metastasis. Here, we show that all colorectal cancer stem cells (CR-CSCs) express CD44v6, which is required for their migration and generation of metastatic tumors. CD44v6 expression is low in primary tumors but demarcated clonogenic CR-CSC populations.",NOINFO,NOINFO,0.9998670816421509,9.277909703087062e-05,4.021676431875676e-05
213,13625993,CRP is not predictive of postoperative mortality following Coronary Artery Bypass Graft (CABG) surgery.,"Assessing the cost effectiveness of using prognostic biomarkers with decision models: case study in prioritising patients waiting for coronary artery surgery OBJECTIVE To determine the effectiveness and cost effectiveness of using information from circulating biomarkers to inform the prioritisation process of patients with stable angina awaiting coronary artery bypass graft surgery. RESULTS The observed risk of cardiovascular events while on the waiting list for coronary artery bypass grafting was 3 per 10,000 patients per day within the first 90 days (184 events in 9935 patients).",NOINFO,NOINFO,0.9998319149017334,6.037039202055894e-05,0.00010762185411294922
213,27054878,CRP is not predictive of postoperative mortality following Coronary Artery Bypass Graft (CABG) surgery.,"Preoperative C-reactive protein predicts long-term mortality and hospital length of stay after primary, nonemergent coronary artery bypass grafting. We examine the value of preoperative CRP levels less than 10 mg/l for predicting long-term, all-cause mortality and hospital length of stay in surgical patients undergoing primary, nonemergent coronary artery bypass graft-only surgery. CONCLUSION We demonstrate that preoperative CRP levels as low as 3 mg/l are associated with increased long-term mortality and extended hospital length of stay in relatively lower-acuity patients undergoing primary, nonemergent coronary artery bypass graft-only surgery.",NOINFO,NOINFO,0.9971343278884888,0.00027035886887460947,0.0025953298900276423
213,40156901,CRP is not predictive of postoperative mortality following Coronary Artery Bypass Graft (CABG) surgery.,"Dose-dependent effect of statins on the incidence of acute kidney injury after cardiac surgery. METHODS We assessed whether statin treatment is associated with a lower incidence of postoperative AKI in 2,104 consecutive patients who underwent coronary artery bypass graft or valve surgery at the Minneapolis Veterans Administration Medical Center. Estimated preoperative glomerular filtration rate (p = 0.003), diabetes mellitus (p=0.02), valve surgery with or without coronary artery bypass graft (p = 0.024), cardiopulmonary bypass time (p = 0.001), and intraaortic balloon pump (p = 0.055) were independent predictors of AKI.",NOINFO,NOINFO,0.9997491240501404,7.857769378460944e-05,0.00017230119556188583
213,750781,CRP is not predictive of postoperative mortality following Coronary Artery Bypass Graft (CABG) surgery.,Coronary bypass graft patency in patients with diabetes in the Bypass Angioplasty Revascularization Investigation (BARI). Angiograms with the longest interval from initial surgery and before any percutaneous graft intervention (mean 3.9 years) were reviewed. Previously observed differences in survival between CABG-treated patients with and without diabetes may be largely a result of differential risk of mortality from noncardiac causes.,NOINFO,NOINFO,0.9998432397842407,5.42220841452945e-05,0.00010249427577946335
216,21366394,CX3CR1 on the Th2 cells impairs T cell survival,"CX3CR1 is required for airway inflammation by promoting T helper cell survival and maintenance in inflamed lung Transfer of WT CD4(+) T cells into CX3CR1-deficient mice restored the cardinal features of asthma, and CX3CR1-blocking reagents prevented airway inflammation in CX3CR1-deficient recipients injected with WT T(H)2 cells. We found that CX3CR1 signaling promoted T(H)2 survival in the inflamed lungs, and injection of B cell leukemia/lymphoma-2 protein (BCl-2)-transduced CX3CR1-deficient T(H)2 cells into CX3CR1-deficient mice restored asthma.",REFUTES,REFUTES,0.00126893341075629,0.00033953346428461373,0.9983914494514465
216,2042250,CX3CR1 on the Th2 cells impairs T cell survival,"Disease-associated functions of IL-33: the new kid in the IL-1 family The IL-33 receptor, consisting of ST2 and IL-1 receptor accessory protein, is also widely expressed, particularly by T helper 2 (TH2) cells and mast cells. However, IL-33 can also promote the pathogenesis of asthma by expanding TH2 cells and mediate joint inflammation, atopic dermatitis and anaphylaxis by mast cell activation.",NOINFO,NOINFO,0.9998894929885864,5.3279753046808764e-05,5.7272576668765396e-05
216,21363424,CX3CR1 on the Th2 cells impairs T cell survival,"Blimp-1 attenuates Th1 differentiation by repression of ifng, tbx21, and bcl6 gene expression. Blimp-1 mRNA and protein are more highly expressed in Th2 cells compared with Th1 cells, and Blimp-1 attenuates IFN-gamma production in CD4 cells activated under nonpolarizing conditions. Our data provide evidence that Blimp-1 functions in Th2 cells to reinforce Th2 differentiation by repressing critical Th1 genes.",NOINFO,NOINFO,0.9998719692230225,7.030778942862526e-05,5.7720761105883867e-05
216,20388894,CX3CR1 on the Th2 cells impairs T cell survival,The transcription factor c-Maf controls the production of interleukin-4 but not other Th2 cytokines. IL-4 promotes the differentiation of naive CD4+ T cells into IL-4-producing T helper 2 (Th2) cells. It was not known whether c-Maf controlled the transcription of other Th2 cytokine genes.,NOINFO,NOINFO,0.9998781681060791,4.399776298669167e-05,7.782410830259323e-05
216,8639034,CX3CR1 on the Th2 cells impairs T cell survival,"Human IL-10 is produced by both type 1 helper (Th1) and type 2 helper (Th2) T cell clones and inhibits their antigen-specific proliferation and cytokine production. Likewise, measurable IL-10 levels were found in the supernatants of both Th1 and Th2 clones. These data demonstrate that, unlike the murine system where IL-10 is a product of Th2 (but not Th1) cells and seems to mainly down-regulate the Th1 response, in the human system, IL-10 is produced by, and down-regulates the function of, both Th1 and Th2 cells.",NOINFO,NOINFO,0.999876856803894,5.327908002072945e-05,6.989737448748201e-05
217,21366394,CX3CR1 on the Th2 cells promotes T cell survival,"CX3CR1 is required for airway inflammation by promoting T helper cell survival and maintenance in inflamed lung Transfer of WT CD4(+) T cells into CX3CR1-deficient mice restored the cardinal features of asthma, and CX3CR1-blocking reagents prevented airway inflammation in CX3CR1-deficient recipients injected with WT T(H)2 cells. We found that CX3CR1 signaling promoted T(H)2 survival in the inflamed lungs, and injection of B cell leukemia/lymphoma-2 protein (BCl-2)-transduced CX3CR1-deficient T(H)2 cells into CX3CR1-deficient mice restored asthma.",SUPPORTS,SUPPORTS,0.0012626245152205229,0.9982902407646179,0.0004471355932764709
217,2042250,CX3CR1 on the Th2 cells promotes T cell survival,"Disease-associated functions of IL-33: the new kid in the IL-1 family The IL-33 receptor, consisting of ST2 and IL-1 receptor accessory protein, is also widely expressed, particularly by T helper 2 (TH2) cells and mast cells. However, IL-33 can also promote the pathogenesis of asthma by expanding TH2 cells and mediate joint inflammation, atopic dermatitis and anaphylaxis by mast cell activation.",NOINFO,NOINFO,0.9998701810836792,9.314251656178385e-05,3.676120832096785e-05
217,21363424,CX3CR1 on the Th2 cells promotes T cell survival,"Blimp-1 attenuates Th1 differentiation by repression of ifng, tbx21, and bcl6 gene expression. Blimp-1 mRNA and protein are more highly expressed in Th2 cells compared with Th1 cells, and Blimp-1 attenuates IFN-gamma production in CD4 cells activated under nonpolarizing conditions. Our data provide evidence that Blimp-1 functions in Th2 cells to reinforce Th2 differentiation by repressing critical Th1 genes.",NOINFO,NOINFO,0.999874472618103,8.664933557156473e-05,3.890365405823104e-05
217,20388894,CX3CR1 on the Th2 cells promotes T cell survival,The transcription factor c-Maf controls the production of interleukin-4 but not other Th2 cytokines. IL-4 promotes the differentiation of naive CD4+ T cells into IL-4-producing T helper 2 (Th2) cells. It was not known whether c-Maf controlled the transcription of other Th2 cytokine genes.,NOINFO,NOINFO,0.9998722076416016,8.203776087611914e-05,4.575015918817371e-05
217,8639034,CX3CR1 on the Th2 cells promotes T cell survival,"Human IL-10 is produced by both type 1 helper (Th1) and type 2 helper (Th2) T cell clones and inhibits their antigen-specific proliferation and cytokine production. Likewise, measurable IL-10 levels were found in the supernatants of both Th1 and Th2 clones. These data demonstrate that, unlike the murine system where IL-10 is a product of Th2 (but not Th1) cells and seems to mainly down-regulate the Th1 response, in the human system, IL-10 is produced by, and down-regulates the function of, both Th1 and Th2 cells.",NOINFO,NOINFO,0.9998798370361328,7.951433508424088e-05,4.069134229212068e-05
218,21366394,CX3CR1 on the Th2 cells promotes airway inflammation.,"CX3CR1 is required for airway inflammation by promoting T helper cell survival and maintenance in inflamed lung Transfer of WT CD4(+) T cells into CX3CR1-deficient mice restored the cardinal features of asthma, and CX3CR1-blocking reagents prevented airway inflammation in CX3CR1-deficient recipients injected with WT T(H)2 cells. CX3CR1-induced survival was also observed for T(H)1 cells upon airway inflammation but not under homeostatic conditions or upon peripheral inflammation.",SUPPORTS,SUPPORTS,0.0016381179448217154,0.9979043006896973,0.0004575621278490871
218,20311968,CX3CR1 on the Th2 cells promotes airway inflammation.,"Chimeric Antigen Receptor-Redirected Regulatory T Cells Suppress Experimental Allergic Airway Inflammation, a Model of Asthma We explored a regulatory T cell (Treg)-based therapy in the treatment of allergic airway inflammation, a model for asthma, which is characterized by an airway hyper-reactivity (AHR) and a chronic, T helper-2 (Th2) cell-dominated immune response to allergen. Data demonstrate that lung targeting CAR Treg cells ameliorate key features of experimental airway inflammation, paving the way for cell therapy of severe allergic asthma.",NOINFO,NOINFO,0.9998420476913452,0.00011728083336493,4.068980342708528e-05
218,7281161,CX3CR1 on the Th2 cells promotes airway inflammation.,"MicroRNA-21 is up-regulated in allergic airway inflammation and regulates IL-12p35 expression. These findings were validated in two independent models of allergen-induced allergic airway inflammation and in IL-4 lung transgenic mice. In summary, we have identified a miRNA signature in allergic airway inflammation, which includes miR-21 that modulates IL-12, a molecule germane to Th cell polarization.",NOINFO,NOINFO,0.9997859597206116,0.00017743028001859784,3.6543362512020394e-05
218,2042250,CX3CR1 on the Th2 cells promotes airway inflammation.,"Disease-associated functions of IL-33: the new kid in the IL-1 family The IL-33 receptor, consisting of ST2 and IL-1 receptor accessory protein, is also widely expressed, particularly by T helper 2 (TH2) cells and mast cells. However, IL-33 can also promote the pathogenesis of asthma by expanding TH2 cells and mediate joint inflammation, atopic dermatitis and anaphylaxis by mast cell activation.",NOINFO,NOINFO,0.9998114705085754,0.00015385722508653998,3.473486140137538e-05
218,888896,CX3CR1 on the Th2 cells promotes airway inflammation.,Naringenin inhibits allergen-induced airway inflammation and airway responsiveness and inhibits NF-kappaB activity in a murine model of asthma. We evaluated the development of airway inflammation and airway reactivity. Naringenin attenuated ovalbumin-induced airway inflammation and airway reactivity in experimental mice.,NOINFO,NOINFO,0.9998414516448975,0.00011017508950317279,4.841478221351281e-05
219,21366394,CX3CR1 on the Th2 cells suppresses airway inflammation.,"CX3CR1 is required for airway inflammation by promoting T helper cell survival and maintenance in inflamed lung Transfer of WT CD4(+) T cells into CX3CR1-deficient mice restored the cardinal features of asthma, and CX3CR1-blocking reagents prevented airway inflammation in CX3CR1-deficient recipients injected with WT T(H)2 cells. CX3CR1-induced survival was also observed for T(H)1 cells upon airway inflammation but not under homeostatic conditions or upon peripheral inflammation.",REFUTES,SUPPORTS,0.024002760648727417,0.9745990633964539,0.0013981517404317856
219,20311968,CX3CR1 on the Th2 cells suppresses airway inflammation.,"Chimeric Antigen Receptor-Redirected Regulatory T Cells Suppress Experimental Allergic Airway Inflammation, a Model of Asthma We explored a regulatory T cell (Treg)-based therapy in the treatment of allergic airway inflammation, a model for asthma, which is characterized by an airway hyper-reactivity (AHR) and a chronic, T helper-2 (Th2) cell-dominated immune response to allergen. Data demonstrate that lung targeting CAR Treg cells ameliorate key features of experimental airway inflammation, paving the way for cell therapy of severe allergic asthma.",NOINFO,NOINFO,0.999700665473938,0.00026169096236117184,3.76265961676836e-05
219,7281161,CX3CR1 on the Th2 cells suppresses airway inflammation.,"MicroRNA-21 is up-regulated in allergic airway inflammation and regulates IL-12p35 expression. These findings were validated in two independent models of allergen-induced allergic airway inflammation and in IL-4 lung transgenic mice. In summary, we have identified a miRNA signature in allergic airway inflammation, which includes miR-21 that modulates IL-12, a molecule germane to Th cell polarization.",NOINFO,NOINFO,0.9998216032981873,0.00013289386697579175,4.556948988465592e-05
219,2042250,CX3CR1 on the Th2 cells suppresses airway inflammation.,"Disease-associated functions of IL-33: the new kid in the IL-1 family The IL-33 receptor, consisting of ST2 and IL-1 receptor accessory protein, is also widely expressed, particularly by T helper 2 (TH2) cells and mast cells. However, IL-33 can also promote the pathogenesis of asthma by expanding TH2 cells and mediate joint inflammation, atopic dermatitis and anaphylaxis by mast cell activation.",NOINFO,NOINFO,0.9998636245727539,9.591103298589587e-05,4.037403050460853e-05
219,888896,CX3CR1 on the Th2 cells suppresses airway inflammation.,Naringenin inhibits allergen-induced airway inflammation and airway responsiveness and inhibits NF-kappaB activity in a murine model of asthma. We evaluated the development of airway inflammation and airway reactivity. Naringenin attenuated ovalbumin-induced airway inflammation and airway reactivity in experimental mice.,NOINFO,NOINFO,0.9997970461845398,0.00015597294259350747,4.692313086707145e-05
230,3067015,Carriers of the alcohol aldehyde dehydrogenase deficiency mutation drink less that non-carries.,Alcohol Intake and Blood Pressure: A Systematic Review Implementing a Mendelian Randomization Approach Mendelian randomization can provide robust evidence on the nature of this association by use of a common polymorphism in aldehyde dehydrogenase 2 (ALDH2) as a surrogate for measuring alcohol consumption. Individuals homozygous for the null variant (*2*2) experience adverse symptoms when drinking alcohol and consequently drink considerably less alcohol than wild-type homozygotes (*1*1) or heterozygotes.,SUPPORTS,NOINFO,0.5452324151992798,0.45245516300201416,0.002312482101842761
230,45638119,Carriers of the alcohol aldehyde dehydrogenase deficiency mutation drink less that non-carries.,"ALDH1 is a marker of normal and malignant human mammary stem cells and a predictor of poor clinical outcome. Utilizing in vitro and in vivo experimental systems, we show that normal and cancer human mammary epithelial cells with increased aldehyde dehydrogenase activity (ALDH) have stem/progenitor properties. These findings offer an important new tool for the study of normal and malignant breast stem cells and facilitate the clinical application of stem cell concepts.",NOINFO,NOINFO,0.9998055100440979,0.00011081855336669832,8.36502222227864e-05
230,6207111,Carriers of the alcohol aldehyde dehydrogenase deficiency mutation drink less that non-carries.,"Relationship of soft drink consumption to global overweight, obesity, and diabetes: a cross-national analysis of 75 countries. OBJECTIVES We estimated the relationship between soft drink consumption and obesity and diabetes worldwide. Bottled water consumption, which increased with per-capita income in parallel to soft drink consumption, served as a natural control group.",NOINFO,NOINFO,0.9998316764831543,0.0001055402317433618,6.277525972109288e-05
230,11457219,Carriers of the alcohol aldehyde dehydrogenase deficiency mutation drink less that non-carries.,"Fumarase deficiency in dichorionic diamniotic twins. Heterozygous carriers also carry an increased risk of developing hereditary leiomyomatosis and renal cell carcinoma. We describe a non-consanguineous family in whom a dichorionic diamniotic twin pregnancy resulted in twin boys with fumarase deficiency proven at the biochemical, enzymatic, and molecular levels.",NOINFO,NOINFO,0.9998793601989746,6.669670256087556e-05,5.3907242545392364e-05
230,26456326,Carriers of the alcohol aldehyde dehydrogenase deficiency mutation drink less that non-carries.,"Changing the density of alcohol outlets to reduce alcohol-related problems. Increasingly, it seems, legal and political debates regarding the granting of new liquor licences are turning to the issue of whether the number and density of alcohol outlets makes a difference in rates of alcohol consumption and alcohol-related harm. In this Harm Reduction Digest Livingston, Chikritzhs and Room review the research literature on the effects of density of alcohol sales outlets on alcohol consumption and alcohol-related problems; suggest a new way of conceptualising the relationships; and discuss the implications for reducing alcohol-related harm.",NOINFO,NOINFO,0.9998387098312378,0.00010974524775519967,5.143656744621694e-05
232,10536636,Cataract and trachoma are the primary cause of blindness in Southern Sudan.,"Prevalence and Causes of Blindness and Low Vision in Southern Sudan Background Blindness and low vision are thought to be common in southern Sudan. We aimed to estimate the prevalence of blindness and low vision, identify the main causes of blindness and low vision, and estimate targets for blindness prevention programs in Mankien payam (district), southern Sudan.",NOINFO,NOINFO,0.9996732473373413,0.00028628294239751995,4.052432632306591e-05
232,7655029,Cataract and trachoma are the primary cause of blindness in Southern Sudan.,The Burden of Trachoma in Ayod County of Southern Sudan Recent surveys have shown trachoma to be a serious cause of blindness in Southern Sudan. The high prevalence of active trachoma and trichiasis confirms the severe burden of blinding trachoma found in other post-conflict areas of Southern Sudan.,NOINFO,NOINFO,0.9996923208236694,0.0002606685447972268,4.710184657596983e-05
232,29090823,Cataract and trachoma are the primary cause of blindness in Southern Sudan.,"The epidemiology of trachoma in Eastern Equatoria and Upper Nile States, southern Sudan. OBJECTIVE Limited surveys and anecdotal data indicate that trachoma is endemic in the states of Eastern Equatoria and Upper Nile in southern Sudan. There is urgent need to implement trachoma control interventions in trachoma endemic regions of southern Sudan.",NOINFO,NOINFO,0.999815046787262,0.00012830215564463288,5.671177132171579e-05
232,34760396,Cataract and trachoma are the primary cause of blindness in Southern Sudan.,"Human and other faeces as breeding media of the trachoma vector Musca sorbens. The fly Musca sorbens Wiedemann (Diptera: Muscidae) apparently transmits Chlamydia trachomatis, causing human trachoma. We sought to identify breeding media of M. sorbens in a rural Gambian village endemic for trachoma.",NOINFO,NOINFO,0.9998809099197388,6.787957681808621e-05,5.123819209984504e-05
233,4388470,Cell autonomous sex determination in somatic cells does not occur in Galliformes.,"Somatic sex identity is cell-autonomous in the chicken In the mammalian model of sex determination, embryos are considered to be sexually indifferent until the transient action of a sex-determining gene initiates gonadal differentiation. Our study demonstrates that avian somatic cells possess an inherent sex identity and that, in birds, sexual differentiation is substantively cell autonomous.",REFUTES,REFUTES,0.0001529091241536662,0.00035761360777541995,0.9994895458221436
233,28390999,Cell autonomous sex determination in somatic cells does not occur in Galliformes.,Gene expression during gonadogenesis in the chicken embryo. Genes implicated in vertebrate sex determination and differentiation were studied in embryonic chicken gonads using reverse transcription and the polymerase chain reaction (RT-PCR). These expression profiles are analysed in terms of current theories of vertebrate sex determination.,NOINFO,NOINFO,0.9998875856399536,5.276187221170403e-05,5.955394226475619e-05
233,6913227,Cell autonomous sex determination in somatic cells does not occur in Galliformes.,"MicroRNA-Containing T-Regulatory-Cell-Derived Exosomes Suppress Pathogenic T Helper 1 Cells Gene silencing by RNA interference can act in a cell-autonomous and non-cell-autonomous manner, providing mechanisms of intercellular regulation. Here, we demonstrate that non-cell-autonomous gene silencing, mediated by miRNA-containing exosomes, is a mechanism employed by Treg cells to suppress T-cell-mediated disease.",NOINFO,NOINFO,0.9998623132705688,5.3070587455295026e-05,8.464107668260112e-05
233,28334217,Cell autonomous sex determination in somatic cells does not occur in Galliformes.,"Targeted inhibition of tumor-specific glutaminase diminishes cell-autonomous tumorigenesis. GLS is being explored as a cancer therapeutic target, but whether GLS inhibitors affect cancer cell-autonomous growth or the host microenvironment or have off-target effects is unknown. Collectively, our studies demonstrate that GLS is required for tumorigenesis and support small molecule and genetic inhibition of GLS as potential approaches for targeting the tumor cell-autonomous dependence on GLS for cancer therapy.",NOINFO,NOINFO,0.9998637437820435,4.6018623834243044e-05,9.027624037116766e-05
233,29641682,Cell autonomous sex determination in somatic cells does not occur in Galliformes.,"Reprogramming somatic cells towards pluripotency by cellular fusion. Pluripotent cells arise within the inner cell mass (ICM) of mammals and have the potential to generate all cell types of the adult organism through a process of commitment and ordered differentiation. Reprogramming of somatic cells towards a pluripotent-like state can be achieved by several different experimental routes including nuclear transfer, the supply of a defined cocktail of transcription factors, or by fusing somatic cells with a pluripotent stem cell partner.",NOINFO,NOINFO,0.9998886585235596,4.548362267087214e-05,6.57916534692049e-05
236,4388470,Cell autonomous sex determination in somatic cells occurs in Passeriformes.,"Somatic sex identity is cell-autonomous in the chicken In the mammalian model of sex determination, embryos are considered to be sexually indifferent until the transient action of a sex-determining gene initiates gonadal differentiation. Our study demonstrates that avian somatic cells possess an inherent sex identity and that, in birds, sexual differentiation is substantively cell autonomous.",SUPPORTS,SUPPORTS,0.00041204094304703176,0.9985820055007935,0.0010059633059427142
236,28390999,Cell autonomous sex determination in somatic cells occurs in Passeriformes.,Gene expression during gonadogenesis in the chicken embryo. Genes implicated in vertebrate sex determination and differentiation were studied in embryonic chicken gonads using reverse transcription and the polymerase chain reaction (RT-PCR). These expression profiles are analysed in terms of current theories of vertebrate sex determination.,NOINFO,NOINFO,0.9998642206192017,9.609860717318952e-05,3.9670550904702395e-05
236,6913227,Cell autonomous sex determination in somatic cells occurs in Passeriformes.,"MicroRNA-Containing T-Regulatory-Cell-Derived Exosomes Suppress Pathogenic T Helper 1 Cells Gene silencing by RNA interference can act in a cell-autonomous and non-cell-autonomous manner, providing mechanisms of intercellular regulation. Here, we demonstrate that non-cell-autonomous gene silencing, mediated by miRNA-containing exosomes, is a mechanism employed by Treg cells to suppress T-cell-mediated disease.",NOINFO,NOINFO,0.9996999502182007,0.0002368801215197891,6.313583435257897e-05
236,28334217,Cell autonomous sex determination in somatic cells occurs in Passeriformes.,"Targeted inhibition of tumor-specific glutaminase diminishes cell-autonomous tumorigenesis. GLS is being explored as a cancer therapeutic target, but whether GLS inhibitors affect cancer cell-autonomous growth or the host microenvironment or have off-target effects is unknown. Collectively, our studies demonstrate that GLS is required for tumorigenesis and support small molecule and genetic inhibition of GLS as potential approaches for targeting the tumor cell-autonomous dependence on GLS for cancer therapy.",NOINFO,NOINFO,0.9998296499252319,7.873766298871487e-05,9.151584526989609e-05
236,29641682,Cell autonomous sex determination in somatic cells occurs in Passeriformes.,"Reprogramming somatic cells towards pluripotency by cellular fusion. Pluripotent cells arise within the inner cell mass (ICM) of mammals and have the potential to generate all cell types of the adult organism through a process of commitment and ordered differentiation. Reprogramming of somatic cells towards a pluripotent-like state can be achieved by several different experimental routes including nuclear transfer, the supply of a defined cocktail of transcription factors, or by fusing somatic cells with a pluripotent stem cell partner.",NOINFO,NOINFO,0.9998538494110107,0.00010513110464671627,4.1009428969118744e-05
237,4942718,Cells lacking clpC have a defect in sporulation efficiency in Bacillus subtilis.,High-Throughput Genetic Screens Identify a Large and Diverse Collection of New Sporulation Genes in Bacillus subtilis The differentiation of the bacterium Bacillus subtilis into a dormant spore is among the most well-characterized developmental pathways in biology. Several mutants had novel sporulation phenotypes.,NOINFO,NOINFO,0.9995527863502502,0.0004132478788960725,3.3987769711529836e-05
237,34386619,Cells lacking clpC have a defect in sporulation efficiency in Bacillus subtilis.,"The first gene of the Bacillus subtilis clpC operon, ctsR, encodes a negative regulator of its own operon and other class III heat shock genes. The Bacillus subtilis clpC operon is regulated by two stress induction pathways relying on either sigmaB or a class III stress induction mechanism acting at a sigmaA-like promoter. When the clpC operon was placed under the control of the isopropyl-beta-D-thiogalactopyranoside (IPTG)-inducible Pspac promoter, dramatic repression of the natural clpC promoters fused to a lacZ reporter gene was noticed after IPTG induction.",NOINFO,NOINFO,0.9997207522392273,0.00021400781406555325,6.51413356536068e-05
237,12881593,Cells lacking clpC have a defect in sporulation efficiency in Bacillus subtilis.,"Fine-tuning in regulation of Clp protein content in Bacillus subtilis. Clp-controlled proteolysis in Bacillus subtilis seems to play a substantial role, particularly under stress conditions. According to these numbers, the different Clp ATPases do not seem to compete for the proteolytic subunit ClpP. Coimmunoprecipitation experiments revealed the predicted specific ClpX-ClpP, ClpC-ClpP, and ClpE-ClpP interactions.",NOINFO,NOINFO,0.9998726844787598,9.098510054172948e-05,3.6333021853351966e-05
237,12824568,Cells lacking clpC have a defect in sporulation efficiency in Bacillus subtilis.,"From Cell Differentiation to Cell Collectives: Bacillus subtilis Uses Division of Labor to Migrate In this study, we show how flagellum-independent migration is driven by the division of labor of two cell types that appear during Bacillus subtilis sliding motility. We propose that surfactin-producing cells reduce the friction between cells and their substrate, thereby facilitating matrix-producing cells to form bundles.",NOINFO,NOINFO,0.9998345375061035,0.00011478714441182092,5.063890421297401e-05
238,2251426,Cells undergoing methionine restriction may activate miRNAs.,"microRNAs: A Safeguard against Turmoil? Emerging data suggest that microRNAs (miRNAs) are instrumental in a variety of stress responses in addition to their more recognized role in development. Surprisingly, miRNAs, which normally suppress expression of target transcripts, may become activators of expression during stress.",NOINFO,NOINFO,0.9997925162315369,0.00016831712855491787,3.920556264347397e-05
238,4463811,Cells undergoing methionine restriction may activate miRNAs.,"Low methionine ingestion by rats extends life span. Methionine restriction completely abolished growth, although food intake was actually greater on a body weight basis. Increasing the energy intake of rats fed 0.17% methionine failed to increase their rate of growth, whereas restricting 0.85% methionine-fed rats to the food intake of 0.17% methionine-fed animals did not materially reduce growth, indicating that food restriction was not a factor in life span extension in these experiments.",NOINFO,NOINFO,0.9998524188995361,8.464023994747549e-05,6.289928569458425e-05
238,23017040,Cells undergoing methionine restriction may activate miRNAs.,"Methionine restriction decreases visceral fat mass and preserves insulin action in aging male Fischer 344 rats independent of energy restriction. Reduced dietary methionine intake (0.17% methionine, MR) and calorie restriction (CR) prolong lifespan in male Fischer 344 rats. Collectively, the results indicate that MR reduces visceral fat and preserves insulin activity in aging rats independent of energy restriction.",NOINFO,NOINFO,0.9998138546943665,0.00014912389451637864,3.711987301358022e-05
238,36654066,Cells undergoing methionine restriction may activate miRNAs.,"Increased lipid peroxidation as a mechanism of methionine-induced atherosclerosis in rabbits. Methionine is converted by the transmethylation/transsulfuration pathway to homocysteine which may exert atherogenic effects by several mechanisms, including lipid peroxidation. Therefore, the excessive dietary methionine may induce the development of atherosclerosis.",NOINFO,NOINFO,0.9998764991760254,8.447712752968073e-05,3.897979331668466e-05
239,14079881,Cellular aging closely links to an older appearance.,"Perceived age as clinically useful biomarker of ageing: cohort study. PARTICIPANTS 20 nurses, 10 young men, and 11 older women (assessors); 1826 twins aged >or=70. The likelihood that the older looking twin of the pair died first increased with increasing discordance in perceived age within the twin pair-that is, the bigger the difference in perceived age within the pair, the more likely that the older looking twin died first.",SUPPORTS,NOINFO,0.9996986389160156,0.00024108051729854196,6.024456160957925e-05
239,615047,Cellular aging closely links to an older appearance.,"Fission yeast and other yeasts as emergent models to unravel cellular aging in eukaryotes. Studies pioneered in Saccharomyces cerevisiae were useful to elucidate a significant number of molecular mechanisms underlying cellular aging and to discover novel longevity genes. In fission yeast, researchers have found links between asymmetrical cell division and nutrient signaling pathways with aging.",NOINFO,NOINFO,0.9991458654403687,0.0008071926422417164,4.6984245273051783e-05
239,516867,Cellular aging closely links to an older appearance.,"Candida albicans, a distinctive fungal model for cellular aging study Deletion of the SIR2 gene causes a decrease of lifespan, while insertion of an extra copy of SIR2 extends lifespan, indicating that like in S. cerevisiae, Sir2 regulates cellular aging in C. albicans. This novel aging model, which allows efficient large-scale isolation of old cells, may facilitate biochemical characterizations and genomics/proteomics studies of cellular aging, and help to verify the aging pathways observed in other organisms including S. cerevisiae.",NOINFO,SUPPORTS,0.05597969889640808,0.9429032802581787,0.0011170401703566313
239,19343151,Cellular aging closely links to an older appearance.,"p16INK4A is a robust in vivo biomarker of cellular aging in human skin. The cell-cycle regulating gene, p16INK4A, encoding an inhibitor of cyclin-dependent kinases 4 and 6, is considered to play an important role in cellular aging and in premature senescence. p16INK4A therefore is a biomarker for human aging in vivo.",NOINFO,NOINFO,0.9958919286727905,0.004010798409581184,9.722413960844278e-05
239,7042304,Cellular aging closely links to an older appearance.,"The threshold for polyglutamine-expansion protein aggregation and cellular toxicity is dynamic and influenced by aging in Caenorhabditis elegans. Surprisingly, genetically identical animals expressing near-threshold polyQ repeats exhibited a high degree of variation in the appearance of protein aggregates and cellular toxicity that was dependent on repeat length and exacerbated during aging. We observed a dramatic delay of polyQ toxicity and appearance of protein aggregates.",NOINFO,NOINFO,0.9990725517272949,0.0008752798312343657,5.220653838478029e-05
248,1568684,Chenodeosycholic acid treatment increases whole-body energy expenditure.,"The Bile Acid Chenodeoxycholic Acid Increases Human Brown Adipose Tissue Activity. In rodents, BAT can be activated by bile acids, which activate type 2 iodothyronine deiodinase (D2) in BAT via the G-coupled protein receptor TGR5, resulting in increased oxygen consumption and energy expenditure. Whole-body energy expenditure was also increased upon CDCA treatment.",SUPPORTS,SUPPORTS,0.0017760939663276076,0.9977185726165771,0.0005053927889093757
248,23369842,Chenodeosycholic acid treatment increases whole-body energy expenditure.,Metabolic effects of isoenergetic nutrient exchange over 24 hours in relation to obesity in women. Energy expenditure was greater in absolute terms in the obese women. Twenty-four hour energy expenditure was lower by only 3-7 per cent when fasting compared to that when fed to achieve energy balance.,NOINFO,NOINFO,0.9998681545257568,8.853053441271186e-05,4.323068424127996e-05
248,25050364,Chenodeosycholic acid treatment increases whole-body energy expenditure.,"Interleukin-18 null mutation increases weight and food intake and reduces energy expenditure and lipid substrate utilization in high-fat diet fed mice Here, we tested the hypothesis that IL-18 modulates weight gain, energy intake, whole-body energy expenditure, and utilization of lipid as a fuel substrate in high-fat diet fed mice. RESULTS Chow-reared IL-18 knockout mice were overweight at 6 months of age and then gained excess weight on both low-fat and high-fat diets, ate more high-fat diet, and showed reduced whole-body energy expenditure and increased respiratory exchange ratios.",NOINFO,NOINFO,0.9998262524604797,0.00013525117537938058,3.844855382340029e-05
248,45154987,Chenodeosycholic acid treatment increases whole-body energy expenditure.,"Glutamate mediates the function of melanocortin receptor 4 on Sim1 neurons in body weight regulation. The reversal was caused by lower energy expenditure and hyperphagia. Corroboratively, selective disruption of glutamate release from adult PVH neurons led to rapid obesity development via reduced energy expenditure and hyperphagia.",NOINFO,NOINFO,0.9998747110366821,8.268139936262742e-05,4.2560732254059985e-05
248,26902591,Chenodeosycholic acid treatment increases whole-body energy expenditure.,"A switch from white to brown fat increases energy expenditure in cancer-associated cachexia. Cancer-associated cachexia (CAC) is a wasting syndrome characterized by systemic inflammation, body weight loss, atrophy of white adipose tissue (WAT) and skeletal muscle. WAT browning is associated with increased expression of uncoupling protein 1 (UCP1), which uncouples mitochondrial respiration toward thermogenesis instead of ATP synthesis, leading to increased lipid mobilization and energy expenditure in cachectic mice.",NOINFO,NOINFO,0.9998131394386292,0.0001462394866393879,4.060923311044462e-05
249,1568684,Chenodeosycholic acid treatment reduces whole-body energy expenditure.,"The Bile Acid Chenodeoxycholic Acid Increases Human Brown Adipose Tissue Activity. In rodents, BAT can be activated by bile acids, which activate type 2 iodothyronine deiodinase (D2) in BAT via the G-coupled protein receptor TGR5, resulting in increased oxygen consumption and energy expenditure. Whole-body energy expenditure was also increased upon CDCA treatment.",REFUTES,REFUTES,0.2595091164112091,0.0012183088110759854,0.7392726540565491
249,23369842,Chenodeosycholic acid treatment reduces whole-body energy expenditure.,Metabolic effects of isoenergetic nutrient exchange over 24 hours in relation to obesity in women. Energy expenditure was greater in absolute terms in the obese women. Twenty-four hour energy expenditure was lower by only 3-7 per cent when fasting compared to that when fed to achieve energy balance.,NOINFO,NOINFO,0.9998480081558228,6.748078158125281e-05,8.447471918771043e-05
249,25050364,Chenodeosycholic acid treatment reduces whole-body energy expenditure.,"Interleukin-18 null mutation increases weight and food intake and reduces energy expenditure and lipid substrate utilization in high-fat diet fed mice Here, we tested the hypothesis that IL-18 modulates weight gain, energy intake, whole-body energy expenditure, and utilization of lipid as a fuel substrate in high-fat diet fed mice. RESULTS Chow-reared IL-18 knockout mice were overweight at 6 months of age and then gained excess weight on both low-fat and high-fat diets, ate more high-fat diet, and showed reduced whole-body energy expenditure and increased respiratory exchange ratios.",NOINFO,NOINFO,0.9998733997344971,8.547265315428376e-05,4.117073694942519e-05
249,45154987,Chenodeosycholic acid treatment reduces whole-body energy expenditure.,"Glutamate mediates the function of melanocortin receptor 4 on Sim1 neurons in body weight regulation. The reversal was caused by lower energy expenditure and hyperphagia. Corroboratively, selective disruption of glutamate release from adult PVH neurons led to rapid obesity development via reduced energy expenditure and hyperphagia.",NOINFO,NOINFO,0.9998875856399536,6.553508137585595e-05,4.683581573772244e-05
249,26902591,Chenodeosycholic acid treatment reduces whole-body energy expenditure.,"A switch from white to brown fat increases energy expenditure in cancer-associated cachexia. Cancer-associated cachexia (CAC) is a wasting syndrome characterized by systemic inflammation, body weight loss, atrophy of white adipose tissue (WAT) and skeletal muscle. WAT browning is associated with increased expression of uncoupling protein 1 (UCP1), which uncouples mitochondrial respiration toward thermogenesis instead of ATP synthesis, leading to increased lipid mobilization and energy expenditure in cachectic mice.",NOINFO,NOINFO,0.9998644590377808,6.049037983757444e-05,7.513460877817124e-05
261,1122279,"Chronic aerobic exercise alters endothelial function, improving vasodilating mechanisms mediated by NO.",Endothelium-mediated relaxation of porcine collateral-dependent arterioles is improved by exercise training. We used a porcine model of chronic coronary occlusion and collateral development to evaluate the hypothesis that exercise training enhances endothelium-mediated relaxation and increases endothelial nitric oxide synthase (ecNOS) mRNA levels of collateral-dependent microvasculature. Nitroprusside-induced relaxation was unaffected by either chronic occlusion or exercise.,SUPPORTS,NOINFO,0.9995967745780945,0.0001859101466834545,0.0002173510001739487
261,10697096,"Chronic aerobic exercise alters endothelial function, improving vasodilating mechanisms mediated by NO.",Vasodilator responses of coronary resistance arteries of exercise-trained pigs. METHODS AND RESULTS Yucatan miniature swine were randomly divided into groups of exercise-trained (ET) and sedentary (SED) control pigs. Relaxation responses to adenosine and sodium nitroprusside were not altered by exercise training.,SUPPORTS,NOINFO,0.9997922778129578,0.0001209976981044747,8.681161125423387e-05
261,35271381,"Chronic aerobic exercise alters endothelial function, improving vasodilating mechanisms mediated by NO.","Exercise training-induced adaptations in the coronary circulation. Also, there is evidence that the mode, frequency, and intensity of exercise training bouts and duration of training may influence the adaptive changes in endothelial function. Although much remains to be studied, evidence clearly indicates that chronic exercise alters the phenotype of coronary endothelial and vascular smooth muscle cells and that plasticity of these cells plays a role in adaptation of the cardiovascular system in exercise training.",NOINFO,NOINFO,0.9996778964996338,0.0002801992523018271,4.19745447288733e-05
261,32322418,"Chronic aerobic exercise alters endothelial function, improving vasodilating mechanisms mediated by NO.","Moderate regular exercise increases basal production of nitric oxide in elderly women. We previously reported that the plasma nitrite/nitrate (NOx: the stable end product of NO) concentration was significantly increased by intense aerobic exercise training in healthy young humans. We measured the plasma NOx concentration before and after a mild aerobic exercise training regimen (cycling on a leg ergometer at 80% ventilatory threshold for 30 min, 5 days/week) for 3 months in elderly women.",NOINFO,NOINFO,0.9998525381088257,6.867777119623497e-05,7.873946015024558e-05
261,5152028,"Chronic aerobic exercise alters endothelial function, improving vasodilating mechanisms mediated by NO.","Folic acid improves endothelial function in coronary artery disease via mechanisms largely independent of homocysteine lowering. We investigated the effects of folic acid on endothelial function before a change in homocysteine in patients with CAD. Endothelial function, assessed by flow-mediated dilatation (FMD), was measured before, at 2 and 4 hours after the first dose of folic acid, and after 6 weeks of treatment.",NOINFO,NOINFO,0.9998503923416138,0.00010492560977581888,4.468938277568668e-05
261,2424794,"Chronic aerobic exercise alters endothelial function, improving vasodilating mechanisms mediated by NO.","A neuroimaging investigation of the association between aerobic fitness, hippocampal volume, and memory performance in preadolescent children. Animal research has indicated that aerobic exercise is related to increased cell proliferation and survival in the hippocampus as well as enhanced hippocampal-dependent learning and memory. The findings are the first to indicate that aerobic fitness may relate to the structure and function of the preadolescent human brain.",NOINFO,NOINFO,0.999792754650116,7.410905527649447e-05,0.00013314984971657395
268,970012,Cold exposure increases BAT recruitment.,"Cold Exposure Promotes Atherosclerotic Plaque Growth and Instability via UCP1-Dependent Lipolysis In two genetic mouse knockout models (apolipoprotein E(-/-) [ApoE(-/-)] and LDL receptor(-/-) [Ldlr(-/-)] mice), persistent cold exposure stimulated atherosclerotic plaque growth by increasing lipid deposition. Deletion of uncoupling protein 1 (UCP1), a key mitochondrial protein involved in thermogenesis in brown adipose tissue (BAT), in the ApoE(-/-) strain completely protected mice from the cold-induced atherosclerotic lesions.",NOINFO,NOINFO,0.9997847676277161,0.00015597102174069732,5.9199926909059286e-05
268,29381091,Cold exposure increases BAT recruitment.,"Brown and white adipose tissues: intrinsic differences in gene expression and response to cold exposure in mice We explored the plasticity of different white adipose tissue depots in acquiring a brown phenotype by cold exposure. For example, neuregulin 4 was more highly expressed in brown adipose tissue and upregulated in white fat upon cold exposure, and cell studies showed that it is a neurite outgrowth-promoting adipokine, indicative of a role in increasing adipose tissue innervation in response to cold.",NOINFO,NOINFO,0.999874472618103,8.480758697260171e-05,4.0611728763906285e-05
268,36838958,Cold exposure increases BAT recruitment.,"Sestrin2 inhibits uncoupling protein 1 expression through suppressing reactive oxygen species. Upon cold exposure or nutritional abundance, sympathetic neurons stimulate BAT to express Ucp1 to induce energy dissipation and thermogenesis. Transgenic overexpression of Sestrin2 in adipose tissues inhibited both basal and cold-induced Ucp1 expression in interscapular BAT, culminating in decreased thermogenesis and increased fat accumulation.",NOINFO,NOINFO,0.9998100399971008,0.00011147028999403119,7.858248136471957e-05
268,32955023,Cold exposure increases BAT recruitment.,"Pdgfrβ+ Mural Preadipocytes Contribute to Adipocyte Hyperplasia Induced by High-Fat-Diet Feeding and Prolonged Cold Exposure in Adult Mice. Interestingly, Pdgfrβ(+) cells do not significantly contribute to the initial cold-induced recruitment of beige adipocytes in WAT; it is only after prolonged cold exposure that these cells differentiate into beige adipocytes. These results provide genetic evidence for a mural cell origin of white adipocytes in obesity and suggest that beige adipogenesis may originate from multiple sources.",NOINFO,NOINFO,0.9990049004554749,0.0009021215955726802,9.306190622737631e-05
269,970012,Cold exposure reduces BAT recruitment.,"Cold Exposure Promotes Atherosclerotic Plaque Growth and Instability via UCP1-Dependent Lipolysis In two genetic mouse knockout models (apolipoprotein E(-/-) [ApoE(-/-)] and LDL receptor(-/-) [Ldlr(-/-)] mice), persistent cold exposure stimulated atherosclerotic plaque growth by increasing lipid deposition. Deletion of uncoupling protein 1 (UCP1), a key mitochondrial protein involved in thermogenesis in brown adipose tissue (BAT), in the ApoE(-/-) strain completely protected mice from the cold-induced atherosclerotic lesions.",NOINFO,NOINFO,0.9996422529220581,6.866332842037082e-05,0.00028908340027555823
269,36838958,Cold exposure reduces BAT recruitment.,"Sestrin2 inhibits uncoupling protein 1 expression through suppressing reactive oxygen species. Upon cold exposure or nutritional abundance, sympathetic neurons stimulate BAT to express Ucp1 to induce energy dissipation and thermogenesis. Transgenic overexpression of Sestrin2 in adipose tissues inhibited both basal and cold-induced Ucp1 expression in interscapular BAT, culminating in decreased thermogenesis and increased fat accumulation.",NOINFO,NOINFO,0.9997102618217468,7.395834836643189e-05,0.0002156840346287936
269,29381091,Cold exposure reduces BAT recruitment.,"Brown and white adipose tissues: intrinsic differences in gene expression and response to cold exposure in mice We explored the plasticity of different white adipose tissue depots in acquiring a brown phenotype by cold exposure. For example, neuregulin 4 was more highly expressed in brown adipose tissue and upregulated in white fat upon cold exposure, and cell studies showed that it is a neurite outgrowth-promoting adipokine, indicative of a role in increasing adipose tissue innervation in response to cold.",NOINFO,NOINFO,0.9998195767402649,5.063814387540333e-05,0.0001298151328228414
269,32955023,Cold exposure reduces BAT recruitment.,"Pdgfrβ+ Mural Preadipocytes Contribute to Adipocyte Hyperplasia Induced by High-Fat-Diet Feeding and Prolonged Cold Exposure in Adult Mice. Interestingly, Pdgfrβ(+) cells do not significantly contribute to the initial cold-induced recruitment of beige adipocytes in WAT; it is only after prolonged cold exposure that these cells differentiate into beige adipocytes. These results provide genetic evidence for a mural cell origin of white adipocytes in obesity and suggest that beige adipogenesis may originate from multiple sources.",NOINFO,NOINFO,0.9110210537910461,0.0006065991474315524,0.08837226778268814
274,11614737,Combination nicotine replacement therapies with varenicline or bupropion lead to significantly higher long-term abstinence rates at 52 weeks than varenicline monotherapy.,Combination varenicline and bupropion SR for tobacco-dependence treatment in cigarette smokers: a randomized trial. OBJECTIVE To determine efficacy and safety of varenicline and bupropion sustained-release (SR; combination therapy) compared with varenicline (monotherapy) in cigarette smokers. INTERVENTIONS Twelve weeks of varenicline and bupropion SR or varenicline and placebo.,REFUTES,REFUTES,0.000585959292948246,0.0215048436075449,0.9779092073440552
274,5114940,Combination nicotine replacement therapies with varenicline or bupropion lead to significantly higher long-term abstinence rates at 52 weeks than varenicline monotherapy.,"Pharmacological interventions for smoking cessation: an overview and network meta-analysis. OBJECTIVES How do NRT, bupropion and varenicline compare with placebo and with each other in achieving long-term abstinence (six months or longer)? For NRT, bupropion and varenicline we conducted network meta-analyses, comparing each with the others and with placebo for benefit, and varenicline and bupropion for risks of serious adverse events.",NOINFO,NOINFO,0.9953380823135376,0.0045212809927761555,0.00014055563951842487
274,34369306,Combination nicotine replacement therapies with varenicline or bupropion lead to significantly higher long-term abstinence rates at 52 weeks than varenicline monotherapy.,"Long-term efficacy of nicotine replacement therapy for smoking cessation in adolescents: a randomized controlled trial. At T8, abstinence was 4.4% and 6.6%, respectively. Intention-to-treat analyses showed no significant effects of NRT on abstinence rates at T7 (OR=1.54, 95% CI=0.57, 4.16) and validated abstinence rates at T8 (OR=0.64, 95% CI=0.21, 1.93) neither after considering compliance nor after adjusting for covariates.",NOINFO,NOINFO,0.9996434450149536,0.0002942102146334946,6.227500853128731e-05
274,24019260,Combination nicotine replacement therapies with varenicline or bupropion lead to significantly higher long-term abstinence rates at 52 weeks than varenicline monotherapy.,"Varenicline, an alpha4beta2 nicotinic acetylcholine receptor partial agonist, selectively decreases ethanol consumption and seeking. Varenicline, a partial agonist at the alpha4beta2 nAChRs, reduces nicotine intake and was recently approved as a smoking cessation aid. Furthermore, chronic varenicline administration decreased ethanol consumption, which did not result in a rebound increase in ethanol intake when the varenicline was no longer administered.",NOINFO,NOINFO,0.9998252987861633,0.0001205299558932893,5.4221105528995395e-05
274,5551138,Combination nicotine replacement therapies with varenicline or bupropion lead to significantly higher long-term abstinence rates at 52 weeks than varenicline monotherapy.,"Nortriptyline for smoking cessation: a review. Nortriptyline is an efficacious aid to smoking cessation with a magnitude of effect similar to that for bupropion and nicotine replacement therapies. The finding that nortriptyline and bupropion are effective for smoking cessation but that selective serotonin-reuptake inhibitors are not suggests that dopaminergic or adrenergic, but not serotonergic, activity is important for cessation efficacy.",NOINFO,NOINFO,0.9997968077659607,0.00015719620569143444,4.601554246619344e-05
275,4961038,Combining phosphatidylinositide 3-kinase and MEK 1/2 inhibitors is effective at treating KRAS mutant tumors.,"Effective Use of PI3K and MEK Inhibitors to Treat Mutant K-Ras G12D and PIK3CA H1047R Murine Lung Cancers However, when NVP-BEZ235 was combined with a mitogen-activated protein kinase kinase (MEK) inhibitor, ARRY-142886, there was marked synergy in shrinking these Kras-mutant cancers. These in vivo studies suggest that inhibitors of the PI3K-mTOR pathway may be active in cancers with PIK3CA mutations and, when combined with MEK inhibitors, may effectively treat KRAS mutated lung cancers.",SUPPORTS,NOINFO,0.9487621784210205,0.051024533808231354,0.00021326229034457356
275,14241418,Combining phosphatidylinositide 3-kinase and MEK 1/2 inhibitors is effective at treating KRAS mutant tumors.,"NVP-BEZ235, a dual PI3K/mTOR inhibitor, prevents PI3K signaling and inhibits the growth of cancer cells with activating PI3K mutations. Phosphatidylinositol-3-kinase (PI3K) pathway deregulation is a common event in human cancer, either through inactivation of the tumor suppressor phosphatase and tensin homologue deleted from chromosome 10 or activating mutations of p110-alpha. In treated animals, there was complete inhibition of PI3K signaling in the skin at pharmacologically active doses, suggesting that skin may serve as surrogate tissue for pharmacodynamic studies.",SUPPORTS,NOINFO,0.9995993971824646,0.0003569550171960145,4.3558036850299686e-05
275,14819804,Combining phosphatidylinositide 3-kinase and MEK 1/2 inhibitors is effective at treating KRAS mutant tumors.,"Mutations in the phosphatidylinositol-3-kinase pathway predict for antitumor activity of the inhibitor PX-866 whereas oncogenic Ras is a dominant predictor for resistance. Mutant PI3K (PIK3CA) and loss of PTEN activity were sufficient, but not necessary, as predictors of sensitivity to the antitumor activity of the PI3K inhibitor PX-866 in the presence of wild-type Ras, whereas mutant oncogenic Ras was a dominant determinant of resistance, even in tumors with coexisting mutations in PIK3CA. Studies using an H-Ras construct to constitutively and preferentially activate the three best-defined downstream targets of Ras, i.e., Raf, RalGDS, and PI3K, showed that mutant Ras mediates resistance through its ability to use multiple pathways for tumorigenesis.",NOINFO,NOINFO,0.9987350106239319,0.0012231278233230114,4.1934956243494526e-05
275,4920376,Combining phosphatidylinositide 3-kinase and MEK 1/2 inhibitors is effective at treating KRAS mutant tumors.,Long-Term ERK Inhibition in KRAS-Mutant Pancreatic Cancer Is Associated with MYC Degradation and Senescence-like Growth Suppression. Induction of compensatory mechanisms and ERK reactivation has limited the effectiveness of Raf and MEK inhibitors in RAS-mutant cancers. We determined that direct pharmacologic inhibition of ERK suppressed the growth of a subset of KRAS-mutant pancreatic cancer cell lines and that concurrent phosphatidylinositol 3-kinase (PI3K) inhibition caused synergistic cell death.,NOINFO,NOINFO,0.9984740614891052,0.0014692378463223577,5.6635708460817114e-05
275,2272614,Combining phosphatidylinositide 3-kinase and MEK 1/2 inhibitors is effective at treating KRAS mutant tumors.,Reduced NF1 expression confers resistance to EGFR inhibition in lung cancer. Treatment of neurofibromin-deficient lung cancers with a MAP-ERK kinase (MEK) inhibitor restored sensitivity to erlotinib. These findings identify a subgroup of patients with EGFR-mutant lung adenocarcinoma who might benefit from combination therapy with EGFR and MEK inhibitors.,NOINFO,NOINFO,0.9997666478157043,0.00018997982260771096,4.3395484681241214e-05
275,85665741,Combining phosphatidylinositide 3-kinase and MEK 1/2 inhibitors is effective at treating KRAS mutant tumors.,"BRAF mutation predicts for MEK-dependence in non-small cell lung cancer (NSCLC). Using the potent and selective MEK1/2 inhibitor PD0325901 (Pfizer), we examined a panel of NSCLC cell lines with mutant EGFR, KRAS, and/or low, intermediate and high-activity BRAF kinase domain mutations for MEK dependence. These results suggest that MEK inhibition may be useful therapeutically in tumors with V600E and non-V600E BRAF kinase domain mutations.",NOINFO,NOINFO,0.9996598958969116,0.00030743275419808924,3.26892186421901e-05
279,14376683,Commelina yellow mottle virus' (ComYMV) genome consists of 7489 baise pairs.,"Properties of Commelina yellow mottle virus's complete DNA sequence, genomic discontinuities and transcript suggest that it is a pararetrovirus. We have characterized the viral transcript and determined the complete sequence of the genome of Commelina mellow mottle virus (CoYMV), a member of this group. We have demonstrated that a construct containing 1.3 CoYMV genomes is infective when introduced into Commelina diffusa, the host for CoYMV, using Agrobacterium-mediated infection.",SUPPORTS,REFUTES,0.00029007374541833997,0.0005536981043405831,0.9991562366485596
279,83667891,Commelina yellow mottle virus' (ComYMV) genome consists of 7489 baise pairs.,"Identification and transmission of Piper yellow mottle virus and Cucumber mosaic virus infecting black pepper (Piper nigrum) in Sri Lanka Sri Lankan black pepper with symptoms of yellow mottle disease contained a mixture of viruses: Piper yellow mottle virus (PYMV) particles (30 × 130 nm), Cucumber mosaic virus (CMV, 30 nm diameter isometric particles), and unidentified, isometric virus-like particles (30 nm diameter).",NOINFO,NOINFO,0.9998397827148438,7.873845606809482e-05,8.139670535456389e-05
279,37677954,Commelina yellow mottle virus' (ComYMV) genome consists of 7489 baise pairs.,"Characterization of complete genome and small RNA profile of pagoda yellow mosaic associated virus, a novel badnavirus in China. The complete genome of this virus was determined to comprise 7424 nucleotides, and the virus shared 40.4-45.1% identity with that of other badnaviruses. The virus is tentatively named pagoda yellow mosaic associated virus (PYMAV).",NOINFO,NOINFO,0.9997169375419617,0.00012122512271162122,0.00016185677668545395
279,46193478,Commelina yellow mottle virus' (ComYMV) genome consists of 7489 baise pairs.,A negative staining method for high resolution electron microscopy of viruses. Abstract A simple technique has been developed for the study of the external form and structure of virus particles. The application of the technique to tobacco mosaic virus and turnip yellow mosaic virus is described.,NOINFO,NOINFO,0.9998382329940796,6.277566717471927e-05,9.895306720864028e-05
279,87986426,Commelina yellow mottle virus' (ComYMV) genome consists of 7489 baise pairs.,"Detection of Sugarcane bacilliform virus isolate and its influence on yield and quality of cane in Yunnan Sugarcane bacilliform virus(SCBV) was detected by PCR from sugarcane showing chlorosis and mottle symptom from Kaiyuan,Yunnan Province. The juice extraction,sucrose content,gravity purity and average stalk weight were decreased 1.55%,1.24%,2.22% and 0.26 kg in plants infected with SCBV-Kaiyuan,but reducing sugar was increased by 0.21% in infected plants.",NOINFO,NOINFO,0.99982750415802,7.766832277411595e-05,9.479022264713421e-05
294,10874408,Crossover hot spots are not found within gene promoters in Saccharomyces cerevisiae.,"Mapping Meiotic Single-Strand DNA Reveals a New Landscape of DNA Double-Strand Breaks in Saccharomyces cerevisiae Previous DSB-mapping studies have used rad50S or sae2Δ mutants, which are defective in break processing, to accumulate Spo11-linked DSBs, and report large (≥ 50 kb) “DSB-hot” regions that are separated by “DSB-cold” domains of similar size. DSBs were observed at known hot spots, but also in most previously identified “DSB-cold” regions, including near centromeres and telomeres.",NOINFO,NOINFO,0.9997885823249817,3.7777186662424356e-05,0.00017365939856972545
294,32638085,Crossover hot spots are not found within gene promoters in Saccharomyces cerevisiae.,"Histone acetylation and deacetylation in yeast Histone acetylation and deacetylation in the yeast Saccharomyces cerevisiae occur by targeting acetyltransferase and deacetylase enzymes to gene promoters and, in an untargeted and global manner, by affecting most nucleosomes. Moreover, histone deacetylation is not only repressive but can be required for gene activity.",NOINFO,NOINFO,0.9998072981834412,4.416683441377245e-05,0.00014854154142085463
294,9704467,Crossover hot spots are not found within gene promoters in Saccharomyces cerevisiae.,"in polyploid species We developed the Yeast Gene Order Browser (YGOB; http://wolfe.gen.tcd.ie/ygob) to facilitate visual comparisons and computational analysis of synteny relationships in yeasts. We reconciled different laboratories' lists of paralogous Saccharomyces cerevisiae gene pairs formed by genome duplication (ohnologs), and present near-exhaustive lists of the ohnolog pairs retained in S. cerevisiae (551, including 22 previously unidentified), Saccharomyces castellii (599), and Candida glabrata (404).",NOINFO,NOINFO,0.9998182654380798,4.1410392441321164e-05,0.0001403634378220886
294,13613916,Crossover hot spots are not found within gene promoters in Saccharomyces cerevisiae.,Glucose repression in Saccharomyces cerevisiae Glucose is the primary source of energy for the budding yeast Saccharomyces cerevisiae. This review describes effects of glucose repression on yeast carbon metabolism with a focus on roles of the Snf3/Rgt2 glucose-sensing pathway and Snf1 signal transduction in establishment and relief of glucose repression.,NOINFO,NOINFO,0.9998544454574585,3.542147169355303e-05,0.00011017652286682278
295,20310709,Crosstalk between dendritic cells (DCs) and innate lymphoid cells (ILCs) is important in the regulation of intestinal homeostasis.,"The Transcription Factor T-bet Regulates Intestinal Inflammation Mediated by Interleukin-7 Receptor+ Innate Lymphoid Cells Here, we show that interleukin-17A (IL-17A)-producing IL-7Rα(+) innate lymphoid cells (ILCs) were potent promoters of disease in Tbx21(-/-)Rag2(-/-) ulcerative colitis (TRUC) mice. TNF-α produced by CD103(-)CD11b(+) dendritic cells synergized with IL-23 to drive IL-17A production by ILCs, demonstrating a previously unrecognized layer of cellular crosstalk between dendritic cells and ILCs.",SUPPORTS,SUPPORTS,0.0007093584281392395,0.9988510608673096,0.00043959126924164593
295,24044977,Crosstalk between dendritic cells (DCs) and innate lymphoid cells (ILCs) is important in the regulation of intestinal homeostasis.,"Innate lymphoid cells: emerging insights in development, lineage relationships, and function. Innate lymphoid cells (ILCs) are immune cells that lack a specific antigen receptor yet can produce an array of effector cytokines that in variety match that of T helper cell subsets. Here, we review current data on developmental requirements, lineage relationships, and effector functions of two families of ILCs: (a) Rorγt-expressing cells involved in lymphoid tissue formation, mucosal immunity, and inflammation and (b) type 2 ILCs that are important for helminth immunity.",NOINFO,NOINFO,0.9991967082023621,0.0007598084630444646,4.345553679740988e-05
295,1022115,Crosstalk between dendritic cells (DCs) and innate lymphoid cells (ILCs) is important in the regulation of intestinal homeostasis.,"IL-23–responsive innate lymphoid cells are increased in inflammatory bowel disease IL-23-driven inflammation has been primarily linked to Th17 cells; however, we have recently identified a novel population of innate lymphoid cells (ILCs) in mice that produces IL-17, IL-22, and IFN-γ in response to IL-23 and mediates innate colitis. ILCs may contribute to intestinal inflammation through cytokine production, lymphocyte recruitment, and organization of the inflammatory tissue and may represent a novel tissue-specific target for subtypes of IBD.",NOINFO,NOINFO,0.9918870329856873,0.008003725670278072,0.00010929856944130734
295,29423324,Crosstalk between dendritic cells (DCs) and innate lymphoid cells (ILCs) is important in the regulation of intestinal homeostasis.,"Interleukin-12 and -23 Control Plasticity of CD127(+) Group 1 and Group 3 Innate Lymphoid Cells in the Intestinal Lamina Propria. Human group 1 ILCs consist of at least three phenotypically distinct subsets, including NK cells, CD127(+) ILC1, and intraepithelial CD103(+) ILC1. Furthermore, we observed in resection specimen from Crohn's disease patients a higher proportion of CD14(+) dendritic cells (DC), which in vitro promoted polarization from ILC3 to CD127(+) ILC1.",NOINFO,NOINFO,0.9881628155708313,0.011701186187565327,0.00013604392006527632
295,883747,Crosstalk between dendritic cells (DCs) and innate lymphoid cells (ILCs) is important in the regulation of intestinal homeostasis.,"IL-1β, IL-4 and IL-12 control the fate of group 2 innate lymphoid cells in human airway inflammation in the lungs Group 2 innate lymphoid cells (ILC2s) secrete type 2 cytokines, which protect against parasites but can also contribute to a variety of inflammatory airway diseases. The plasticity of ILCs was manifested in diseased tissues of patients with severe chronic obstructive pulmonary disease (COPD) or chronic rhinosinusitis with nasal polyps (CRSwNP), which displayed IL-12 or IL-4 signatures and the accumulation of ILC1s or ILC2s, respectively.",NOINFO,NOINFO,0.9995170831680298,0.00043945503421127796,4.346947025624104e-05
298,39381118,Cytochrome c is released from the mitochondrial intermembrane space to cytosol during apoptosis.,"At the gates of death. Apoptosis that proceeds via the mitochondrial pathway involves mitochondrial outer membrane permeabilization (MOMP), responsible for the release of cytochrome c and other proteins of the mitochondrial intermembrane space. Here, we discuss an emerging view, proposed by Certo et al. in this issue of Cancer Cell, on how these interactions result in MOMP and apoptosis.",SUPPORTS,REFUTES,0.005883028730750084,0.10724841803312302,0.8868684768676758
298,23403754,Cytochrome c is released from the mitochondrial intermembrane space to cytosol during apoptosis.,"Bioenergetic aspects of apoptosis, necrosis and mitoptosis (I) ATP and rather often mitochondrial hyperpolarization (i.e. an increase in membrane potential, ΔΨ) are required for certain steps of apoptosis and necrosis. Massive mitoptosis can result in cell death due to release to cytosol of the cell death proteins normally hidden in the mitochondrial intermembrane space.",NOINFO,NOINFO,0.9993686079978943,0.00037181429797783494,0.00025956821627914906
298,10698739,Cytochrome c is released from the mitochondrial intermembrane space to cytosol during apoptosis.,"Modulation of mitochondrial function and morphology by interaction of Omi/HtrA2 with the mitochondrial fusion factor OPA1. Omi/HtrA2 is a serine protease released as a pro-apoptotic factor from the mitochondrial intermembrane space into the cytosol. Thus, we show for the first time a direct effect of loss of Omi/HtrA2 on mitochondrial morphology and demonstrate a novel role of this mitochondrial serine protease in the modulation of OPA1.",NOINFO,NOINFO,0.9993526339530945,0.00045643976773135364,0.00019101709767710418
298,23887844,Cytochrome c is released from the mitochondrial intermembrane space to cytosol during apoptosis.,"Glucose Metabolism Inhibits Apoptosis in Neurons and Cancer Cells by Redox Inactivation of Cytochrome c Here we show that both neurons and cancer cells strictly inhibit cytochrome c-mediated apoptosis by a mechanism dependent on glucose metabolism. We report that the pro-apoptotic activity of cytochrome c is influenced by its redox state and that increases in reactive oxygen species (ROS) following an apoptotic insult lead to the oxidation and activation of cytochrome c. In healthy neurons and cancer cells, however, cytochrome c is reduced and held inactive by intracellular glutathione (GSH), generated as a result of glucose metabolism by the pentose phosphate pathway.",NOINFO,NOINFO,0.9993466734886169,0.00025754261878319085,0.00039578560972586274
298,9588931,Cytochrome c is released from the mitochondrial intermembrane space to cytosol during apoptosis.,"Quercetin attenuates vascular calcification by inhibiting oxidative stress and mitochondrial fission. These effects were accompanied by mitochondria-dependent apoptotic events, including release of cytochrome c from the mitochondria into the cytosol and subsequent activation of caspase-3. In summary, our findings suggest that quercetin attenuates calcification by reducing apoptosis of VSMCs by blocking oxidative stress and inhibiting mitochondrial fission.",NOINFO,NOINFO,0.9995806813240051,0.00023777886235620826,0.00018160062609240413
300,3553087,Cytosolic proteins bind to iron-responsive elements on mRNAs coding for DMT1. Cytosolic proteins bind to iron-responsive elements on mRNAs coding for proteins involved in iron uptake.,Mitochondrial iron chelation ameliorates cigarette-smoke induced bronchitis and emphysema in mice We have previously identified iron-responsive element-binding protein 2 (IRP2) as an important COPD susceptibility gene and have shown that IRP2 protein is increased in the lungs of individuals with COPD. Mice treated with a mitochondrial iron chelator or mice fed a low-iron diet were protected from CS-induced COPD.,NOINFO,NOINFO,0.9996659755706787,0.00029022173839621246,4.3816926336148754e-05
300,16120395,Cytosolic proteins bind to iron-responsive elements on mRNAs coding for DMT1. Cytosolic proteins bind to iron-responsive elements on mRNAs coding for proteins involved in iron uptake.,Multiple RNA surveillance pathways limit aberrant expression of iron uptake mRNAs and prevent iron toxicity in S. cerevisiae. Tight regulation of the expression of mRNAs encoding iron uptake proteins is essential to control iron homeostasis and avoid intracellular iron toxicity. We show that many mRNAs encoding iron uptake or iron mobilization proteins are expressed in iron-replete conditions in the absence of the S. cerevisiae RNase III ortholog Rnt1p or of the nuclear exosome component Rrp6p.,NOINFO,NOINFO,0.9992501139640808,0.0006938803126104176,5.60193948331289e-05
300,15551129,Cytosolic proteins bind to iron-responsive elements on mRNAs coding for DMT1. Cytosolic proteins bind to iron-responsive elements on mRNAs coding for proteins involved in iron uptake.,"The role of iron in Mycobacterium smegmatis biofilm formation: the exochelin siderophore is essential in limiting iron conditions for biofilm formation but not for planktonic growth Microarray analysis of the M. smegmatis transcriptome shows that iron-responsive genes – especially those involved in siderophore synthesis and iron uptake – are strongly induced during biofilm formation reflecting a response to iron deprivation, even when 2 μM iron is present. The acquisition of iron under these conditions is specifically dependent on the exochelin synthesis and uptake pathways, and the strong defect of an iron–exochelin uptake mutant suggests a regulatory role of iron in the transition to biofilm growth.",NOINFO,NOINFO,0.9995471835136414,0.00041567403241060674,3.703756374306977e-05
300,6828370,Cytosolic proteins bind to iron-responsive elements on mRNAs coding for DMT1. Cytosolic proteins bind to iron-responsive elements on mRNAs coding for proteins involved in iron uptake.,"A coding-independent function of gene and pseudogene mRNAs regulates tumour biology However, given that microRNAs bind to RNAs, we hypothesized that RNAs could possess a regulatory role that relies on their ability to compete for microRNA binding, independently of their protein-coding function. These findings attribute a novel biological role to expressed pseudogenes, as they can regulate coding gene expression, and reveal a non-coding function for mRNAs.",NOINFO,NOINFO,0.999525785446167,0.00038292864337563515,9.130951366387308e-05
303,4388470,DMRT1 is a sex-determining gene that is epigenetically regulated by the MHM region.,"Somatic sex identity is cell-autonomous in the chicken In the mammalian model of sex determination, embryos are considered to be sexually indifferent until the transient action of a sex-determining gene initiates gonadal differentiation. Here we have examined three lateral gynandromorph chickens (a rare, naturally occurring phenomenon in which one side of the animal appears male and the other female) to investigate the sex-determining mechanism in birds.",NOINFO,NOINFO,0.9998378753662109,0.00012100322055630386,4.116927448194474e-05
303,23581096,DMRT1 is a sex-determining gene that is epigenetically regulated by the MHM region.,Interactions between SRY and SOX genes in mammalian sex determination. It was originally supposed that SRY acts directly to activate other genes in the testis-determining pathway. The hypothesis also suggests a way that the dominant SRY sex-determining system of present-day mammals may have evolved from an ancient system relying on SOX3 dosage.,NOINFO,NOINFO,0.9998586177825928,0.00010209625907009467,3.9208156522363424e-05
303,6948886,DMRT1 is a sex-determining gene that is epigenetically regulated by the MHM region.,"Dynamic epigenetic regulation of glioblastoma tumorigenicity through LSD1 modulation of MYC expression. MYC, in turn, regulates oligodendrocyte lineage transcription factor 2 (OLIG2), SRY (sex determining region Y)-box 2 (SOX2), and POU class 3 homeobox 2 (POU3F2), a core set of transcription factors required for reprogramming glioblastoma cells into stem-like states. Our model suggests epigenetic regulation of key transcription factors governs transitions between tumorigenic states and provides a framework for glioblastoma therapeutic development.",NOINFO,NOINFO,0.9996920824050903,0.00026374118169769645,4.424807775649242e-05
303,36708463,DMRT1 is a sex-determining gene that is epigenetically regulated by the MHM region.,"Sex differences in sex chromosome gene expression in mouse brain. A major question is whether genes encoded on the sex chromosomes act directly in non-gonadal tissues to cause sex differences in development or function, or whether all sex differences in somatic tissues are induced by gonadal secretions. These sex differences in X-Y gene expression suggest several mechanisms by which these genes may participate in sex differences in brain development and function.",NOINFO,NOINFO,0.999873161315918,9.080761083168909e-05,3.597995237214491e-05
312,6173523,De novo assembly of sequence data has more specific contigs than unassembled sequence data.,"A culture-independent sequence-based metagenomics approach to the investigation of an outbreak of Shiga-toxigenic Escherichia coli O104:H4. In phase 1, a de novo assembly approach was developed to obtain a draft genome of the outbreak strain. MAIN OUTCOMES AND MEASURES The recovery of genome sequence data for the purposes of identification and characterization of the outbreak strain and other pathogens from fecal samples.",NOINFO,NOINFO,0.9998099207878113,0.00012508485815487802,6.502003816422075e-05
312,15966318,De novo assembly of sequence data has more specific contigs than unassembled sequence data.,"Improved tools for biological sequence comparison. They can be used to search sequence data bases, evaluate similarity scores, and identify periodic structures based on local sequence similarity. The FASTA program is a more sensitive derivative of the FASTP program, which can be used to search protein or DNA sequence data bases and can compare a protein sequence to a DNA sequence data base by translating the DNA data base as it is searched.",NOINFO,NOINFO,0.9998635053634644,7.572382310172543e-05,6.0845803091069683e-05
312,17447653,De novo assembly of sequence data has more specific contigs than unassembled sequence data.,"BLAST+: architecture and applications For long database sequences, it is possible to retrieve only the relevant parts of the sequence, reducing CPU time and memory usage for searches of short queries against databases of contigs or chromosomes. A new modular software library can now access subject sequence data from arbitrary data sources.",NOINFO,NOINFO,0.9997915625572205,0.00015750272723380476,5.08349112351425e-05
312,13914198,De novo assembly of sequence data has more specific contigs than unassembled sequence data.,Haplotype estimation using sequencing reads. The method is primarily designed for high-coverage sequence data or data sets that already have genotypes called. We tested the method by using a mother-father-child trio sequenced at high-coverage by Illumina together with the low-coverage sequence data from the 1000 Genomes Project (1000GP).,NOINFO,NOINFO,0.9998651742935181,7.030730921542272e-05,6.451761146308854e-05
314,4347374,Deamination of cytidine to uridine on the minus strand of viral DNA results in catastrophic G-to-A mutations in the viral genome.,"Broad antiretroviral defence by human APOBEC3G through lethal editing of nascent reverse transcripts Viral replication usually requires that innate intracellular lines of defence be overcome, a task usually accomplished by specialized viral gene products. APOBEC family members also have potent DNA mutator activity through dC deamination; however, whether the editing potential of APOBEC3G has any relevance to HIV inhibition is unknown.",SUPPORTS,SUPPORTS,0.0016969400458037853,0.9730048775672913,0.025298142805695534
314,544971,Deamination of cytidine to uridine on the minus strand of viral DNA results in catastrophic G-to-A mutations in the viral genome.,"DNA Deamination Mediates Innate Immunity to Retroviral Infection Here, using a murine leukemia virus (MLV)-based system, we provide evidence that CEM15/APOBEC3G is a DNA deaminase that is incorporated into virions during viral production and subsequently triggers massive deamination of deoxycytidine to deoxyuridine within the retroviral minus (first)-strand cDNA, thus providing a probable trigger for viral destruction. These findings imply that targeted DNA deamination is a major strategy of innate immunity to retroviruses and likely also contributes to the sequence variation observed in many viruses (including HIV).",NOINFO,NOINFO,0.9997455477714539,0.00019870445248670876,5.5719723604852334e-05
314,2638387,Deamination of cytidine to uridine on the minus strand of viral DNA results in catastrophic G-to-A mutations in the viral genome.,"The cytidine deaminase CEM15 induces hypermutation in newly synthesized HIV-1 DNA Here, we demonstrate that CEM15 (also known as apolipoprotein B mRNA editing enzyme, catalytic polypeptide-like 3G; APOBEC3G), an endogenous inhibitor of human immunodeficiency virus type 1 (HIV-1) replication, is a cytidine deaminase and is able to induce G to A hypermutation in newly synthesized viral DNA. It seems that this viral DNA mutator is a viral defence mechanism in host cells that may induce either lethal hypermutation or instability of the incoming nascent viral reverse transcripts, which could account for the Vif-defective phenotype.",NOINFO,SUPPORTS,0.0007712098304182291,0.9965184926986694,0.002710250671952963
314,4231060,Deamination of cytidine to uridine on the minus strand of viral DNA results in catastrophic G-to-A mutations in the viral genome.,Nucleotide sequence of an avian sarcoma virus oncogene (src) and proposed amino acid sequence for gene product The transforming gene (src) of avian sarcoma virus (ASV) and adjacent regions of the viral genome have been isolated by molecular cloning of viral DNA. Src is flanked by a repeated nucleotide sequence that may facilitate frequent deletion of the gene from the viral genome.,NOINFO,NOINFO,0.9998462200164795,9.259613580070436e-05,6.120230682427064e-05
314,22703082,Deamination of cytidine to uridine on the minus strand of viral DNA results in catastrophic G-to-A mutations in the viral genome.,"Helicobacter pylori infection triggers aberrant expression of activation-induced cytidine deaminase in gastric epithelium Here we show that infection of gastric epithelial cells with 'cag' pathogenicity island (cagPAI)-positive H. pylori induced aberrant expression of activation-induced cytidine deaminase (AID), a member of the cytidine-deaminase family that acts as a DNA- and RNA-editing enzyme, via the IκB kinase–dependent nuclear factor-κB activation pathway. Our findings provide evidence that aberrant AID expression caused by H. pylori infection might be a mechanism of mutation accumulation in the gastric mucosa during H. pylori–associated gastric carcinogenesis.",NOINFO,NOINFO,0.9998549222946167,0.00010070953430840746,4.434181028045714e-05
324,2014909,Deleting Raptor reduces G-CSF levels.,"Oncogenic mTOR signaling recruits myeloid-derived suppressor cells to promote tumor initiation Inhibiting this pathway or its activators (for example, FGFR) impairs tumour progression, which is partially rescued by restoring MDSCs or G-CSF. Tumour-initiating cells (TICs) exhibit elevated G-CSF.",NOINFO,NOINFO,0.999853253364563,7.751877274131402e-05,6.921646854607388e-05
324,4658268,Deleting Raptor reduces G-CSF levels.,"Rictor, a Novel Binding Partner of mTOR, Defines a Rapamycin-Insensitive and Raptor-Independent Pathway that Regulates the Cytoskeleton mTOR interacts with the raptor and GbetaL proteins to form a complex that is the target of rapamycin. Consistent with this finding, the rictor-containing mTOR complex contains GbetaL but not raptor and it neither regulates the mTOR effector S6K1 nor is it bound by FKBP12-rapamycin.",NOINFO,NOINFO,0.9998419284820557,7.966675912030041e-05,7.843164348741993e-05
324,23816832,Deleting Raptor reduces G-CSF levels.,"The utility of cerebrospinal fluid analysis in patients with multiple sclerosis In addition, CSF analysis is important for research into the pathogenesis of MS. Pathophysiological and neurodegenerative findings of inflammation in MS have been derived from CSF investigations.",NOINFO,NOINFO,0.9998548030853271,6.98958319844678e-05,7.528077549068257e-05
324,8724666,Deleting Raptor reduces G-CSF levels.,"Cell-State-Specific Metabolic Dependency in Hematopoiesis and Leukemogenesis By deleting enzymes that affect aerobic glycolysis with different potencies, we examine how modulating glucose metabolism specifically affects hematopoietic and leukemic cell populations. We find that a deficiency in the M2 pyruvate kinase isoform (PKM2) reduces the levels of metabolic intermediates important for biosynthesis and impairs progenitor function without perturbing hematopoietic stem cells (HSCs), whereas lactate dehydrogenase A (LDHA) deletion significantly inhibits the function of both HSCs and progenitors during hematopoiesis.",NOINFO,NOINFO,0.9998729228973389,8.853095641825348e-05,3.845035098493099e-05
327,17997584,Deletion of αvβ8 does not result in a spontaneous inflammatory phenotype.,"Integrin αvβ8-Mediated TGF-β Activation by Effector Regulatory T Cells Is Essential for Suppression of T-Cell-Mediated Inflammation Treg-cell-specific deletion of integrin αvβ8 did not result in a spontaneous inflammatory phenotype, suggesting that this pathway is not important in Treg-cell-mediated maintenance of immune homeostasis. However, Treg cells lacking expression of integrin αvβ8 were unable to suppress pathogenic T cell responses during active inflammation.",SUPPORTS,SUPPORTS,0.0008597224368713796,0.6170969605445862,0.3820433020591736
327,516867,Deletion of αvβ8 does not result in a spontaneous inflammatory phenotype.,"Candida albicans, a distinctive fungal model for cellular aging study Deletion of the SIR2 gene causes a decrease of lifespan, while insertion of an extra copy of SIR2 extends lifespan, indicating that like in S. cerevisiae, Sir2 regulates cellular aging in C. albicans. Interestingly, Sir2 deletion does not result in the accumulation of extra-chromosomal rDNA molecules, but influences the retention of oxidized proteins in mother cells, suggesting that the extra-chromosomal rDNA molecules may not be associated with cellular aging in C. albicans.",NOINFO,NOINFO,0.9998635053634644,5.68254035897553e-05,7.966847624629736e-05
327,15405204,Deletion of αvβ8 does not result in a spontaneous inflammatory phenotype.,"Spontaneous autoimmunity prevented by thymic expression of a single self-antigen A clear link, however, between specific thymic self-antigens and a single autoimmune phenotype in this model has been lacking. In addition, lack of IRBP expression solely in the thymus, even in the presence of aire expression, is sufficient to trigger spontaneous eye-specific autoimmunity.",NOINFO,NOINFO,0.999862790107727,5.3382489568321034e-05,8.381856605410576e-05
327,34016987,Deletion of αvβ8 does not result in a spontaneous inflammatory phenotype.,"Transcriptome analysis reveals human cytomegalovirus reprograms monocyte differentiation toward an M1 macrophage. To test this hypothesis of monocyte conversion from a normal quiescent phenotype to an inflammatory phenotype, we used Affymetrix Microarray to acquire a transcriptional profile of infected monocytes at a time point our data emphasized is a key temporal regulatory point following infection. Overall, the results identify that the HCMV-infected monocyte transcriptome displayed a unique M1/M2 polarization signature that was skewed toward the classical M1 activation phenotype.",NOINFO,NOINFO,0.9998644590377808,8.349193376488984e-05,5.214596603764221e-05
327,6820680,Deletion of αvβ8 does not result in a spontaneous inflammatory phenotype.,"Engineered RNA viral synthesis of microRNAs. We demonstrate that a viral RNA genome incorporating a hairpin does not result in segment instability or miRNA-mediated genomic targeting, thereby permitting the virus to produce a miRNA without having a negative impact on viral replication. This work demonstrates that RNA viruses can produce functional miRNAs and suggests that this level of transcriptional regulation may extend beyond DNA viruses.",NOINFO,NOINFO,0.9998366832733154,7.751748489681631e-05,8.580403664382175e-05
338,23349986,Dexamethasone decreases risk of postoperative bleeding.,"Dexamethasone and risk of nausea and vomiting and postoperative bleeding after tonsillectomy in children: a randomized trial. There were 26 postoperative bleeding episodes in 22 children. CONCLUSION In this study of children undergoing tonsillectomy, dexamethasone decreased the risk of PONV dose dependently but was associated with an increased risk of postoperative bleeding.",REFUTES,REFUTES,0.0002793887979350984,0.0029341315384954214,0.9967864751815796
338,24211561,Dexamethasone decreases risk of postoperative bleeding.,"Dexamethasone decreases vomiting by children after tonsillectomy. Perioperative IV fluids, management of emesis, postoperative pain and hospital discharge criteria were all standardized. Vomiting, both in-hospital and postdischarge, was decreased by the prophylactic administration of dexamethasone.",NOINFO,NOINFO,0.999473512172699,0.00044201823766343296,8.444307604804635e-05
338,36288526,Dexamethasone decreases risk of postoperative bleeding.,"Effect of hydroxyethyl starch on bleeding after cardiopulmonary bypass: a meta-analysis of randomized trials. OBJECTIVE The effects of hydroxyethyl starch on bleeding after cardiopulmonary bypass were determined. Risk of reoperation for bleeding was more than doubled by hydroxyethyl starch (relative risk, 2.24; 95% confidence interval, 1.14-4.40; P = .020).",NOINFO,NOINFO,0.9997010827064514,9.702583338366821e-05,0.00020182461594231427
338,15948830,Dexamethasone decreases risk of postoperative bleeding.,"Prophylaxis of postoperative vomiting in children undergoing tonsillectomy: a systematic review and meta-analysis. Postoperative vomiting (POV) remains one of the commonest causes of significant morbidity after tonsillectomy in children. In conclusion, dexamethasone and the anti-serotinergic agents appear to be the most effective agents for the prophylaxis for POV in children undergoing tonsillectomy.",NOINFO,NOINFO,0.9996688365936279,0.0001502716913819313,0.0001809085952118039
338,32001951,Dexamethasone decreases risk of postoperative bleeding.,Regulation of the expression of alkaline phosphatase in a human breast-cancer cell line. The induction of ALP activity by dexamethasone was time- and dose-dependent. Retinoic acid showed opposing effects with dexamethasone on the expression of alkaline phosphatase.,NOINFO,NOINFO,0.9998688697814941,7.044502126518637e-05,6.0727401432814077e-05
343,5884524,Diabetic patients with acute coronary syndrome experience increased short-term and long-term risk for bleeding events.,"Impact of diabetes on long-term prognosis in patients with unstable angina and non-Q-wave myocardial infarction: results of the OASIS (Organization to Assess Strategies for Ischemic Syndromes) Registry. BACKGROUND Although unstable coronary artery disease is the most common reason for admission to a coronary care unit, the long-term prognosis of patients with this diagnosis is unknown. Diabetic patients with no previous cardiovascular disease have the same long-term morbidity and mortality as nondiabetic patients with established cardiovascular disease after hospitalization for unstable coronary artery disease.",SUPPORTS,SUPPORTS,0.0011552637442946434,0.9982936978340149,0.0005510632763616741
343,7873737,Diabetic patients with acute coronary syndrome experience increased short-term and long-term risk for bleeding events.,"Platelet glycoprotein IIb/IIIa inhibitors reduce mortality in diabetic patients with non-ST-segment-elevation acute coronary syndromes. BACKGROUND Diabetes mellitus is a major risk factor for adverse outcomes after acute coronary syndromes (ACS). Therefore, the use of platelet GP IIb/IIIa inhibitors should be strongly considered in diabetic patients with ACS.",NOINFO,NOINFO,0.9993696808815002,0.0005538163823075593,7.642917626071721e-05
343,19308127,Diabetic patients with acute coronary syndrome experience increased short-term and long-term risk for bleeding events.,"In-hospital switching of oral P2Y12 inhibitor treatment in patients with acute coronary syndrome undergoing percutaneous coronary intervention: prevalence, predictors and short-term outcome. BACKGROUND P2Y12 inhibitor switching has appeared in clinical practice as a consequence of prasugrel and ticagrelor availability, apart from clopidogrel, for use in patients with acute coronary syndrome (ACS) undergoing percutaneous coronary intervention (PCI). Clinical factors and regional practice differences seem to affect this strategy's choice, while switching to a novel agent may be associated with higher risk of bleeding.",NOINFO,NOINFO,0.99940025806427,0.0005336575559340417,6.614595622522756e-05
343,44827480,Diabetic patients with acute coronary syndrome experience increased short-term and long-term risk for bleeding events.,"Implementation of contemporary oral antiplatelet treatment guidelines in patients with acute coronary syndrome undergoing percutaneous coronary intervention: a report from the GReek AntiPlatelet rEgistry (GRAPE). BACKGROUND Few data exist about the implementation of contemporary oral antiplatelet treatment guidelines in patients with acute coronary syndrome (ACS) undergoing percutaneous coronary intervention (PCI). Conditions and co-medications related to increased bleeding risk, presentation with ST elevation myocardial infarction and the absence of reperfusion within the first 24h were the most powerful predictors of appropriate P2Y12 selection initially, whereas age ≥75 years, conditions and co-medications related to increased bleeding risk and regional trends mostly affected appropriate P2Y12 selection at discharge.",NOINFO,NOINFO,0.999679446220398,0.0002566239272709936,6.400363781722263e-05
343,308862,Diabetic patients with acute coronary syndrome experience increased short-term and long-term risk for bleeding events.,"Duration of androgen suppression in the treatment of prostate cancer. After a median follow-up of 6.4 years, 132 patients in the short-term group and 98 in the long-term group had died; the number of deaths due to prostate cancer was 47 in the short-term group and 29 in the long-term group. The 5-year overall mortality for short-term and long-term suppression was 19.0% and 15.2%, respectively; the observed hazard ratio was 1.42 (upper 95.71% confidence limit, 1.79; P=0.65 for noninferiority).",NOINFO,NOINFO,0.9998412132263184,0.00011411729792598635,4.468897168408148e-05
350,16927286,Discrimination between the initiator and elongation tRNAs depends on the translation initiation factor IF3.,"Large-Scale Movements of IF3 and tRNA during Bacterial Translation Initiation In bacterial translational initiation, three initiation factors (IFs 1-3) enable the selection of initiator tRNA and the start codon in the P site of the 30S ribosomal subunit. IF1 provides key anchoring points for IF2 and IF3, thereby enhancing their activities.",NOINFO,SUPPORTS,0.002977237803861499,0.9957497119903564,0.0012730131857097149
350,23342686,Discrimination between the initiator and elongation tRNAs depends on the translation initiation factor IF3.,"Crystal structures of complexes of the small ribosomal subunit with tetracycline, edeine and IF3. We analyzed by X-ray crystallography the structures of three different complexes of the small ribosomal subunit of Thermus thermophilus with the A-site inhibitor tetracycline, the universal initiation inhibitor edeine and the C-terminal domain of the translation initiation factor IF3. The location of the C-terminal domain of IF3, at the solvent side of the platform, sheds light on the formation of the initiation complex, and implies that the anti-association activity of IF3 is due to its influence on the conformational dynamics of the small ribosomal subunit.",NOINFO,NOINFO,0.9995244741439819,0.00038218096597120166,9.347473678644747e-05
350,9505448,Discrimination between the initiator and elongation tRNAs depends on the translation initiation factor IF3.,"The Translation Initiation Factor 3f (eIF3f) Exhibits a Deubiquitinase Activity Regulating Notch Activation An immunofluorescence-based screening of an shRNA library allowed us to identify eIF3f, previously known as one of the subunits of the translation initiation factor eIF3, as a DUB targeting the activated Notch receptor. (2) The enzyme accounting for this deubiquitinase activity is eIF3f, known so far as a translation initiation factor.",NOINFO,NOINFO,0.9998471736907959,9.314037743024528e-05,5.966796015854925e-05
350,30261663,Discrimination between the initiator and elongation tRNAs depends on the translation initiation factor IF3.,"A nuclear translation-like factor eIF4AIII is recruited to the mRNA during splicing and functions in nonsense-mediated decay. Eukaryotic initiation factor 4A (eIF4A) III is a nuclear protein that interacts physically or functionally with translation initiation factors eIF4G and eIF4B, respectively, and shares strikingly high identity with the initiation factors eIF4AI/II. The observations that eIF4AIII is loaded onto the mRNA during splicing in the nucleus, has properties related to a translation initiation factor, and functions in NMD raises the possibility that eIF4AIII substitutes for eIF4AI/II during NMD.",NOINFO,NOINFO,0.9998359680175781,0.00011773914593504742,4.62877687823493e-05
354,8774475,Downregulation and mislocalization of Scribble prevents cell transformation and mammary tumorigenesis.,"Deregulation of Scribble Promotes Mammary Tumorigenesis and Reveals a Role for Cell Polarity in Carcinoma Like depletion, mislocalization of Scribble from cell-cell junction was sufficient to promote cell transformation. Interestingly, spontaneous mammary tumors in mice and humans possess both downregulated and mislocalized Scribble.",NOINFO,REFUTES,0.00018017215188592672,0.0003237107302993536,0.9994961023330688
354,34103335,Downregulation and mislocalization of Scribble prevents cell transformation and mammary tumorigenesis.,"Cytokinesis failure generating tetraploids promotes tumorigenesis in p53-null cells Here we test this idea by transiently blocking cytokinesis in p53-null (p53-/-) mouse mammary epithelial cells (MMECs), enabling the isolation of diploid and tetraploid cultures. MMP overexpression is linked to mammary tumours in humans and animal models.",NOINFO,NOINFO,0.9997034668922424,0.00022166151029523462,7.482964429073036e-05
354,1241113,Downregulation and mislocalization of Scribble prevents cell transformation and mammary tumorigenesis.,"The mammalian Scribble polarity protein regulates epithelial cell adhesion and migration through E-cadherin Scribble (Scrib) is a conserved polarity protein required in Drosophila melanogaster for synaptic function, neuroblast differentiation, and epithelial polarization. Rather, Scrib depletion disrupts E-cadherin–mediated cell–cell adhesion.",NOINFO,NOINFO,0.9997996687889099,0.00014738446043338627,5.296371455187909e-05
354,43419566,Downregulation and mislocalization of Scribble prevents cell transformation and mammary tumorigenesis.,"Transformation of mammalian cells by constitutively active MAP kinase kinase. The cells formed transformed foci, grew efficiently in soft agar, and were highly tumorigenic in nude mice. These findings indicate that constitutive activation of MAPKK is sufficient to promote cell transformation.",NOINFO,NOINFO,0.9998763799667358,5.497031088452786e-05,6.867940828669816e-05
362,38587347,During the primary early antibody response activated B cells migrate toward the inner-and outer paracortical areas where oxysterol accumulation is generated by stromal cells.,"Finding the right niche: B-cell migration in the early phases of T-dependent antibody responses. Remarkably, each of these events occurs in association with distinct stromal cells in separate subcompartments of the lymphoid tissue. B cells must migrate from niche to niche in a rapid and highly regulated manner to successfully mount a response.",NOINFO,NOINFO,0.9998277425765991,0.00012195103772683069,5.024448546464555e-05
362,38528892,During the primary early antibody response activated B cells migrate toward the inner-and outer paracortical areas where oxysterol accumulation is generated by stromal cells.,The aurora B kinase promotes inner and outer kinetochore interactions in budding yeast. The Dsn1 component is crucial for kinetochore assembly and is phosphorylated by the Aurora B kinase. We found that Aurora B phosphorylation of Dsn1 promotes the interaction between outer and inner kinetochore proteins in budding yeast.,NOINFO,NOINFO,0.9998644590377808,9.062964090844616e-05,4.495263783610426e-05
362,43619625,During the primary early antibody response activated B cells migrate toward the inner-and outer paracortical areas where oxysterol accumulation is generated by stromal cells.,"Inflammatory T cells rapidly induce differentiation of human bone marrow stromal cells into mature osteoblasts. RANKL mRNA was undetectable under any conditions in highly purified bone marrow stromal cells. Interestingly, both bone marrow stromal cells and osteoblasts expressed mRNA for RANK, which was strongly up-regulated in both cell types by activated T cell conditioned medium.",NOINFO,NOINFO,0.999862551689148,9.205667447531596e-05,4.539369183476083e-05
362,18041692,During the primary early antibody response activated B cells migrate toward the inner-and outer paracortical areas where oxysterol accumulation is generated by stromal cells.,"Rho GTPase signalling in cell migration Cells migrate in multiple different ways depending on their environment, which includes the extracellular matrix composition, interactions with other cells, and chemical stimuli. I also describe how cells migrate across the endothelium.",NOINFO,NOINFO,0.9998834133148193,7.353900582529604e-05,4.3062806071247905e-05
380,19005293,Enhanced early production of inflammatory chemokines improves viral control in the lung.,"Memory CD4+ T cells induce innate responses independently of pathogen We found that the response of memory, but not naive, CD4+ T cells enhances production of multiple innate inflammatory cytokines and chemokines (IICs) in the lung and that, during influenza infection, this leads to early control of virus. Memory CD4+ T cell–induced IICs and viral control require cognate antigen recognition and are optimal when memory cells are either T helper type 1 (TH1) or TH17 polarized but are independent of interferon-γ (IFN-γ) and tumor necrosis factor-α (TNF-α) production and do not require activation of conserved pathogen recognition pathways.",SUPPORTS,REFUTES,0.00035929924342781305,0.02443322166800499,0.975207507610321
380,17223891,Enhanced early production of inflammatory chemokines improves viral control in the lung.,"The NOD-like receptor NLRP12 attenuates colon inflammation and tumorigenesis. NLRP12 is a member of the intracellular Nod-like receptor (NLR) family that has been suggested to downregulate the production of inflammatory cytokines, but its physiological role in regulating inflammation has not been characterized. We show that Nlrp12-deficient mice are highly susceptible to colon inflammation and tumorigenesis, which is associated with increased production of inflammatory cytokines, chemokines, and tumorigenic factors.",NOINFO,NOINFO,0.9998328685760498,7.766873750369996e-05,8.939616964198649e-05
380,9159125,Enhanced early production of inflammatory chemokines improves viral control in the lung.,"Lipopolysaccharide-dependent prostaglandin E(2) production is regulated by the glutathione-dependent prostaglandin E(2) synthase gene induced by the Toll-like receptor 4/MyD88/NF-IL6 pathway. The mice showed no augmentation of the PGE(2) production in response to LPS. However, they were not impaired in the LPS-induced production of inflammatory cytokines and showed normal response to the LPS-induced shock.",NOINFO,NOINFO,0.9997668862342834,0.00013082640361972153,0.00010228646715404466
380,10648422,Enhanced early production of inflammatory chemokines improves viral control in the lung.,"Programmed death-1–induced interleukin-10 production by monocytes impairs CD4+ T cell activation during HIV infection Viral replication and microbial translocation from the gut to the blood during HIV infection lead to hyperimmune activation, which contributes to the decline in CD4+ T cell numbers during HIV infection. Blocking interactions between PD-1 and programmed death ligand-1 (PD-L1) and between IL-10 and IL-10 receptor (IL-10R) results in viral clearance and improves T cell function in animal models of chronic viral infections.",NOINFO,NOINFO,0.9996395111083984,0.00024343196128029376,0.0001170282848761417
380,23912923,Enhanced early production of inflammatory chemokines improves viral control in the lung.,"Disruption of the immune-checkpoint VISTA gene imparts a proinflammatory phenotype with predisposition to the development of autoimmunity. Despite the apparent normal hematopoietic development in young mice, VISTA genetic deficiency leads to a gradual accumulation of spontaneously activated T cells, accompanied by the production of a spectrum of inflammatory cytokines and chemokines. Enhanced T-cell responsiveness was also observed upon immunization with neoantigen.",NOINFO,NOINFO,0.9996782541275024,0.00020499821403063834,0.00011680446186801419
384,13770184,Epidemiological disease burden from noncommunicable diseases is more prevalent in low economic settings.,"Global, regional, and national comparative risk assessment of 79 behavioural, environmental and occupational, and metabolic risks or clusters of risks, 1990–2015: a systematic analysis for the Global Burden of Disease Study 2015 BACKGROUND The Global Burden of Diseases, Injuries, and Risk Factors Study 2015 provides an up-to-date synthesis of the evidence for risk factor exposure and the attributable burden of disease. Public policy makers need to pay attention to the risks that are increasingly major contributors to global burden.",NOINFO,NOINFO,0.9998799562454224,6.540671893162653e-05,5.454272104543634e-05
384,581832,Epidemiological disease burden from noncommunicable diseases is more prevalent in low economic settings.,"Global, regional, and national disability-adjusted life-years (DALYs) for 315 diseases and injuries and healthy life expectancy (HALE), 1990–2015: a systematic analysis for the Global Burden of Disease Study 2015 We aimed to provide updated HALE and DALYs for geographies worldwide and evaluate how disease burden changes with development. Many countries and territories in central America and eastern sub-Saharan Africa had increasingly lower rates of disease burden than expected given their SDI.",NOINFO,NOINFO,0.9998342990875244,9.933996625477448e-05,6.643368396908045e-05
384,3462075,Epidemiological disease burden from noncommunicable diseases is more prevalent in low economic settings.,"Long‐Term Follow‐up of CD19 CAR Therapy in Acute Lymphoblastic Leukemia Patients with a higher burden of disease (≥5% bone marrow blasts or extramedullary disease) had a greater incidence of the cytokine release syndrome and neurotoxic events and shorter long‐term survival than did patients with a low disease burden. Among patients with a low disease burden, the median overall survival was 20.1 months and was accompanied by a markedly lower incidence of the cytokine release syndrome and neurotoxic events after 19‐28z CAR T‐cell infusion than was observed among patients with a higher disease burden.",NOINFO,NOINFO,0.9997355341911316,0.00013031225535087287,0.0001341864699497819
384,18074797,Epidemiological disease burden from noncommunicable diseases is more prevalent in low economic settings.,Reducing Plasmodium falciparum Malaria Transmission in Africa: A Model-Based Evaluation of Intervention Strategies In all settings we considered a realistic target of 80% coverage of interventions. CONCLUSIONS Interventions using current tools can result in major reductions in P. falciparum malaria transmission and the associated disease burden in Africa.,NOINFO,NOINFO,0.9998480081558228,8.267919474747032e-05,6.921610474819317e-05
385,9955779,Epigenetic modulating agents (EMAs) modulate antitumor immune response in a cancer model system.,"Epigenetic Therapy Ties MYC Depletion to Reversing Immune Evasion and Treating Lung Cancer Combining DNA-demethylating agents (DNA methyltransferase inhibitors [DNMTis]) with histone deacetylase inhibitors (HDACis) holds promise for enhancing cancer immune therapy. Key correlative science metrics emerge for an upcoming clinical trial, testing enhancement of immune checkpoint therapy for NSCLC.",SUPPORTS,NOINFO,0.9934966564178467,0.006378231570124626,0.0001250254426850006
385,9767444,Epigenetic modulating agents (EMAs) modulate antitumor immune response in a cancer model system.,"Epigenetic therapy activates type I interferon signaling in murine ovarian cancer to reduce immunosuppression and tumor burden. Epithelial ovarian cancer (EOC) is characterized by an immune suppressive microenvironment, and response of ovarian cancers to immune therapies has thus far been disappointing. Finally, a triple combination of DNMTi/HDACi plus the immune checkpoint inhibitor α-PD-1 provides the best antitumor effect and longest overall survival, and may be an attractive candidate for future clinical trials in ovarian cancer.",NOINFO,SUPPORTS,0.0013413178967311978,0.9982036352157593,0.0004550253797788173
385,32742683,Epigenetic modulating agents (EMAs) modulate antitumor immune response in a cancer model system.,"Alteration of the Antitumor Immune Response by Cancer-Associated Fibroblasts Among cells present in the tumor microenvironment, activated fibroblasts termed cancer-associated fibroblasts (CAFs), play a critical role in the complex process of tumor-stroma interaction. During the past decade, these activated tumor-associated fibroblasts have also been involved in the modulation of the anti-tumor immune response on various levels.",NOINFO,NOINFO,0.9977693557739258,0.0021031007636338472,0.00012754046474583447
385,1032372,Epigenetic modulating agents (EMAs) modulate antitumor immune response in a cancer model system.,Augmenting Antitumor Immune Responses with Epigenetic Modifying Agents Epigenetic silencing of immune-related genes is a striking feature of the cancer genome that occurs in the process of tumorigenesis. The potential reversal of immunosuppression by epigenetic modulation is therefore a promising and versatile therapeutic approach to reinstate endogenous immune recognition and tumor lysis.,NOINFO,SUPPORTS,0.0009088848019018769,0.9986617565155029,0.0004293267265893519
385,15435343,Epigenetic modulating agents (EMAs) modulate antitumor immune response in a cancer model system.,"The inflammasome component NLRP3 impairs antitumor vaccine by enhancing the accumulation of tumor-associated myeloid-derived suppressor cells. However, its role in antitumor immunity is unknown. Our findings establish an unexpected role for Nlrp3 in impeding antitumor immune responses, suggesting novel approaches to improve the response to antitumor vaccines by limiting Nlrp3 signaling.",NOINFO,NOINFO,0.9995855689048767,0.00036900091799907386,4.5381115342024714e-05
386,16495649,Errors in peripheral IV drug administration are most common during bolus administration and multiple-step medicine preparations.,Ethnographic study of incidence and severity of intravenous drug errors. OBJECTIVES To determine the incidence and clinical importance of errors in the preparation and administration of intravenous drugs and the stages of the process in which errors occur. Most errors occurred when giving bolus doses or making up drugs that required multiple step preparation.,SUPPORTS,SUPPORTS,0.0006773291388526559,0.9956251978874207,0.003697540145367384
386,21260231,Errors in peripheral IV drug administration are most common during bolus administration and multiple-step medicine preparations.,"Validity and reliability of observational methods for studying medication administration errors. Between January and June 1998, two pharmacists observed consecutive drug administration rounds by nurses on two wards in a U.K. hospital and recorded all MAEs identified. Observation of nurses during drug administration at a U.K. hospital did not significantly affect the MAE rate; nor did tactful interventions by the observers.",NOINFO,NOINFO,0.999824583530426,0.0001300695730606094,4.539196743280627e-05
386,12039953,Errors in peripheral IV drug administration are most common during bolus administration and multiple-step medicine preparations.,"Serotonin and fluoxetine levels in plasma and platelets after fluoxetine treatment in depressive patients. Plasma fluoxetine and serotonin levels increased after drug administration, reaching the highest levels on the 30th day of fluoxetine 20 mg. Platelet serotonin levels decreased after drug administration, and the lowest values were observed on the 30th day of fluoxetine 20 mg.",NOINFO,NOINFO,0.9998975992202759,5.572819645749405e-05,4.656265446101315e-05
386,42404093,Errors in peripheral IV drug administration are most common during bolus administration and multiple-step medicine preparations.,"Incidence of adverse drug events and potential adverse drug events. Implications for prevention. ADE Prevention Study Group. Errors resulting in preventable ADEs occurred most often at the stages of ordering (56%) and administration (34%); transcription (6%) and dispensing errors (4%) were less common. Most resulted from errors at the ordering stage, but many also occurred at the administration stage.",NOINFO,NOINFO,0.9998664855957031,9.296043572248891e-05,4.0532158891437575e-05
386,2158516,Errors in peripheral IV drug administration are most common during bolus administration and multiple-step medicine preparations.,"Predicting new molecular targets for known drugs Here we compared 3,665 US Food and Drug Administration (FDA)-approved and investigational drugs against hundreds of targets, defining each target by its ligands. The physiological relevance of one, the drug N,N-dimethyltryptamine (DMT) on serotonergic receptors, was confirmed in a knockout mouse.",NOINFO,NOINFO,0.999835729598999,0.00010616087820380926,5.8057856222148985e-05
388,1148122,Ethanol stress decreases the expression of IBP in bacteria.,"Regulatory and metabolic rewiring during laboratory evolution of ethanol tolerance in E. coli We used fitness profiling to measure the consequences of single-locus perturbations in the context of ethanol exposure. Through phenotypic and metabolomic analysis of laboratory-evolved ethanol-tolerant strains, we investigated naturally accessible pathways of ethanol tolerance.",NOINFO,NOINFO,0.9998807907104492,5.390732258092612e-05,6.527913501486182e-05
388,24019260,Ethanol stress decreases the expression of IBP in bacteria.,"Varenicline, an alpha4beta2 nicotinic acetylcholine receptor partial agonist, selectively decreases ethanol consumption and seeking. Furthermore, chronic varenicline administration decreased ethanol consumption, which did not result in a rebound increase in ethanol intake when the varenicline was no longer administered. The data suggest that the alpha4beta2 nAChRs may play a role in ethanol-seeking behaviors in animals chronically exposed to ethanol.",NOINFO,NOINFO,0.9998655319213867,5.034461719333194e-05,8.414686453761533e-05
388,28025754,Ethanol stress decreases the expression of IBP in bacteria.,"THE GLYOXAL BIS(2-HYDROXYANIL) METHOD MODIFIED FOR LOCALIZING INSOLUBLE CALCIUM SALTS. TO enable staining of insoluble calcium salts with glyoxal bis(2-hydroxyanil) (GBHA), the original solution containing 2 ml of 0.4% GBHA in absolute ethanol, and 0.3 ml of aqueous 5% NaOH, and limited to staining only soluble calcium salts, was modified as follows: 1, 2 ml of 0.4% GBHA in absolute ethanol in 0.6 ml of 10% aqueous NaOH; 11, 0.1 gm GBHA in 2 ml of 3.4% NaOH in 75% ethanol. The stained slides are immersed for 15 min in 90% ethanol saturated with KCN and Na2CO3 for specificity to calcium; rinsed and counterstained in 95% ethanol containing 0.1% each of fast...",NOINFO,NOINFO,0.9998782873153687,4.416997035150416e-05,7.75207081460394e-05
388,21602220,Ethanol stress decreases the expression of IBP in bacteria.,"Complex physiology and compound stress responses during fermentation of alkali-pretreated corn stover hydrolysate by an Escherichia coli ethanologen. Nevertheless, the cells remained metabolically active and continued conversion of glucose to ethanol until all glucose was consumed. Comparative gene expression profiling and metabolic modeling of the ethanologen suggested that the high energetic cost of mitigating osmotic, lignotoxin, and ethanol stress collectively limits growth, sugar utilization rates, and ethanol yields in alkali-pretreated lignocellulosic hydrolysates.",NOINFO,NOINFO,0.9998595714569092,4.0849776269169524e-05,9.953670087270439e-05
399,791050,Exposure to fine particulate air pollution is relate to anxiety prevalence.,"The relation between past exposure to fine particulate air pollution and prevalent anxiety: observational cohort study OBJECTIVE To determine whether higher past exposure to particulate air pollution is associated with prevalent high symptoms of anxiety. CONCLUSIONS Exposure to fine particulate matter (PM2.5) was associated with high symptoms of anxiety, with more recent exposures potentially more relevant than more distant exposures.",SUPPORTS,SUPPORTS,0.00036812989856116474,0.9933382272720337,0.006293691694736481
399,471921,Exposure to fine particulate air pollution is relate to anxiety prevalence.,"Air pollution and cardiovascular disease: a statement for healthcare professionals from the Expert Panel on Population and Prevention Science of the American Heart Association. Air pollution is a heterogeneous, complex mixture of gases, liquids, and particulate matter. The purpose of this statement is to provide healthcare professionals and regulatory agencies with a comprehensive review of the literature on air pollution and cardiovascular disease.",NOINFO,NOINFO,0.9998936653137207,5.8061221352545545e-05,4.832283957512118e-05
399,42387637,Exposure to fine particulate air pollution is relate to anxiety prevalence.,"Rapid DNA methylation changes after exposure to traffic particles. RATIONALE Exposure to particulate air pollution has been related to increased hospitalization and death, particularly from cardiovascular disease. OBJECTIVES We evaluated whether particulate pollution modifies DNA methylation in heavily methylated sequences with high representation throughout the human genome.",NOINFO,NOINFO,0.9998775720596313,8.060872642090544e-05,4.181925396551378e-05
399,21003930,Exposure to fine particulate air pollution is relate to anxiety prevalence.,"Respiratory and cardiovascular responses to walking down a traffic-polluted road compared with walking in a traffic-free area in participants aged 60 years and older with chronic lung or heart disease and age-matched healthy controls: a randomised, crossover study Medication use might reduce the adverse effects of air pollution in individuals with ischaemic heart disease. Policies should aim to control ambient levels of air pollution along busy streets in view of these negative health effects.",NOINFO,NOINFO,0.9998652935028076,7.368143269559368e-05,6.108405068516731e-05
399,7285256,Exposure to fine particulate air pollution is relate to anxiety prevalence.,"COPD: epidemiology, prevalence, morbidity and mortality, and disease heterogeneity. Some of the risk factors for COPD are well-known and include smoking, occupational exposures, air pollution, airway hyperresponsiveness, asthma, and certain genetic variations, although many questions, such as why < 20% of smokers develop significant airway obstruction, remain. In most of the world, COPD prevalence and mortality are still increasing and likely will continue to rise in response to increases in smoking, particularly by women and adolescents.",NOINFO,NOINFO,0.999879002571106,7.58730384404771e-05,4.504117532633245e-05
410,14924526,Febrile seizures increase the threshold for development of epilepsy.,"Febrile seizures in the developing brain result in persistent modification of neuronal excitability in limbic circuits Despite the high incidence of febrile seizures, their contribution to the development of epilepsy later in life has remained controversial. The long-lasting nature of these potent alterations in synaptic communication after febrile seizures does not support the prevalent view of the 'benign' nature of early-life febrile convulsions.",NOINFO,NOINFO,0.999524712562561,0.00021313167235348374,0.00026215644902549684
410,29723642,Febrile seizures increase the threshold for development of epilepsy.,"A functional polymorphism in the prodynorphin gene promotor is associated with temporal lobe epilepsy. We performed a case control association study in 155 patients with nonlesional temporal lobe epilepsy and 202 controls and found that PDYN promotor low-expression L-alleles confer an increased risk for temporal lobe epilepsy in patients with a family history for seizures. Irrespective of the familial background, L-homozygotes display a higher risk for secondarily generalized seizures and status epilepticus.",NOINFO,NOINFO,0.9998829364776611,6.477128044934943e-05,5.2351031627040356e-05
410,15889329,Febrile seizures increase the threshold for development of epilepsy.,"A JOURNAL OF NEUROLOGY Thus, an intriguing suggestion has been put forward that seizures may be facilitated and perhaps triggered by brain immune responses. Indeed, recent evidence strongly implicates innate immune responses in lowering seizure threshold in experimental models of epilepsy, yet, there is no proof that they can play an independent role in initiating seizures in vivo.",NOINFO,NOINFO,0.9165438413619995,0.0661192238330841,0.01733688823878765
410,599582,Febrile seizures increase the threshold for development of epilepsy.,Familial aphasic episodes: another variant of partial epilepsy with simple inheritance? We report on a family having partial epilepsy with simple inheritance. The case represents another variety of rare familial partial epilepsy with neocortical epilepsy features.,NOINFO,NOINFO,0.9998804330825806,6.60486111883074e-05,5.348779814084992e-05
411,14924526,Febrile seizures reduce the threshold for development of epilepsy.,"Febrile seizures in the developing brain result in persistent modification of neuronal excitability in limbic circuits Despite the high incidence of febrile seizures, their contribution to the development of epilepsy later in life has remained controversial. The long-lasting nature of these potent alterations in synaptic communication after febrile seizures does not support the prevalent view of the 'benign' nature of early-life febrile convulsions.",NOINFO,NOINFO,0.8577529191970825,0.0005722473724745214,0.14167487621307373
411,29723642,Febrile seizures reduce the threshold for development of epilepsy.,"A functional polymorphism in the prodynorphin gene promotor is associated with temporal lobe epilepsy. We performed a case control association study in 155 patients with nonlesional temporal lobe epilepsy and 202 controls and found that PDYN promotor low-expression L-alleles confer an increased risk for temporal lobe epilepsy in patients with a family history for seizures. Irrespective of the familial background, L-homozygotes display a higher risk for secondarily generalized seizures and status epilepticus.",NOINFO,NOINFO,0.9998832941055298,4.720295328297652e-05,6.948945519980043e-05
411,15889329,Febrile seizures reduce the threshold for development of epilepsy.,"A JOURNAL OF NEUROLOGY Thus, an intriguing suggestion has been put forward that seizures may be facilitated and perhaps triggered by brain immune responses. Indeed, recent evidence strongly implicates innate immune responses in lowering seizure threshold in experimental models of epilepsy, yet, there is no proof that they can play an independent role in initiating seizures in vivo.",NOINFO,SUPPORTS,0.06914473325014114,0.9141448140144348,0.016710476949810982
411,599582,Febrile seizures reduce the threshold for development of epilepsy.,Familial aphasic episodes: another variant of partial epilepsy with simple inheritance? We report on a family having partial epilepsy with simple inheritance. The case represents another variety of rare familial partial epilepsy with neocortical epilepsy features.,NOINFO,NOINFO,0.9998672008514404,5.851505193277262e-05,7.425947114825249e-05
415,6309659,Female carriers of the Apolipoprotein E4 (APOE4) allele have increased risk for dementia.,"Reproductive period and risk of dementia in postmenopausal women. CONTEXT Exogenous estrogen use may lower risk of dementia in postmenopausal women. Risk of dementia associated with a longer reproductive period was most pronounced in APOE epsilon4 carriers (adjusted RR for >39 reproductive years compared with <34 reproductive years, 4.20 [95% CI, 1.97-8.92] for dementia and 3.42 [95% CI, 1.51-7.75] for AD), whereas in noncarriers, no clear association with dementia or AD was observed.",SUPPORTS,SUPPORTS,0.0004894625162705779,0.9988917708396912,0.0006187386461533606
415,4709641,Female carriers of the Apolipoprotein E4 (APOE4) allele have increased risk for dementia.,"Gain of toxic Apolipoprotein E4 effects in Human iPSC-Derived Neurons Is Ameliorated by a Small-Molecule Structure Corrector Using human neurons derived from induced pluripotent stem cells that expressed apolipoprotein E4 (ApoE4), a variant of the APOE gene product and the major genetic risk factor for AD, we demonstrated that ApoE4-expressing neurons had higher levels of tau phosphorylation, unrelated to their increased production of amyloid-β (Aβ) peptides, and that they displayed GABAergic neuron degeneration. ApoE4 increased Aβ production in human, but not in mouse, neurons.",NOINFO,NOINFO,0.9997914433479309,0.0001326305791735649,7.586639549117535e-05
415,20937018,Female carriers of the Apolipoprotein E4 (APOE4) allele have increased risk for dementia.,Apolipoprotein E: high-avidity binding to beta-amyloid and increased frequency of type 4 allele in late-onset familial Alzheimer disease. Analysis of apolipoprotein E alleles in Alzheimer disease and controls demonstrated that there was a highly significant association of apolipoprotein E type 4 allele (APOE-epsilon 4) and late-onset familial Alzheimer disease. A functional role of the apolipoprotein E-E4 isoform in the pathogenesis of late-onset familial Alzheimer disease is suggested.,NOINFO,NOINFO,0.9997965693473816,0.00016282089927699417,4.068795169587247e-05
415,12443371,Female carriers of the Apolipoprotein E4 (APOE4) allele have increased risk for dementia.,"Apolipoprotein E genotype and concussion in college athletes. OBJECTIVE To evaluate the association between apolipoprotein E (APOE) polymorphisms (E2, C/T Arg158Cys; E4, T/C Cys112Arg; and promoter, g-219t) and the history of concussion in college athletes. Promoter minor allele carriers were 8.4 times more likely to report multiple concussions and may be at a greater risk of multiple concussions versus noncarriers.",NOINFO,NOINFO,0.9998277425765991,0.0001303242752328515,4.1980838432209566e-05
415,24906548,Female carriers of the Apolipoprotein E4 (APOE4) allele have increased risk for dementia.,"Apolipoprotein E4 as a predictor of outcomes in pediatric mild traumatic brain injury. The epsilon4 allele of the apolipoprotein E (APOE) gene has been linked to negative outcomes among adults with traumatic brain injury (TBI) across the spectrum of severity, with preliminary evidence suggesting a similar pattern among children. Among the 99 participants, 28 had at least one epsilon4 allele.",NOINFO,NOINFO,0.9998607635498047,9.704133117338642e-05,4.222894131089561e-05
421,11172205,Flexible molecules experience greater steric hindrance in the tumor microenviroment than rigid molecules.,"Quantum dots spectrally distinguish multiple species within the tumor milieu in vivo We show that these fluorescent semiconductor nanocrystals can be customized to concurrently image and differentiate tumor vessels from both the perivascular cells and the matrix. Moreover, we used them to measure the ability of particles of different sizes to access the tumor.",NOINFO,NOINFO,0.9998849630355835,6.748327723471448e-05,4.757324859383516e-05
421,39728826,Flexible molecules experience greater steric hindrance in the tumor microenviroment than rigid molecules.,"Use of TLS parameters to model anisotropic displacements in macromolecular refinement. The number of refinement parameters can be reduced by using collective variables rather than independent atomic variables and one of the simplest examples of this is the TLS parameterization for describing the translation, libration and screw-rotation displacements of a pseudo-rigid body. Furthermore, GAPDH and GerE have two and six molecules in the asymmetric unit, respectively, and in each case the displacement parameters differ significantly between molecules.",NOINFO,NOINFO,0.9998902082443237,5.840222002007067e-05,5.133884769747965e-05
421,17631671,Flexible molecules experience greater steric hindrance in the tumor microenviroment than rigid molecules.,"Cadherins in brain morphogenesis and wiring. During the past decade, understanding of the roles of these molecules in the nervous system has significantly progressed. In this review, we discuss the roles of cadherins and related molecules in neural development and function in the vertebrate brain.",NOINFO,NOINFO,0.9998656511306763,7.183419802458957e-05,6.241063238121569e-05
421,4270992,Flexible molecules experience greater steric hindrance in the tumor microenviroment than rigid molecules.,"MHC class II interaction with CD4 mediated by a region analogous to the MHC class I binding site for CD8 CD4+ T cells respond to antigen in association with MHC class II molecules and CD8+ T cells respond to antigen in association with MHC class I molecules. Physical interaction between the CD4/MHC class II molecules and CD8/MHC class I molecules has been demonstrated by cell adhesion assay2–5, and a binding site for CDS on class I has been identified6,7.",NOINFO,NOINFO,0.9998970031738281,5.874582348042168e-05,4.425715087563731e-05
431,28937856,FoxO3a activation in neuronal death is mediated by reactive oxygen species (ROS).,Stress-dependent regulation of FOXO transcription factors by the SIRT1 deacetylase. The Sir2 deacetylase modulates organismal life-span in various species. SIRT1 had a dual effect on FOXO3 function: SIRT1 increased FOXO3's ability to induce cell cycle arrest and resistance to oxidative stress but inhibited FOXO3's ability to induce cell death.,SUPPORTS,SUPPORTS,0.0004243497387506068,0.9987201690673828,0.0008555374224670231
431,19922508,FoxO3a activation in neuronal death is mediated by reactive oxygen species (ROS).,"Monitoring starvation-induced reactive oxygen species formation. Reactive oxygen species (ROS) are potentially harmful to cells because of their ability to oxidize cell constituents such as DNA, proteins, and lipids. Recently, a signaling role was suggested for ROS in the regulation of autophagy, leading, under different circumstances, either to survival or to death.",NOINFO,NOINFO,0.999813973903656,0.00013524950190912932,5.073686043033376e-05
431,24746892,FoxO3a activation in neuronal death is mediated by reactive oxygen species (ROS).,"Killing by bactericidal antibiotics does not depend on reactive oxygen species. This traditional view has been challenged by studies that propose an alternative, unified mechanism of killing, whereby toxic reactive oxygen species (ROS) are produced in the presence of antibiotics. This suggests that ROS do not play a role in killing of bacterial pathogens by antibiotics.",NOINFO,NOINFO,0.9998687505722046,7.843374623917043e-05,5.2760879043489695e-05
431,10993232,FoxO3a activation in neuronal death is mediated by reactive oxygen species (ROS).,"Cell death from antibiotics without the involvement of reactive oxygen species. Recent observations have suggested that classic antibiotics kill bacteria by stimulating the formation of reactive oxygen species (ROS). We conclude that these antibiotic exposures did not produce ROS and that lethality more likely resulted from the direct inhibition of cell-wall assembly, protein synthesis, and DNA replication.",NOINFO,NOINFO,0.9998376369476318,0.00010741247388068587,5.4968182666925713e-05
431,22696649,FoxO3a activation in neuronal death is mediated by reactive oxygen species (ROS).,"Reactive Oxygen Species Localization Programs Inflammation to Clear Microbes of Different Size Here, we have uncovered a role for reactive oxygen species (ROS) as sensors of microbe size. These findings highlight the impact of ROS localization on signal transduction.",NOINFO,NOINFO,0.9997814297676086,0.00016996701015159488,4.860134868067689e-05
436,14637235,Free histones are degraded by a Rad53-dependent mechanism once DNA has been replicated.,"Histone levels are regulated by phosphorylation and ubiquitylation dependent proteolysis Although chromosomal histones are stable, excess (non-chromatin bound) histones are rapidly degraded in a Rad53 (radiation sensitive 53) kinase-dependent manner in Saccharomyces cerevisiae. Here we demonstrate that excess histones associate with Rad53 in vivo and seem to undergo modifications such as tyrosine phosphorylation and polyubiquitylation, before their proteolysis by the proteasome.",SUPPORTS,SUPPORTS,0.3853362798690796,0.6139642000198364,0.0006994876894168556
436,406733,Free histones are degraded by a Rad53-dependent mechanism once DNA has been replicated.,"Histones are incorporated in trans during reassembly of the yeast PHO5 promoter. The use of a strain with two differently tagged and differently regulated versions of histone H3 allowed us to discriminate between histones originating from the chromatin fraction and histones arising from the soluble histone pool. In this way, we show that the incorporated histones originate from a source in trans.",NOINFO,NOINFO,0.9998608827590942,6.975986616453156e-05,6.93523179506883e-05
436,21295300,Free histones are degraded by a Rad53-dependent mechanism once DNA has been replicated.,"Phosphorylation of ATM by Cdk5 mediates DNA damage signaling and regulates neuronal death However, the mechanism by which DNA damage activates ATM is poorly understood. Thus, activation of Cdk5 by DNA damage serves as a critical signal to initiate the ATM response and regulate ATM-dependent cellular processes.",NOINFO,NOINFO,0.999701201915741,0.00021779867529403418,8.090994379017502e-05
436,8331432,Free histones are degraded by a Rad53-dependent mechanism once DNA has been replicated.,"Binding of the winged-helix transcription factor HNF3 to a linker histone site on the nucleosome. The transcription factor HNF3 and linker histones H1 and H5 possess winged-helix DNA-binding domains, yet HNF3 and other fork head-related proteins activate genes during development whereas linker histones compact DNA in chromatin and repress gene expression. The results illustrate how transcription factors can possess special nucleosome-binding activities that are not predicted from studies of factor interactions with free DNA.",NOINFO,NOINFO,0.999880313873291,6.180501804919913e-05,5.783409142168239e-05
436,18144189,Free histones are degraded by a Rad53-dependent mechanism once DNA has been replicated.,"DNA topoisomerases: structure, function, and mechanism. DNA topoisomerases solve the topological problems associated with DNA replication, transcription, recombination, and chromatin remodeling by introducing temporary single- or double-strand breaks in the DNA. The structural themes common to all topoisomerases include hinged clamps that open and close to bind DNA, the presence of DNA binding cavities for temporary storage of DNA segments, and the coupling of protein conformational changes to DNA rotation or DNA movement.",NOINFO,NOINFO,0.9998655319213867,7.982440001796931e-05,5.464856803882867e-05
437,18399038,Functional consequences of genomic alterations due to Myelodysplastic syndrome (MDS) are poorly understood due to the lack of an animal model.,"Establishment of human iPSC-based models for the study and targeting of glioma initiating cells Recently, the somatic genomic landscape of human gliomas has been reported. Together, our results highlight the potential of hiPSCs for studying human tumourigenesis.",NOINFO,NOINFO,0.999767005443573,0.00017673519323579967,5.62677341804374e-05
437,3863543,Functional consequences of genomic alterations due to Myelodysplastic syndrome (MDS) are poorly understood due to the lack of an animal model.,"Mesenchymal Inflammation Drives Genotoxic Stress in Hematopoietic Stem Cells and Predicts Disease Evolution in Human Pre-leukemia. Here, we show that perturbation of mesenchymal cells in a mouse model of the pre-leukemic disorder Shwachman-Diamond syndrome (SDS) induces mitochondrial dysfunction, oxidative stress, and activation of DNA damage responses in hematopoietic stem and progenitor cells. Transcriptional activation of this signaling axis in the mesenchymal niche predicted leukemic evolution and progression-free survival in myelodysplastic syndrome (MDS), the principal leukemia predisposition syndrome.",NOINFO,NOINFO,0.9944856762886047,0.005423817317932844,9.04948974493891e-05
437,33677323,Functional consequences of genomic alterations due to Myelodysplastic syndrome (MDS) are poorly understood due to the lack of an animal model.,"The oncogenic microRNA miR-22 targets the TET2 tumor suppressor to promote hematopoietic stem cell self-renewal and transformation. Here we show that miR-22 is upregulated in myelodysplastic syndrome (MDS) and leukemia and its aberrant expression correlates with poor survival. Over time, miR-22 transgenic mice developed MDS and hematological malignancies.",NOINFO,NOINFO,0.9991601705551147,0.0007605230202898383,7.930205902084708e-05
437,8083310,Functional consequences of genomic alterations due to Myelodysplastic syndrome (MDS) are poorly understood due to the lack of an animal model.,"Rps14 haploinsufficiency causes a block in erythroid differentiation mediated by S100A8 and S100A9 Impaired erythropoiesis in the deletion 5q (del(5q)) subtype of myelodysplastic syndrome (MDS) has been linked to heterozygous deletion of RPS14, which encodes the ribosomal protein small subunit 14. Our data link Rps14 haploinsufficiency in del(5q) MDS to activation of the innate immune system and induction of S100A8-S100A9 expression, leading to a p53-dependent erythroid differentiation defect.",NOINFO,NOINFO,0.9994833469390869,0.0004719111602753401,4.4672979129245505e-05
439,4423559,Fz/PCP-dependent Pk localizes to the anterior membrane of neuroectoderm cells during zebrafish neuralation,Planar cell polarity signalling couples cell division and morphogenesis during neurulation Here we show a novel role for PCP signalling during neurulation in zebrafish. We demonstrate that non-canonical Wnt/PCP signalling polarizes neural progenitors along the anteroposterior axis.,NOINFO,NOINFO,0.9981276392936707,0.0018296475755050778,4.273604281479493e-05
439,18575183,Fz/PCP-dependent Pk localizes to the anterior membrane of neuroectoderm cells during zebrafish neuralation,"Wnt5a functions in planar cell polarity regulation in mice. Studies in Drosophila and vertebrates have revealed a conserved PCP pathway, including Frizzled (Fz) receptors. Here we use the cochlea as a model system to explore the involvement of known ligands of Fz, Wnt morphogens, in PCP regulation.",NOINFO,NOINFO,0.9993656277656555,0.0005964812589809299,3.7908994272584096e-05
439,17017465,Fz/PCP-dependent Pk localizes to the anterior membrane of neuroectoderm cells during zebrafish neuralation,"Endocytic Trafficking of Rac Is Required for the Spatial Restriction of Signaling in Cell Migration Thus, membrane trafficking of Rac is required for the spatial resolution of Rac-dependent motogenic signals. We further demonstrate that a Rab5-to-Rac circuitry controls the morphology of motile mammalian tumor cells and primordial germinal cells during zebrafish development, suggesting that this circuitry is relevant for the regulation of migratory programs in various cells, in both in vitro settings and whole organisms.",NOINFO,NOINFO,0.9996371269226074,0.0003047355858143419,5.815980694023892e-05
439,19822046,Fz/PCP-dependent Pk localizes to the anterior membrane of neuroectoderm cells during zebrafish neuralation,"Bone marrow failure and developmental delay caused by mutations in poly(A)-specific ribonuclease (PARN). Genomic, biochemical and knockdown experiments in human marrow cells and in zebrafish have been performed to clarify the role of PARN in the human disease. Knocking down PARN in human marrow cells and zebrafish impaired haematopoiesis, providing further evidence for a causal link with the human disease.",NOINFO,NOINFO,0.9998501539230347,0.00010720423597376794,4.264289600541815e-05
440,4423559,Fz/PCP-dependent Pk localizes to the anterior membrane of notochord cells during zebrafish neuralation.,Planar cell polarity signalling couples cell division and morphogenesis during neurulation Here we show a novel role for PCP signalling during neurulation in zebrafish. We demonstrate that non-canonical Wnt/PCP signalling polarizes neural progenitors along the anteroposterior axis.,NOINFO,NOINFO,0.9987066984176636,0.0012508758809417486,4.242806608090177e-05
440,18575183,Fz/PCP-dependent Pk localizes to the anterior membrane of notochord cells during zebrafish neuralation.,"Wnt5a functions in planar cell polarity regulation in mice. Studies in Drosophila and vertebrates have revealed a conserved PCP pathway, including Frizzled (Fz) receptors. Here we use the cochlea as a model system to explore the involvement of known ligands of Fz, Wnt morphogens, in PCP regulation.",NOINFO,NOINFO,0.999235987663269,0.000724335084669292,3.97231342503801e-05
440,17017465,Fz/PCP-dependent Pk localizes to the anterior membrane of notochord cells during zebrafish neuralation.,"Endocytic Trafficking of Rac Is Required for the Spatial Restriction of Signaling in Cell Migration Thus, membrane trafficking of Rac is required for the spatial resolution of Rac-dependent motogenic signals. We further demonstrate that a Rab5-to-Rac circuitry controls the morphology of motile mammalian tumor cells and primordial germinal cells during zebrafish development, suggesting that this circuitry is relevant for the regulation of migratory programs in various cells, in both in vitro settings and whole organisms.",NOINFO,NOINFO,0.9997192025184631,0.0002309457486262545,4.9848069465951994e-05
440,19822046,Fz/PCP-dependent Pk localizes to the anterior membrane of notochord cells during zebrafish neuralation.,"Bone marrow failure and developmental delay caused by mutations in poly(A)-specific ribonuclease (PARN). Genomic, biochemical and knockdown experiments in human marrow cells and in zebrafish have been performed to clarify the role of PARN in the human disease. Knocking down PARN in human marrow cells and zebrafish impaired haematopoiesis, providing further evidence for a causal link with the human disease.",NOINFO,NOINFO,0.9998564720153809,0.0001005131853162311,4.297762279747985e-05
443,10165258,GATA-3 is important for hematopoietic stem cell (HSC) function.,"GATA-3 regulates hematopoietic stem cell maintenance and cell-cycle entry. Maintaining hematopoietic stem cell (HSC) quiescence is a critical property for the life-long generation of blood cells. Although it is well documented that GATA-3 is expressed in HSCs, a role for GATA-3 in any prethymic progenitor cell has not been established.",SUPPORTS,SUPPORTS,0.0006284798146225512,0.9988877177238464,0.0004837581655010581
443,11289247,GATA-3 is important for hematopoietic stem cell (HSC) function.,Metabolic regulation by the mitochondrial phosphatase PTPMT1 is required for hematopoietic stem cell differentiation. The regulation and coordination of mitochondrial metabolism with hematopoietic stem cell (HSC) self-renewal and differentiation is not fully understood. This study establishes a crucial role of PTPMT1 in the metabolic regulation of HSC function.,NOINFO,NOINFO,0.9997565150260925,0.0001960084482561797,4.7474321036133915e-05
443,13116880,GATA-3 is important for hematopoietic stem cell (HSC) function.,"Hematopoietic stem cell: self-renewal versus differentiation. The mammalian blood system, containing more than 10 distinct mature cell types, stands on one specific cell type, hematopoietic stem cell (HSC). In this review, we focus on the hierarchical structure of the hematopoietic system, the current understanding of microenvironment and molecular cues regulating self-renewal and differentiation of adult HSCs, and the currently emerging systems approaches to understand HSC biology.",NOINFO,NOINFO,0.9998666048049927,9.350673644803464e-05,3.9981787267606705e-05
443,16728949,GATA-3 is important for hematopoietic stem cell (HSC) function.,"Cell Stem Cell Review FoxO Transcription Factors and Stem Cell Homeostasis: Insights from the Hematopoietic System Several recent studies indicate that FoxO-dependent signaling is required for long-term regenerative potential of the hematopoietic stem cell (HSC) compartment through regulation of HSC response to physiologic oxidative stress, quiescence, and survival. Furthermore, these findings have implications for aging in higher organisms and in malignant stem cell biology, and suggest that FoxOs may play an important role in the maintenance and integrity of stem cell compartments in a broad spectrum of tissues.",NOINFO,NOINFO,0.9996416568756104,0.00025761863798834383,0.00010068804840557277
443,12130067,GATA-3 is important for hematopoietic stem cell (HSC) function.,"Osteoclasts promote the formation of hematopoietic stem cell niches in the bone marrow Formation of the hematopoietic stem cell (HSC) niche in bone marrow (BM) is tightly associated with endochondral ossification, but little is known about the mechanisms involved. The absence of OCL activity resulted in a defective HSC niche associated with an increased proportion of mesenchymal progenitors but reduced osteoblastic differentiation, leading to impaired HSC homing to the BM.",NOINFO,NOINFO,0.999850869178772,0.00010699513222789392,4.2063886212417856e-05
452,12804937,Gene expression does not vary appreciably across genetically identical cells.,"Nature, Nurture, or Chance: Stochastic Gene Expression and Its Consequences This variation appears in organisms ranging from microbes to metazoans, and its characteristics depend both on the biophysical parameters governing gene expression and on gene network structure. Stochastic gene expression has important consequences for cellular function, being beneficial in some contexts and harmful in others.",REFUTES,NOINFO,0.9997485280036926,8.680781320435926e-05,0.00016473227879032493
452,464511,Gene expression does not vary appreciably across genetically identical cells.,"Memory and Modularity in Cell-Fate Decision Making Genetically identical cells sharing an environment can display markedly different phenotypes. We show that the three-protein regulatory circuit governing the decision is modular, as initiation and maintenance of chaining are genetically separable functions.",REFUTES,NOINFO,0.9998388290405273,9.223445522366092e-05,6.894562829984352e-05
452,18264714,Gene expression does not vary appreciably across genetically identical cells.,"Noise and interlocking signaling pathways promote distinct transcription factor dynamics in response to different stresses Moreover, we find that bursts of nuclear localization elicit a more robust transcriptional response than does sustained nuclear localization. This noise imparts diverse behaviors to genetically identical cells, allowing cell populations to ""hedge their bets"" in responding to an uncertain future, and to balance growth and survival in an unpredictable environment.",NOINFO,NOINFO,0.9993908405303955,0.0002277349412906915,0.00038138427771627903
452,7042304,Gene expression does not vary appreciably across genetically identical cells.,"The threshold for polyglutamine-expansion protein aggregation and cellular toxicity is dynamic and influenced by aging in Caenorhabditis elegans. Surprisingly, genetically identical animals expressing near-threshold polyQ repeats exhibited a high degree of variation in the appearance of protein aggregates and cellular toxicity that was dependent on repeat length and exacerbated during aging. The role of genetically determined aging pathways in the progression of age-dependent polyQ-mediated aggregation and cellular toxicity was tested by expressing Q82 in the background of age-1 mutant animals that exhibit an extended lifespan.",NOINFO,NOINFO,0.9998772144317627,5.9669753682101145e-05,6.302382098510861e-05
452,10546779,Gene expression does not vary appreciably across genetically identical cells.,"Evidence of a pluripotent human embryonic stem cell line derived from a cloned blastocyst. After continuous proliferation for more than 70 passages, SCNT-hES-1 cells maintained normal karyotypes and were genetically identical to the somatic nuclear donor cells. Although we cannot completely exclude the possibility that the cells had a parthenogenetic origin, imprinting analyses support a SCNT origin of the derived human ES cells.",NOINFO,NOINFO,0.999774158000946,0.00010369528172304854,0.00012218288611620665
452,16237005,Gene expression does not vary appreciably across genetically identical cells.,"Single-RNA counting reveals alternative modes of gene expression in yeast Proper execution of transcriptional programs is a key requirement of gene expression regulation, demanding accurate control of timing and amplitude. We found that expression levels for particular genes are higher than initially reported and can vary substantially among cells.",NOINFO,NOINFO,0.999703586101532,0.00011934410576941445,0.00017706949438434094
475,18678095,Glycolysis is one of the primary glycometabolic pathways in cells.,"Vesicular Glycolysis Provides On-Board Energy for Fast Axonal Transport We demonstrate that glycolysis provides ATP for the FAT of vesicles. This specifically localized glycolytic machinery may supply constant energy, independent of mitochondria, for the processive movement of vesicles over long distances in axons.",SUPPORTS,NOINFO,0.9992465972900391,0.0007180043612606823,3.53308605554048e-05
475,23576165,Glycolysis is one of the primary glycometabolic pathways in cells.,"Metabolic interplay between glycolysis and mitochondrial oxidation: The reverse Warburg effect and its therapeutic implication. Aerobic glycolysis, i.e., the Warburg effect, may contribute to the aggressive phenotype of hepatocellular carcinoma. However, increasing evidence highlights the limitations of the Warburg effect, such as high mitochondrial respiration and low glycolysis rates in cancer cells.",NOINFO,NOINFO,0.9995697140693665,0.0003939456364605576,3.6322013329481706e-05
475,195689757,Glycolysis is one of the primary glycometabolic pathways in cells.,"Targeting metabolic remodeling in glioblastoma multiforme. A classic biochemical adaptation is the metabolic shift to aerobic glycolysis rather than mitochondrial oxidative phosphorylation, regardless of oxygen availability, a phenomenon termed the ""Warburg Effect"". Aerobic glycolysis, characterized by high glucose uptake, low oxygen consumption and elevated production of lactate, is associated with a survival advantage as well as the generation of substrates such as fatty acids, amino acids and nucleotides necessary in rapidly proliferating cells.",NOINFO,NOINFO,0.9994519352912903,0.00046685425331816077,8.120635902741924e-05
475,23148978,Glycolysis is one of the primary glycometabolic pathways in cells.,"The influence of some metabolic inhibitors on phagocytic activity of mouse macrophages in vitro. On the contrary, fluoride, although it is an effective inhibitor of glycolysis, did not exert any effect. This difference may be explained by the fact that sodium fluoride blocks anaerobic glycolysis only in vitro at an unphysiological temperature (0 degrees C).",NOINFO,NOINFO,0.999681830406189,0.0002581326407380402,6.000867870170623e-05
475,8724666,Glycolysis is one of the primary glycometabolic pathways in cells.,"Cell-State-Specific Metabolic Dependency in Hematopoiesis and Leukemogenesis By deleting enzymes that affect aerobic glycolysis with different potencies, we examine how modulating glucose metabolism specifically affects hematopoietic and leukemic cell populations. This finding suggests that fine-tuning the level of glycolysis may be explored therapeutically for treating leukemia while preserving HSC function.",NOINFO,SUPPORTS,0.268501877784729,0.729863703250885,0.001634432002902031
478,14767844,Golli-deficient T-cells prefer to differentiate into an anergic phenotype in the adaptive immune response when there are increased levels of Ca2+ in the cytosol.,"Golli protein negatively regulates store depletion-induced calcium influx in T cells. Golli-deficient T cells were hyperproliferative and showed enhanced calcium entry upon T cell receptor stimulation. Mutation of the myristoylation site on golli disrupted its association with the plasma membrane and reversed its inhibitory action on Ca2+ influx, indicating that membrane association of golli was essential for its inhibitory action.",NOINFO,NOINFO,0.999854564666748,4.9757542001316324e-05,9.572302951710299e-05
478,34854444,Golli-deficient T-cells prefer to differentiate into an anergic phenotype in the adaptive immune response when there are increased levels of Ca2+ in the cytosol.,"Expression of Golli mRNA during development in primary immune lymphoid organs of the rat The gene-of-the-oligodendrocyte lineage (Golli)-MBP transcription unit contains three Golli-specific exons together with eight exons of the ""classical"" myelin basic protein (MBP) gene, yielding alternatively spliced proteins which share amino acid sequence with MBP. In this study, we determined the sequence of Golli in rat by RT-PCR and 5' RACE and showed that Golli sequences are expressed in primary lymphoid organs as early as e16.5, which could explain the anergic rat T cell response we previously observed in Golli-induced meningitis.",NOINFO,NOINFO,0.9997751116752625,0.0001347170036751777,9.026823681779206e-05
478,5377059,Golli-deficient T-cells prefer to differentiate into an anergic phenotype in the adaptive immune response when there are increased levels of Ca2+ in the cytosol.,"Functional analysis via standardized whole-blood stimulation systems defines the boundaries of a healthy immune response to complex stimuli. We have developed a suite of whole-blood, syringe-based assay systems that can be used to reproducibly assess induced innate or adaptive immune responses. The observed naturally occurring variation of the immune response may help to explain differential susceptibility to disease or response to therapeutic intervention.",NOINFO,NOINFO,0.9998879432678223,6.426754407584667e-05,4.775958223035559e-05
478,40096222,Golli-deficient T-cells prefer to differentiate into an anergic phenotype in the adaptive immune response when there are increased levels of Ca2+ in the cytosol.,"Compromised intestinal epithelial barrier induces adaptive immune compensation that protects from colitis. To investigate the contribution of adaptive immune compensation in response to increased intestinal epithelial permeability, we examined the susceptibility of F11r(-/-)Rag1(-/-) mice to acute colitis. These data establish a role for adaptive immune-mediated protection from acute colitis under conditions of intestinal epithelial barrier compromise.",NOINFO,NOINFO,0.9998843669891357,6.787980964872986e-05,4.785278360941447e-05
491,56893404,HNF4A mutations can cause diabetes in mutant carriers by the age of 14 years,"Macrosomia and Hyperinsulinaemic Hypoglycaemia in Patients with Heterozygous Mutations in the HNF4A Gene The increased rate of macrosomia in the offspring of pregnant women with diabetes and in congenital hyperinsulinaemia is mediated by increased foetal insulin secretion. We assessed the in utero and neonatal role of two key regulators of pancreatic insulin secretion by studying birthweight and the incidence of neonatal hypoglycaemia in patients with heterozygous mutations in the maturity-onset diabetes of the young (MODY) genes HNF4A (encoding HNF-4α) and HNF1A/TCF1 (encoding HNF-1α), and the effect of pancreatic deletion of Hnf4a on foetal and neonatal insulin secretion in mice.",NOINFO,SUPPORTS,0.0344097800552845,0.9646012783050537,0.000988963758572936
491,10326242,HNF4A mutations can cause diabetes in mutant carriers by the age of 14 years,"Biallelic mutations in PALB2 cause Fanconi anemia subtype FA-N and predispose to childhood cancer Biallelic BRCA2 mutations cause Fanconi anemia subtype FA-D1 and predispose to childhood malignancies. We identified pathogenic mutations in PALB2 (also known as FANCN) in seven families affected with Fanconi anemia and cancer in early childhood, demonstrating that biallelic PALB2 mutations cause a new subtype of Fanconi anemia, FA-N, and, similar to biallelic BRCA2 mutations, confer a high risk of childhood cancer.",NOINFO,NOINFO,0.9997989535331726,0.0001395407016389072,6.155906157800928e-05
491,8892905,HNF4A mutations can cause diabetes in mutant carriers by the age of 14 years,"Increased in vivo amyloid-β42 production, exchange, and loss in presenilin mutation carriers. This has been demonstrated in rodent models of ADAD but not in human mutation carriers. These findings support the hypothesis that Aβ42 is overproduced in the CNS of humans with PSEN mutations that cause AD, and demonstrate that soluble Aβ42 turnover and exchange processes are altered in the presence of amyloid plaques, causing a reduction in Aβ42 concentrations in the CSF.",NOINFO,NOINFO,0.9998676776885986,9.205714741256088e-05,4.029541014460847e-05
491,7655029,HNF4A mutations can cause diabetes in mutant carriers by the age of 14 years,"The Burden of Trachoma in Ayod County of Southern Sudan A total of 2,335 people from 392 households were examined, of whom 1,107 were over 14 years of age. The prevalence of corneal opacity in persons over 14 years of age with TT was 6.4% (95% CI, 4.5-8.3).",NOINFO,NOINFO,0.9998791217803955,7.843456114642322e-05,4.247787728672847e-05
501,17930286,Headaches are not correlated with cognitive impairment.,"Headache, migraine, and structural brain lesions and function: population based Epidemiology of Vascular Ageing-MRI study Evidence was lacking for cognitive impairment for any headache type with or without brain lesions. Evidence that headache of any type by itself or in combination with brain lesions was associated with cognitive impairment was lacking.",SUPPORTS,REFUTES,0.00016632149345241487,0.0002496781526133418,0.9995840191841125
501,24285403,Headaches are not correlated with cognitive impairment.,"Ankle brachial index as a predictor of cognitive impairment in the general population: ten-year follow-up of the Edinburgh Artery Study. CONCLUSION The ABI may be useful in identifying older individuals at higher risk of cognitive impairment. In the future, preventive measures developed to target individuals with a low ABI should consider measures to reduce vascular-related cognitive decline as well as cardiovascular events, in an effort to reduce the incidence and consequences of subsequent cognitive impairment and dementia.",NOINFO,NOINFO,0.9996750354766846,5.7596786064095795e-05,0.0002673672279343009
501,7239105,Headaches are not correlated with cognitive impairment.,The use of mouse models to understand and improve cognitive deficits in Down syndrome Remarkable advances have been made in recent years towards therapeutics for cognitive impairment in individuals with Down syndrome (DS) by using mouse models. Overlaps in the distribution of targets and in the pathways that are affected by these diverse drugs in the trisomic brain suggest new avenues for DS research and drug development.,NOINFO,NOINFO,0.9998573064804077,4.601832915795967e-05,9.666266851127148e-05
501,21274919,Headaches are not correlated with cognitive impairment.,"The association between common physical impairments and dementia in low and middle income countries, and, among people with dementia, their association with cognitive function and disability. A 10/66 Dementia Research Group population-based study. Among people with dementia, incontinence, hearing impairment and mobility impairment were independently associated with disability in all regions while the contributions of pain, visual impairment and undernutrition were inconsistent. Only hearing impairment made a notable independent contribution to cognitive impairment.",NOINFO,NOINFO,0.9997256398200989,5.053459244663827e-05,0.00022384173644240946
501,8520041,Headaches are not correlated with cognitive impairment.,"ACTA PSYCHIATRICA The predominant subjective effects produced by all drugs consisted of sedation, cognitive impairment and emotional flattening or indifference. Connections appeared between these effects and Parkinsonian-like symptoms with the older drugs, sexual impairment with risperidone and metabolic effects with olanzapine.",NOINFO,NOINFO,0.9997944235801697,7.057748734951019e-05,0.00013498298358172178
502,13071728,"Healthcare delivery efficiency in crowded delivery centers is impaired by improving structural, logistical, and interpersonal elements.",The HIV Treatment Gap: Estimates of the Financial Resources Needed versus Available for Scale-Up of Antiretroviral Therapy in 97 Countries from 2015 to 2020 The study is limited by excluding above-facility and other costs essential to ART service delivery and by the availability and quality of country- and region-specific data. Our results suggest that future resource needs for ART scale-up are smaller than stated elsewhere but still significantly threaten the sustainability of the global HIV response without additional resource mobilization from domestic or innovative financing sources or efficiency gains.,NOINFO,NOINFO,0.9997678399085999,5.71538730582688e-05,0.0001750178198562935
502,143796742,"Healthcare delivery efficiency in crowded delivery centers is impaired by improving structural, logistical, and interpersonal elements.","Why people feel crowded: An examination of objective and subjective crowding Prior studies have found only a modest relationship between objective and subjective crowding, defying logic and commonsensical notions of why people feel crowded. The analyses further suggest that the strength of the relationship is mitigated somewhat, with part of the feeling of being crowded accounted for by household circumstances, such as the degree of control an individual has over the use of household space.",NOINFO,NOINFO,0.999850869178772,4.574918420985341e-05,0.00010329893848393112
502,24318630,"Healthcare delivery efficiency in crowded delivery centers is impaired by improving structural, logistical, and interpersonal elements.","Integration of mental health into primary healthcare in low-income countries: avoiding medicalization. While this has led to renewed interest in this potential method of mental health service delivery, it has also prompted criticism. This paper discusses seven elements that may be critical to preventing inadvertently contributing to increasing a narrow biomedical approach to mental healthcare when integrating mental health into non-specialized healthcare: (1) using task shifting approaches within a system of stepped care, (2) ensuring primary mental healthcare also includes brief psychotherapeutic interventions, (3) promote community-based recovery-oriented interventions for people with disabling chronic mental disorders, (4) conceptualizing training as a continuous process of strengthening clinical competencies through supervision, (5) engaging communities as partners in psychosocial interventions, (6) embedding shifts to primary mental healthcare within wider health policy reforms, and (7) promoting inter-sectoral approaches to address social determinants of mental health.",NOINFO,NOINFO,0.9998539686203003,5.034403511672281e-05,9.572297130944207e-05
502,70516463,"Healthcare delivery efficiency in crowded delivery centers is impaired by improving structural, logistical, and interpersonal elements.","To err is human. Building a safer health system As healthcare and the system that delivers it become more complex, the opportunities for errors abound. Although the risk of dying as a result of a medical error, far surpasses the risk of dying in an airline accident, public attention has been more focused on improving safety in the airline industry than in healthcare systems.",NOINFO,NOINFO,0.9998447895050049,4.927350892103277e-05,0.00010595469939289615
507,30774694,Helminths interfere with immune system control of macrophages activated by IL-4 favor Mycobacterium tuberculosis replication.,T helper 2 cytokines inhibit autophagic control of intracellular Mycobacterium tuberculosis. The T helper 1 (Th1) cell cytokine IFN-gamma induces autophagy in macrophages to eliminate Mycobacterium tuberculosis. These findings establish a mechanism through which Th1-Th2 polarization differentially affects the immune control of intracellular pathogens.,NOINFO,NOINFO,0.9995922446250916,0.000315009499900043,9.27535947994329e-05
507,35079452,Helminths interfere with immune system control of macrophages activated by IL-4 favor Mycobacterium tuberculosis replication.,"Mycobacterium tuberculosis phagosome maturation arrest: selective targeting of PI3P-dependent membrane trafficking. The ability of Mycobacterium tuberculosis to enter host macrophages, and reside in a phagosome, which does not mature into a phagolysosome, is central to the spread of tuberculosis and the associated pandemic involving billions of people worldwide. M. tuberculosis analogs of mammalian phosphatidylinositols interfere with these systems and associated processes.",NOINFO,NOINFO,0.9998775720596313,9.063082688953727e-05,3.187661059200764e-05
507,18321590,Helminths interfere with immune system control of macrophages activated by IL-4 favor Mycobacterium tuberculosis replication.,"Resazurin microtiter assay plate: simple and inexpensive method for detection of drug resistance in Mycobacterium tuberculosis. A method for detecting multidrug-resistant Mycobacterium tuberculosis by using a reduction of resazurin is described. The method is simple, inexpensive, and rapid and might be used with other antituberculosis drugs.",NOINFO,NOINFO,0.9998531341552734,9.591002890374511e-05,5.093743311590515e-05
507,7230315,Helminths interfere with immune system control of macrophages activated by IL-4 favor Mycobacterium tuberculosis replication.,"Inducible nitric oxide synthase in pulmonary alveolar macrophages from patients with tuberculosis The high-output pathway of nitric oxide production helps protect mice from infection by several pathogens, including Mycobacterium tuberculosis. Thus, macrophages in the lungs of people with clinically active Mycobacterium tuberculosis infection often express catalytically competent NOS2.",NOINFO,NOINFO,0.9998838901519775,8.681957115186378e-05,2.9366296075750142e-05
508,13980338,Hematopoietic Stem Cell purification reaches purity rate of up to 50%.,"Combined Single-Cell Functional and Gene Expression Analysis Resolves Heterogeneity within Stem Cell Populations Heterogeneity within the self-renewal durability of adult hematopoietic stem cells (HSCs) challenges our understanding of the molecular framework underlying HSC function. Finally, we demonstrated the broader applicability of this approach for linking key molecules with defined cellular functions in another stem cell system.",NOINFO,NOINFO,0.9991838335990906,0.0006022252491675317,0.0002138928830390796
508,25516011,Hematopoietic Stem Cell purification reaches purity rate of up to 50%.,"Purification and characterization of mouse hematopoietic stem cells. Mouse bone marrow hematopoietic stem cells were isolated with the use of a variety of phenotypic markers. Thirty of these cells are sufficient to save 50 percent of lethally irradiated mice, and to reconstitute all blood cell types in the survivors.",NOINFO,NOINFO,0.9994415640830994,0.0004275691753719002,0.00013078382471576333
508,34982259,Hematopoietic Stem Cell purification reaches purity rate of up to 50%.,"Of lineage and legacy: the development of mammalian hematopoietic stem cells Of particular interest in the field of developmental hematopoiesis is the origin of adult bone marrow hematopoietic stem cells. Interest is also focused on developmental signals that induce the adult hematopoietic stem cell program, as these may prove useful for generating and expanding these clinically important cell populations ex vivo.",NOINFO,NOINFO,0.9994027614593506,0.0003320041869301349,0.000265214272076264
508,19511011,Hematopoietic Stem Cell purification reaches purity rate of up to 50%.,"Reconstitution of the immune system after hematopoietic stem cell transplantation in humans Hematopoietic stem cell transplantation is associated with a severe immune deficiency. B- and T-cell counts normalize during the first months after transplantation, but in particular, T-cell immunity may remain impaired for years.",NOINFO,NOINFO,0.999764621257782,0.00016700262494850904,6.84040060150437e-05
513,13230773,High cardiopulmonary fitness causes increased mortality rate.,"Prevalence and cardiovascular disease correlates of low cardiorespiratory fitness in adolescents and adults. One consequence of inactivity, low cardiorespiratory fitness, is an established risk factor for cardiovascular disease (CVD) morbidity and mortality, but the prevalence of cardiorespiratory fitness has not been quantified in representative US population samples. In all age-sex groups, body mass index and waist circumference were inversely associated with fitness; age- and race-adjusted odds ratios of overweight or obesity (body mass index > or =25) ranged from 2.1 to 3.7 (P<.01 for all), comparing persons with low fitness with those with moderate or high fitness.",REFUTES,NOINFO,0.9997374415397644,0.00017062474216800183,9.186554962070659e-05
513,46437558,High cardiopulmonary fitness causes increased mortality rate.,"The role of alcohol in the Russian mortality crisis. This study adopts a novel approach to exploring the role of the alcohol factor in the increased mortality by investigating whether the mismatch between trends in mortality and recorded alcohol consumption is due to an underestimation of the consumption increase. Next, the estimated alcohol effect and the observed accident mortality rate for the period 1990-98 were used to backcast alcohol consumption during that period.",NOINFO,NOINFO,0.999840497970581,8.957162208389491e-05,6.989483517827466e-05
513,16066726,High cardiopulmonary fitness causes increased mortality rate.,"Tumor necrosis factor signaling mediates resistance to mycobacteria by inhibiting bacterial growth and macrophage death. Loss of TNF signaling causes progression of tuberculosis in humans, and the increased mortality of Mycobacterium tuberculosis-infected mice is associated with disorganized necrotic granulomas, although the precise roles of TNF signaling preceding this endpoint remain undefined. We found that loss of TNF signaling caused increased mortality even when only innate immunity was operant.",NOINFO,NOINFO,0.9998741149902344,6.908285286044702e-05,5.671512190019712e-05
513,7662395,High cardiopulmonary fitness causes increased mortality rate.,Perinatal mortality in rural China: retrospective cohort study. The perinatal mortality rate increased notably with parity and was higher in townships having lower income per capita. The perinatal mortality rate in the study county was higher than previously reported for both rural and urban areas in China.,NOINFO,NOINFO,0.9998624324798584,7.736822590231895e-05,6.013686288497411e-05
513,11441172,High cardiopulmonary fitness causes increased mortality rate.,"Fluconazole prophylaxis: can we eliminate invasive Candida infections in the neonatal ICU? RECENT FINDINGS Even with prompt or empiric treatment, mortality and neurodevelopmental impairment is high (57%) in infants <1000 g. Multiple studies have been performed with fluconazole prophylaxis, including a recent multicenter randomized controlled trial. The mortality rate from all causes was 25% lower (P = 0.029).",NOINFO,NOINFO,0.9998661279678345,6.515080895042047e-05,6.867870251880959e-05
514,16256507,High dietary calcium intakes are unnecessary for prevention of secondary hyperparathyroidism in subjects with 25(OH)D levels above 75 nmol/liter.,"Relationship between serum parathyroid hormone levels, vitamin D sufficiency, and calcium intake. OBJECTIVE To investigate the relative importance of high calcium intake and serum 25-hydroxyvitamin D for calcium homeostasis, as determined by serum intact parathyroid hormone (PTH). CONCLUSIONS As long as vitamin D status is ensured, calcium intake levels of more than 800 mg/d may be unnecessary for maintaining calcium metabolism.",NOINFO,REFUTES,0.0004027454415336251,0.00039650144753977656,0.9992007613182068
514,3150030,High dietary calcium intakes are unnecessary for prevention of secondary hyperparathyroidism in subjects with 25(OH)D levels above 75 nmol/liter.,"Global vitamin D levels in relation to age, gender, skin pigmentation and latitude: an ecologic meta-regression analysis Serum 25(OH)D levels on average were 54 nmol/l, were higher in women than men, and higher in Caucasians than in non-Caucasians. 25(OH)D levels were higher in subjects aged >15 years than in younger subjects.",NOINFO,NOINFO,0.9998518228530884,4.917771366308443e-05,9.89544132607989e-05
514,4462079,High dietary calcium intakes are unnecessary for prevention of secondary hyperparathyroidism in subjects with 25(OH)D levels above 75 nmol/liter.,"Estimation of optimal serum concentrations of 25-hydroxyvitamin D for multiple health outcomes. However, optimal serum concentrations of 25-hydroxyvitamin D [25(OH)D] have not been defined. For all endpoints, the most advantageous serum concentrations of 25(OH)D begin at 75 nmol/L (30 ng/mL), and the best are between 90 and 100 nmol/L (36-40 ng/mL).",NOINFO,NOINFO,0.999843955039978,5.627206701319665e-05,9.972973930416629e-05
514,30720103,High dietary calcium intakes are unnecessary for prevention of secondary hyperparathyroidism in subjects with 25(OH)D levels above 75 nmol/liter.,"Vitamin D status: measurement, interpretation, and clinical application. With the identification of 25(OH)D and 1,25(OH)(2)D, methods were developed to measure these metabolites in the circulation. Serum 1,25(OH)(2)D provides no information about vitamin D status and is often normal or even increased as the result of secondary hyperparathyroidism associated with vitamin D deficiency.",NOINFO,NOINFO,0.9998067021369934,5.3483850933844224e-05,0.00013981459778733552
516,29564505,High levels of CRP reduces the risk of exacerbations in chronic obstructive pulmonary disease (COPD).,"Inflammatory biomarkers and exacerbations in chronic obstructive pulmonary disease. IMPORTANCE Exacerbations of respiratory symptoms in chronic obstructive pulmonary disease (COPD) have profound and long-lasting adverse effects on patients. CONCLUSIONS AND RELEVANCE Simultaneously elevated levels of CRP and fibrinogen and leukocyte count in individuals with COPD were associated with increased risk of having exacerbations, even in those with milder COPD and in those without previous exacerbations.",REFUTES,REFUTES,0.00019143267127219588,0.00023592656361870468,0.9995725750923157
516,20109325,High levels of CRP reduces the risk of exacerbations in chronic obstructive pulmonary disease (COPD).,"Global strategy for the diagnosis, management, and prevention of chronic obstructive pulmonary disease: GOLD executive summary. Chronic obstructive pulmonary disease (COPD) is a global health problem, and since 2001, the Global Initiative for Chronic Obstructive Lung Disease (GOLD) has published its strategy document for the diagnosis and management of COPD. The first three points can be used to evaluate level of symptoms and risk of future exacerbations, and this is done in a way that splits patients with COPD into four categories-A, B, C, and D. Nonpharmacologic and pharmacologic management of COPD match this assessment in an evidence-based attempt to relieve symptoms and reduce risk of exacerbations.",NOINFO,NOINFO,0.9998606443405151,8.497222006553784e-05,5.4329033446265385e-05
516,18988265,High levels of CRP reduces the risk of exacerbations in chronic obstructive pulmonary disease (COPD).,"Susceptibility to exacerbation in chronic obstructive pulmonary disease. BACKGROUND Although we know that exacerbations are key events in chronic obstructive pulmonary disease (COPD), our understanding of their frequency, determinants, and effects is incomplete. RESULTS Exacerbations became more frequent (and more severe) as the severity of COPD increased; exacerbation rates in the first year of follow-up were 0.85 per person for patients with stage 2 COPD (with stage defined in accordance with Global Initiative for Chronic Obstructive Lung Disease [GOLD] stages), 1.34 for patients with stage 3, and 2.00 for patients with stage 4.",NOINFO,NOINFO,0.9998065829277039,5.1939663535449654e-05,0.00014146266039460897
516,21395936,High levels of CRP reduces the risk of exacerbations in chronic obstructive pulmonary disease (COPD).,"[Neutrophils and macrophages related to the pathogenesis and disease development of chronic obstructive pulmonary disease by the inflammatory reaction]. Chronic obstructive pulmonary disease (COPD) is a chronic airway disorder characterized by obstructive airflow limitation which is not completely reversible with treatment. Inflammatory changes in the peripheral airways, especially those with the diameter less than 2mm (so-called small airway disease) have been speculated to be initial steps of COPD.",NOINFO,NOINFO,0.9998631477355957,8.715756121091545e-05,4.96608809044119e-05
516,3580005,High levels of CRP reduces the risk of exacerbations in chronic obstructive pulmonary disease (COPD).,"Who is where at risk for Chronic Obstructive Pulmonary Disease? A spatial epidemiological analysis of health insurance claims for COPD in Northeastern Germany BACKGROUND Chronic obstructive pulmonary disease (COPD) has a high prevalence rate in Germany and a further increase is expected within the next years. Although risk factors on an individual level are widely understood, only little is known about the spatial heterogeneity and population-based risk factors of COPD.",NOINFO,NOINFO,0.9998511075973511,4.757163696922362e-05,0.0001013009823509492
517,15663829,High levels of copeptin decrease risk of diabetes.,"Mendelian Randomization Study of B-Type Natriuretic Peptide and Type 2 Diabetes: Evidence of Causal Association from Population Studies BACKGROUND Genetic and epidemiological evidence suggests an inverse association between B-type natriuretic peptide (BNP) levels in blood and risk of type 2 diabetes (T2D), but the prospective association of BNP with T2D is uncertain, and it is unclear whether the association is confounded. In participants of our case-cohort study who were free of T2D and cardiovascular disease at baseline, we observed a 21% (95% CI 3%-36%) decreased risk of incident T2D per one standard deviation (SD) higher log-transformed NT-pro-BNP levels in analysis adjusted for age, sex, body mass index, systolic blood pressure, smoking, family history of T2D, history of hypertension, and levels of triglycerides, high-density lipoprotein cholesterol, and low-density lipoprotein cholesterol.",NOINFO,NOINFO,0.9997604489326477,0.00010532679152674973,0.0001341898023383692
517,25599283,High levels of copeptin decrease risk of diabetes.,"Low serum vitamin D is associated with high risk of diabetes in Korean adults. A low vitamin D level has been associated with increased risk of diabetes mellitus, but the association has not been confirmed in Asians. In conclusion, a low serum vitamin D concentration is associated with a high risk of diabetes mellitus in Korean adults and the concentration is inversely associated with insulin resistance in those who are overweight or obese.",NOINFO,NOINFO,0.9996827840805054,6.501177267637104e-05,0.0002521532296668738
517,17656445,High levels of copeptin decrease risk of diabetes.,"Alternative Markers of Hyperglycemia and Risk of Diabetes OBJECTIVE Fructosamine, glycated albumin, and 1,5-anhydroglucitol (1,5-AG) are of interest for monitoring short-term glycemic control in patients with diabetes; however, their associations with diabetes risk are uncharacterized. Our results suggest these alternative biomarkers may be useful in identifying persons at risk for diabetes.",NOINFO,NOINFO,0.9997493624687195,6.501610187115148e-05,0.0001855757145676762
517,17324544,High levels of copeptin decrease risk of diabetes.,"Thirty-One Novel Biomarkers as Predictors for Clinically Incident Diabetes We used Cox proportional hazards models to calculate the relative risk of diabetes, after adjusting for the classic risk factors, separately for each biomarker. A score consisting of adiponectin, apolipoprotein B, C-reactive protein and ferritin almost doubled the relative risk of diabetes in the validation cohort (HR per one standard deviation increase 1.88, p = 2.8 e-5).",NOINFO,NOINFO,0.9997127652168274,7.029659172985703e-05,0.00021695207396987826
521,34873974,High-sensitivity cardiac troponin T (HSCT-T) dosage may not be diagnostic if the onset of symptoms occurs less than 3 hours before acute myocardial injury (AMI).,"Diagnostic accuracy of single baseline measurement of Elecsys Troponin T high-sensitive assay for diagnosis of acute myocardial infarction in emergency department: systematic review and meta-analysis STUDY SELECTION Studies were included if they evaluated the diagnostic accuracy of a single baseline measurement of Elecsys Troponin T high-sensitive assay for the diagnosis of acute myocardial infarction in patients presenting to the emergency department with suspected acute coronary syndrome. If the 3-5 ng/L cut-off value is used, <1 (0 to 1) patient with acute myocardial infarction will be missed and 46 (36 to 54) patients without acute myocardial infarction will test positive.",SUPPORTS,NOINFO,0.9997186064720154,0.00021275707695167512,6.866857438581064e-05
521,3056682,High-sensitivity cardiac troponin T (HSCT-T) dosage may not be diagnostic if the onset of symptoms occurs less than 3 hours before acute myocardial injury (AMI).,"A classification of unstable angina revisited. Subsequently, improved markers of myocardial injury, acute-phase proteins, and hemostatic markers that may be associated with clinical outcomes have been identified. Particularly, cardiac-specific troponin T and troponin I have been shown to represent the best predictors of early risk in patients with angina at rest.",NOINFO,NOINFO,0.999849796295166,8.203592005884275e-05,6.814312655478716e-05
521,34054472,High-sensitivity cardiac troponin T (HSCT-T) dosage may not be diagnostic if the onset of symptoms occurs less than 3 hours before acute myocardial injury (AMI).,Association between serum corin levels and risk of acute myocardial infarction. The present case-control study was designed to evaluate the association of serum soluble corin with acute myocardial infarction (AMI). METHODS We enrolled 856 consecutive AMI patients and 856 control subjects and explored the possible relation between serum corin levels and AMI risk using logistic regression model.,NOINFO,NOINFO,0.999832034111023,0.00011433933832449839,5.3589774324791506e-05
521,21868715,High-sensitivity cardiac troponin T (HSCT-T) dosage may not be diagnostic if the onset of symptoms occurs less than 3 hours before acute myocardial injury (AMI).,A subset of 26S proteasomes is activated at critically low ATP concentrations and contributes to myocardial injury during cold ischemia. Molecular mechanisms leading to myocardial injury during warm or cold ischemia are insufficiently understood. These data suggest that proteasome activation is a pathophysiologically relevant mechanism of cold ischemic myocardial injury.,NOINFO,NOINFO,0.9998458623886108,9.497728024143726e-05,5.908802631893195e-05
521,17897801,High-sensitivity cardiac troponin T (HSCT-T) dosage may not be diagnostic if the onset of symptoms occurs less than 3 hours before acute myocardial injury (AMI).,"Effects of Abciximab on the architecture of platelet-rich clots in patients with acute myocardial infarction undergoing primary coronary intervention. The present study investigated whether the reperfusion efficacy of abciximab relates to modifications of clot architecture in patients admitted for acute myocardial infarction (AMI). METHODS AND RESULTS A total of 23 AMI patients in the Abciximab before Direct angioplasty and stenting in Myocardial Infarction Regarding Acute and Long term follow-up (ADMIRAL) trial received, in a double-blind fashion, either abciximab (n=13) or placebo (n=10) before primary stenting.",NOINFO,NOINFO,0.9998364448547363,0.00011147323675686494,5.2042760216863826e-05
525,13639330,Histone demethylase recruitment and a transient decrease in histone methylation is necessary for ligand-dependent induction of transcription by nuclear receptors.,"Histone Methylation-Dependent Mechanisms Impose Ligand Dependency for Gene Activation by Nuclear Receptors Nuclear receptors undergo ligand-dependent conformational changes that are required for corepressor-coactivator exchange, but whether there is an actual requirement for specific epigenetic landmarks to impose ligand dependency for gene activation remains unknown. These events link an inhibitory methylation component of the histone code to a broadly used strategy that circumvents pathological constitutive gene induction by physiologically regulated transcription factors.",SUPPORTS,NOINFO,0.9978201389312744,0.002022635191679001,0.00015719216025900096
525,40667066,Histone demethylase recruitment and a transient decrease in histone methylation is necessary for ligand-dependent induction of transcription by nuclear receptors.,"Subcellular steroid/nuclear receptor dynamics. Therefore, steroid/nuclear receptors are ligand-dependent transcription factors. Ligand binding to steroid/nuclear receptors leads to the recruitment of many proteins including cofactors to provoke the redistribution of receptor complexes in the nucleus.",NOINFO,NOINFO,0.9998020529747009,0.0001517665950814262,4.619588435161859e-05
525,5860364,Histone demethylase recruitment and a transient decrease in histone methylation is necessary for ligand-dependent induction of transcription by nuclear receptors.,"Differential transcription of the orphan receptor RORbeta in nuclear extracts derived from Neuro2A and HeLa cells. An important model system for studying the process leading to productive transcription is provided by the superfamily of nuclear receptors, which are for the most part ligand-controlled transcription factors. Over the past years several 'orphan' nuclear receptors have been isolated for which no ligand has yet been identified.",NOINFO,NOINFO,0.9997461438179016,0.00019448106468189508,5.9313373640179634e-05
525,8548635,Histone demethylase recruitment and a transient decrease in histone methylation is necessary for ligand-dependent induction of transcription by nuclear receptors.,"RBP2 Belongs to a Family of Demethylases, Specific for Tri-and Dimethylated Lysine 4 on Histone 3 However, the recent discovery of histone demethylases has challenged the stable nature of histone methylation. Here we demonstrate that the JARID1 proteins RBP2, PLU1, and SMCX are histone demethylases specific for di- and trimethylated histone 3 lysine 4 (H3K4).",NOINFO,NOINFO,0.9997959733009338,0.00016474009316880256,3.935914355679415e-05
525,29788648,Histone demethylase recruitment and a transient decrease in histone methylation is necessary for ligand-dependent induction of transcription by nuclear receptors.,"NuA4 lysine acetyltransferase Esa1 is targeted to coding regions and stimulates transcription elongation with Gcn5. NuA4 subunits contain domains that bind methylated histones, suggesting that histone methylation should target NuA4 to coding sequences during transcription elongation. Whereas histone methylation by Set1 and Set2 is dispensable for NuA4's interaction with Pol II and targeting to some coding regions, it stimulates NuA4-histone interaction and H4 acetylation in vivo.",NOINFO,NOINFO,0.9998656511306763,8.284229261334985e-05,5.153851452632807e-05
527,3863543,Homozygous deletion of murine Sbds gene from osterix-expressing mesenchymal stem and progenitor cells (MPCs) prevents oxidative stress.,"Mesenchymal Inflammation Drives Genotoxic Stress in Hematopoietic Stem Cells and Predicts Disease Evolution in Human Pre-leukemia. Here, we show that perturbation of mesenchymal cells in a mouse model of the pre-leukemic disorder Shwachman-Diamond syndrome (SDS) induces mitochondrial dysfunction, oxidative stress, and activation of DNA damage responses in hematopoietic stem and progenitor cells. Collectively, our findings identify mesenchymal niche-induced genotoxic stress in heterotypic stem and progenitor cells through inflammatory signaling as a targetable determinant of disease outcome in human pre-leukemia.",NOINFO,NOINFO,0.9995259046554565,0.0002796099870465696,0.00019443820929154754
527,32922179,Homozygous deletion of murine Sbds gene from osterix-expressing mesenchymal stem and progenitor cells (MPCs) prevents oxidative stress.,"Alzheimer's disease: the two-hit hypothesis. However, although both oxidative stress and cell cycle-related abnormalities are early events, occurring before any cytopathology, the relation between these two events, and their role in pathophysiology was, until recently, unclear. However, on the basis of studies of mitogenic and oxidative stress signalling pathways in AD, we proposed a ""two-hit hypothesis"" which states that although either oxidative stress or abnormalities in mitotic signalling can independently serve as initiators, both processes are necessary to propagate disease pathogenesis.",NOINFO,NOINFO,0.9998966455459595,4.6653643948957324e-05,5.6716402468737215e-05
527,13048272,Homozygous deletion of murine Sbds gene from osterix-expressing mesenchymal stem and progenitor cells (MPCs) prevents oxidative stress.,"Combinatorial transcriptional control in blood stem/progenitor cells: genome-wide analysis of ten major transcriptional regulators. Here, we report the genome-wide binding patterns and combinatorial interactions for ten key regulators of blood stem/progenitor cells (SCL/TAL1, LYL1, LMO2, GATA2, RUNX1, MEIS1, PU.1, ERG, FLI-1, and GFI1B), thus providing the most comprehensive TF data set for any adult stem/progenitor cell type to date. Taken together, this study demonstrates the power of genome-wide analysis in generating novel functional insights into the transcriptional control of stem and progenitor cells.",NOINFO,NOINFO,0.9998526573181152,0.00010720450518419966,4.0216182242147624e-05
527,9412420,Homozygous deletion of murine Sbds gene from osterix-expressing mesenchymal stem and progenitor cells (MPCs) prevents oxidative stress.,"Endogenous bone marrow MSCs are dynamic, fate-restricted participants in bone maintenance and regeneration. Mesenchymal stem cells (MSCs) commonly defined by in vitro functions have entered clinical application despite little definition of their function in residence. Therefore, bone-marrow-derived MSCs may be a heterogeneous population with the Mx1(+) population, representing a highly dynamic and stress responsive stem/progenitor cell population of fate-restricted potential that feeds the high cell replacement demands of the adult skeleton.",NOINFO,NOINFO,0.9998832941055298,7.382681360468268e-05,4.289491334930062e-05
528,5476778,Human T-lymphotropic virus type-I-associated myelopathy / tropical spastic paraparesis (HAM/TSP) patients produce Immunoglobulin G (IgG) antibodies which cross-react with an immunodominant epitope in Tax.,"Autoimmunity due to molecular mimicry as a cause of neurological disease As a model for molecular mimicry, we studied patients with human T-lymphotropic virus type 1 (HTLV-1)-associated myelopathy/tropical spastic paraparesis (HAM/TSP), a disease that can be indistinguishable from MS (refs. HAM/TSP patients develop antibodies to neurons.",SUPPORTS,NOINFO,0.9418041110038757,0.05773162841796875,0.0004642012936528772
528,23326722,Human T-lymphotropic virus type-I-associated myelopathy / tropical spastic paraparesis (HAM/TSP) patients produce Immunoglobulin G (IgG) antibodies which cross-react with an immunodominant epitope in Tax.,"Clinical and laboratory features of adult T-cell leukaemia lymphoma in Barbados. We describe the clinical and pathological features of 23 Afro-Caribbean patients with adult T-cell leukaemia/lymphoma admitted to the Queen Elizabeth Hospital, Barbados over a 5 year period. Two patients had a past history of tropical spastic paraparesis/HTLV I associated myelopathy (TSP/HAM).",NOINFO,NOINFO,0.999774158000946,0.00018961055320687592,3.6258556065149605e-05
528,22937651,Human T-lymphotropic virus type-I-associated myelopathy / tropical spastic paraparesis (HAM/TSP) patients produce Immunoglobulin G (IgG) antibodies which cross-react with an immunodominant epitope in Tax.,"Antibodies specific for Epstein-Barr virus nuclear antigen-1 cross-react with human heterogeneous nuclear ribonucleoprotein L. Epstein-Barr virus (EBV) is associated with multiple sclerosis (MS), and antibodies to the EBV nuclear antigen-1 (EBNA-1) are consistently increased in MS patients. The hypothesis of this study is that anti-EBNA-1 antibodies cross-react with a self antigen in MS patients.",NOINFO,NOINFO,0.9996403455734253,0.00031074698199518025,4.888006515102461e-05
528,44420873,Human T-lymphotropic virus type-I-associated myelopathy / tropical spastic paraparesis (HAM/TSP) patients produce Immunoglobulin G (IgG) antibodies which cross-react with an immunodominant epitope in Tax.,"Keratinocyte-specific transglutaminase of cultured human epidermal cells: relation to cross-linked envelope formation and terminal differentiation. Monoclonal antibodies raised to the particulate enzyme cross-react with one of two transglutaminases in the cell cytosol. The second cytosolic transglutaminase, which has distinct kinetic and physical properties from the first, does not cross-react and is not essential for formation of the keratinocyte cross-linked envelope in vitro.",NOINFO,NOINFO,0.9998196959495544,0.0001236287789652124,5.67120332561899e-05
528,24512064,Human T-lymphotropic virus type-I-associated myelopathy / tropical spastic paraparesis (HAM/TSP) patients produce Immunoglobulin G (IgG) antibodies which cross-react with an immunodominant epitope in Tax.,"HTLV-I/II associated disease in England and Wales, 1993-7: retrospective review of serology requests. Apart from HIV two exogenous retroviruses (human T cell leukaemia viruses type I (HTLV-I) and type II (HTLV-II)) infect humans. HTLV-I infection is associated with a 1-5% lifetime risk of adult T cell leukaemia/lymphoma, 1 a 0.25% lifetime risk of HTLV-I associated myelopathy, 2 and other inflammatory conditions (uveitis, alveolitis, and arthritis).1 HTLV-II infection is endemic in some native American and African peoples and among injecting drug users and has been associated with neurological disease.1 Between 1986 and 1992, 100 cases of HTLV-I associated myelopathy and 44 cases of adult T cell leukaemia/lymphoma were diagnosed in the United Kingdom.3 Adult T cell leukaemia/lymphoma was first described in 1977 and patients with it have a mean life expectancy of only six months, so most of the 44 cases were probably incident cases.",NOINFO,NOINFO,0.9998127818107605,0.00013211631448939443,5.518194302567281e-05
532,12991445,Hyperfibrinogenemia decreases rates of femoropopliteal bypass thrombosis.,"Influence of smoking and plasma factors on patency of femoropopliteal vein grafts. OBJECTIVE To determine the effects of smoking, plasma lipids, lipoproteins, apolipoproteins, and fibrinogen on the patency of saphenous vein femoropopliteal bypass grafts at one year. DESIGN Prospective study of patients with saphenous vein femoropopliteal bypass grafts entered into a multicentre trial.",REFUTES,NOINFO,0.9964465498924255,0.00027176004368811846,0.0032817444298416376
532,5238341,Hyperfibrinogenemia decreases rates of femoropopliteal bypass thrombosis.,"Platelets at the interface of thrombosis, inflammation, and cancer. Although once primarily recognized for its roles in hemostasis and thrombosis, the platelet has been increasingly recognized as a multipurpose cell. Beyond its traditional role in hemostasis and thrombosis, the platelet's involvement in the interplay between hemostasis, thrombosis, inflammation, and cancer is likely complex, yet extremely important in each disease process.",NOINFO,NOINFO,0.9998617172241211,4.729421198135242e-05,9.098410373553634e-05
532,1387104,Hyperfibrinogenemia decreases rates of femoropopliteal bypass thrombosis.,"Malignancies, prothrombotic mutations, and the risk of venous thrombosis. MAIN OUTCOME MEASURE Risk of venous thrombosis. The risk of venous thrombosis was highest in the first few months after the diagnosis of malignancy (adjusted OR, 53.5; 95% CI, 8.6-334.3).",NOINFO,NOINFO,0.9996811151504517,0.00010069202107843012,0.00021822008420713246
532,34338075,Hyperfibrinogenemia decreases rates of femoropopliteal bypass thrombosis.,"Prevention of central venous catheter-associated thrombosis: a meta-analysis. For all catheter-associated deep vein thrombosis (symptomatic and asymptomatic combined), the summary relative risks ranged from 0.31 to 0.73 (all achieved statistical significance). For symptomatic deep vein thrombosis, the summary relative risks ranged from 0.28 to 0.72, but did not achieve statistical significance for any individual regimen.",NOINFO,NOINFO,0.9996989965438843,6.961247709114105e-05,0.0002313925651833415
532,20128547,Hyperfibrinogenemia decreases rates of femoropopliteal bypass thrombosis.,"Recovery of supraspinal control of stepping via indirect propriospinal relay connections after spinal cord injury Such recovery is widely attributed to axons spared from injury that descend from the brain and bypass incomplete lesions, but its mechanisms are uncertain. Targeting interventions toward augmenting the remodeling of relay connections may provide new therapeutic strategies to bypass lesions and restore function after SCI and in other conditions such as stroke and multiple sclerosis.",NOINFO,NOINFO,0.9998388290405273,4.0689672459848225e-05,0.00012053159298375249
533,12991445,Hyperfibrinogenemia increases rates of femoropopliteal bypass thrombosis.,"Influence of smoking and plasma factors on patency of femoropopliteal vein grafts. OBJECTIVE To determine the effects of smoking, plasma lipids, lipoproteins, apolipoproteins, and fibrinogen on the patency of saphenous vein femoropopliteal bypass grafts at one year. DESIGN Prospective study of patients with saphenous vein femoropopliteal bypass grafts entered into a multicentre trial.",SUPPORTS,NOINFO,0.9994739890098572,0.0002704644575715065,0.0002555709215812385
533,5238341,Hyperfibrinogenemia increases rates of femoropopliteal bypass thrombosis.,"Platelets at the interface of thrombosis, inflammation, and cancer. Although once primarily recognized for its roles in hemostasis and thrombosis, the platelet has been increasingly recognized as a multipurpose cell. Beyond its traditional role in hemostasis and thrombosis, the platelet's involvement in the interplay between hemostasis, thrombosis, inflammation, and cancer is likely complex, yet extremely important in each disease process.",NOINFO,NOINFO,0.9998878240585327,6.265628326218575e-05,4.946849003317766e-05
533,1387104,Hyperfibrinogenemia increases rates of femoropopliteal bypass thrombosis.,"Malignancies, prothrombotic mutations, and the risk of venous thrombosis. MAIN OUTCOME MEASURE Risk of venous thrombosis. The risk of venous thrombosis was highest in the first few months after the diagnosis of malignancy (adjusted OR, 53.5; 95% CI, 8.6-334.3).",NOINFO,NOINFO,0.9997941851615906,0.00011659006850095466,8.921827975427732e-05
533,18111172,Hyperfibrinogenemia increases rates of femoropopliteal bypass thrombosis.,"The fidelity of the ligation step determines how ends are resolved during Nonhomologous end joining Nevertheless, bypass ability varies widely, with increases in mispair severity gradually reducing bypass products from 85 to 6%. Thus, both the frequency and nature of end processing are tailored to meet the needs of the ligation step.",NOINFO,NOINFO,0.9998728036880493,5.885925202164799e-05,6.827792094554752e-05
533,34338075,Hyperfibrinogenemia increases rates of femoropopliteal bypass thrombosis.,"Prevention of central venous catheter-associated thrombosis: a meta-analysis. For all catheter-associated deep vein thrombosis (symptomatic and asymptomatic combined), the summary relative risks ranged from 0.31 to 0.73 (all achieved statistical significance). For symptomatic deep vein thrombosis, the summary relative risks ranged from 0.28 to 0.72, but did not achieve statistical significance for any individual regimen.",NOINFO,NOINFO,0.9998502731323242,7.661541894776747e-05,7.31069449102506e-05
535,39368721,Hypertension is frequently observed in type 1 diabetes patients.,Glucose tolerance and blood pressure: long term follow up in middle aged men. OBJECTIVE to investigate the role of glucose tolerance in the development of hypertension. Blood glucose concentration one hour after a glucose load was an independent predictor of future hypertension.,NOINFO,NOINFO,0.9854850172996521,0.013433126732707024,0.0010818588780239224
535,30805636,Hypertension is frequently observed in type 1 diabetes patients.,Peroxisome proliferator-activated receptor ligand bezafibrate for prevention of type 2 diabetes mellitus in patients with coronary artery disease. The goal of this study was to evaluate the effect of the peroxisome proliferator-activated receptor ligand bezafibrate on the progression of impaired fasting glucose phase to type 2 diabetes in patients with coronary artery disease over a 6.2-year follow-up period. CONCLUSIONS Bezafibrate reduces the incidence and delays the onset of type 2 diabetes in patients with impaired fasting glucose.,NOINFO,NOINFO,0.9997692704200745,0.0001743357424857095,5.637786671286449e-05
535,2138843,Hypertension is frequently observed in type 1 diabetes patients.,"Microvascular and Macrovascular Complications of Diabetes The importance of protecting the body from hyperglycemia cannot be overstated; the direct and indirect effects on the human vascular tree are the major source of morbidity and mortality in both type 1 and type 2 diabetes. Development of diabetic retinopathy in patients with type 2 diabetes was found to be related to both severity of hyperglycemia and presence of hypertension in the U.K. Prospective Diabetes Study (UKPDS), and most patients with type 1 diabetes develop evidence of retinopathy within 20 years of diagnosis.2,3 Retinopathy may begin to develop as early as 7 years before the diagnosis of diabetes in patients with type 2 diabetes.1 There are several proposed pathological mechanisms by which diabetes may lead …",NOINFO,NOINFO,0.9997521042823792,0.00019715943199116737,5.073372085462324e-05
535,7150238,Hypertension is frequently observed in type 1 diabetes patients.,"The effects of LY2405319, an FGF21 analog, in obese human subjects with type 2 diabetes. Here, we studied the effects of LY2405319 (LY), a variant of FGF21, in a randomized, placebo-controlled, double-blind proof-of-concept trial in patients with obesity and type 2 diabetes. However, only a trend toward glucose lowering was observed.",NOINFO,NOINFO,0.9997866749763489,0.0001526561245555058,6.072240648791194e-05
536,16056514,Hypocretin neurones induce panicprone state in rats.,"A KEY ROLE FOR OREXIN IN PANIC ANXIETY In a rat model of panic disorder, chronic inhibition of GABA synthesis in the dorsomedial-perifornical hypothalamus of rats produces anxiety-like states and a similar vulnerability to sodium lactate-induced cardioexcitatory responses. The dorsomedial-perifornical hypothalamus is enriched in neurons containing orexin (ORX, also known as hypocretin), which have a crucial role in arousal, vigilance and central autonomic mobilization, all of which are key components of panic.",SUPPORTS,SUPPORTS,0.0004595405771397054,0.9983118772506714,0.0012285939883440733
536,9194077,Hypocretin neurones induce panicprone state in rats.,Effects of Hypoxia and Oxidative Stress on Expression of Neprilysin in Human Neuroblastoma Cells and Rat Cortical Neurones and Astrocytes Aβ is constantly produced in the brain from amyloid precursor protein (APP) through its cleavage by β- and γ-secretases and certain Aβ species are toxic for neurones. By comparing the effects of hypoxia and oxidative stress on expression and activity of the Aβ-degrading enzyme NEP in human neuroblastoma NB7 cells and rat primary cortical neurones we have demonstrated that hypoxia reduced NEP expression at the protein and mRNA levels as well as its activity.,NOINFO,NOINFO,0.9998664855957031,7.843357161618769e-05,5.5077234719647095e-05
536,23746332,Hypocretin neurones induce panicprone state in rats.,Fast calcium and voltage-sensitive dye imaging in enteric neurones reveal calcium peaks associated with single action potential discharge. Our study demonstrates that single-trial fast [Ca(2+)](i) imaging (≥200 Hz sampling rate) revealed peaks each of which are associated with single spike discharge recorded by consecutive voltage-sensitive dye (VSD) imaging in enteric neurones and nerve fibres. Fast [Ca(2+)](i) imaging can be used to directly record single action potentials in enteric neurones.,NOINFO,NOINFO,0.9998310804367065,0.00010720219142967835,6.168139225337654e-05
536,22178316,Hypocretin neurones induce panicprone state in rats.,"Disrupted-in-schizophrenia 1 and neuregulin 1 are required for the specification of oligodendrocytes and neurones in the zebrafish brain. In addition to their effects on oligodendrocyte development, knock-down of disc1 or nrg1 caused near total loss of olig2-positive cerebellar neurones, but caused no apparent loss of spinal motor neurones. These findings suggest that disc1 and nrg1 function in common or related pathways controlling development of oligodendrocytes and neurones from olig2-expressing precursor cells.",NOINFO,NOINFO,0.9997668862342834,0.0001305711193708703,0.00010248644684907049
536,7840442,Hypocretin neurones induce panicprone state in rats.,Multisite optical recording of excitability in the enteric nervous system. Optical recordings of Vm changes in enteric neurones which were evoked by depolarizing current pulses or synaptic activation mirrored the Vm changes measured intracellularly in the same neurone. The optical mapping made it possible to record action potentials simultaneously in a large number of neurones with high spatiotemporal resolution that is unattainable by conventional techniques.,NOINFO,NOINFO,0.9998446702957153,8.563730079913512e-05,6.975873839110136e-05
539,13282296,Hypoglycemia increases the risk of dementia.,"Hypoglycemic episodes and risk of dementia in older patients with type 2 diabetes mellitus. The attributable risk of dementia between individuals with and without a history of hypoglycemia was 2.39% per year (95% CI, 1.72%-3.01%). Whether minor hypoglycemic episodes increase risk of dementia is unknown.",SUPPORTS,REFUTES,0.0011569492053240538,0.13024526834487915,0.8685978651046753
539,6309659,Hypoglycemia increases the risk of dementia.,Reproductive period and risk of dementia in postmenopausal women. CONTEXT Exogenous estrogen use may lower risk of dementia in postmenopausal women. CONCLUSION Our findings do not support the hypothesis that a longer reproductive period reduces risk of dementia in women who have natural menopause.,NOINFO,NOINFO,0.9997228980064392,0.0001826937950681895,9.441078145755455e-05
539,27076725,Hypoglycemia increases the risk of dementia.,"Documented head injury in early adulthood and risk of Alzheimer's disease and other dementias. The authors estimated risk of dementia, specifically AD, using proportional hazards models. Results were similar for dementia in general.",NOINFO,NOINFO,0.9998462200164795,6.721758109051734e-05,8.647781942272559e-05
539,20697217,Hypoglycemia increases the risk of dementia.,Symptoms of hypoglycemia in children with IDDM. PCA of the symptom reports showed that diabetic children and their parents identified the same distinct subgroups of hypoglycemia-related symptoms: behavioral disturbance and autonomic-neuroglycopenic subgroups. These observations have important implications for parental education on hypoglycemia.,NOINFO,NOINFO,0.999872088432312,6.144343933556229e-05,6.656608456978574e-05
539,11953232,Hypoglycemia increases the risk of dementia.,"Impaired Awareness of Hypoglycemia in a Population-Based Sample of Children and Adolescents With Type 1 Diabetes The severe hypoglycemia rate was higher in those with impaired awareness of hypoglycemia (37.1 vs. 19.3 episodes per 100 patient-years, P < 0.001). More patients with recurrent hypoglycemia reported impaired awareness of hypoglycemia (47 vs. 28%, P = 0.03).",NOINFO,NOINFO,0.9998236298561096,7.858354365453124e-05,9.779880929272622e-05
540,11886686,Hypothalamic glutamate neurotransmission is crucial to energy balance.,"Synaptic glutamate release by ventromedial hypothalamic neurons is part of the neurocircuitry that prevents hypoglycemia. Synaptic vesicular transporters (VGLUTs for glutamate and VGAT for GABA) are required for vesicular uptake and, consequently, synaptic release of neurotransmitters. Ventromedial hypothalamic (VMH) neurons are predominantly glutamatergic and express VGLUT2.",SUPPORTS,SUPPORTS,0.0005079390248283744,0.9988359808921814,0.0006560393958352506
540,25007443,Hypothalamic glutamate neurotransmission is crucial to energy balance.,"Topographic mapping of VMH → arcuate nucleus microcircuits and their reorganization by fasting In the hypothalamic arcuate nucleus (ARC), pro-opiomelanocortin (POMC) neurons inhibit feeding and neuropeptide-Y (NPY) neurons stimulate feeding. We tested whether neurons in the ventromedial hypothalamic nucleus (VMH), a known satiety center, activate anorexigenic neuronal pathways in the ARC by projecting either excitatory synaptic inputs to POMC neurons and/or inhibitory inputs to NPY neurons.",NOINFO,NOINFO,0.9997474551200867,0.0002178087452193722,3.473263859632425e-05
540,17150648,Hypothalamic glutamate neurotransmission is crucial to energy balance.,"Leptin regulates glutamate and glucose transporters in hypothalamic astrocytes. Glial cells perform critical functions that alter the metabolism and activity of neurons, and there is increasing interest in their role in appetite and energy balance. These results demonstrate that whole-organism metabolism alters hypothalamic glial cell activity and suggest that these cells play an important role in the pathology of obesity.",NOINFO,SUPPORTS,0.458452969789505,0.5401896238327026,0.0013574283802881837
540,2225918,Hypothalamic glutamate neurotransmission is crucial to energy balance.,"Identification of a Brainstem Circuit Controlling Feeding Hunger, driven by negative energy balance, elicits the search for and consumption of food. These data establish the DRN as an important node controlling energy balance.",NOINFO,NOINFO,0.9997162222862244,0.00024632038548588753,3.748049130081199e-05
540,306311,Hypothalamic glutamate neurotransmission is crucial to energy balance.,"Control of glutamate clearance and synaptic efficacy by glial coverage of neurons. Analysis of excitatory synaptic transmission in the rat hypothalamic supraoptic nucleus revealed that glutamate clearance and, as a consequence, glutamate concentration and diffusion in the extracellular space, is associated with the degree of astrocytic coverage of its neurons. Reduction in glutamate clearance, whether induced pharmacologically or associated with a relative decrease of glial coverage in the vicinity of synapses, affected transmitter release through modulation of presynaptic metabotropic glutamate receptors.",NOINFO,NOINFO,0.9990713596343994,0.0008633935358375311,6.522629701066762e-05
544,24221369,IFIT1 restricts viral replication by sequestrating mis-capped viral RNAs.,A Conserved Histidine in the RNA Sensor RIG-I Controls Immune Tolerance to N1-2'O-Methylated Self RNA. The cytosolic helicase retinoic acid-inducible gene-I (RIG-I) initiates immune responses to most RNA viruses by detecting viral 5'-triphosphorylated RNA (pppRNA). Here we show that the methylation status of endogenous capped mRNA at the 5'-terminal nucleotide (N1) was crucial to prevent RIG-I activation.,NOINFO,NOINFO,0.9998360872268677,9.497634891886264e-05,6.894543912494555e-05
544,20261352,IFIT1 restricts viral replication by sequestrating mis-capped viral RNAs.,"Decoupling activation and exhaustion of B cells in spontaneous controllers of HIV infection. The changes in the expression of CD21 and CD95 were tracked on B-cell subpopulations in patients with differential control of viral replication. The loss of CD21 is a marker of B-cell exhaustion induced in the absence of appreciable viral replication, whereas the upregulation of CD95 is tightly linked to persistent viral replication and its associated immune activation.",NOINFO,NOINFO,0.9998183846473694,9.70372129813768e-05,8.463735866826028e-05
544,5838067,IFIT1 restricts viral replication by sequestrating mis-capped viral RNAs.,"Analysis of human cytomegalovirus-encoded microRNA activity during infection. Remarkably, it was shown that the same miRNA also downregulates immediate-early viral genes and that its ectopic expression resulted in reduced viral replication and viral titers. The targets for most of the viral miRNAs, and hence their functions, are still unknown.",NOINFO,NOINFO,0.9998592138290405,7.044434460112825e-05,7.030689448583871e-05
544,44737533,IFIT1 restricts viral replication by sequestrating mis-capped viral RNAs.,"Simian immunodeficiency viruses replication dynamics in African non-human primate hosts: common patterns and species-specific differences. VL was dependent on virus strain: vervets infected with three different viral strains showed different patterns of viral replication. The pattern of viral replication of SIVagm.sab, which uses both CCR5 and CXCR4 co-receptors was similar to those of the other viruses.",NOINFO,NOINFO,0.9998006224632263,9.46027139434591e-05,0.00010471566201886162
549,9433958,IRG1 has antiviral effects against neurotropic viruses.,"Differential innate immune response programs in neuronal subtypes determine susceptibility to infection in the brain by positive stranded RNA viruses By transducing cortical neurons with genes that were expressed more highly in granule cell neurons, we identified three interferon-stimulated genes (ISGs; Ifi27, Irg1 and Rsad2 (also known as Viperin)) that mediated the antiviral effects against different neurotropic viruses. Moreover, we found that the epigenetic state and microRNA (miRNA)-mediated regulation of ISGs correlates with enhanced antiviral response in granule cell neurons.",SUPPORTS,SUPPORTS,0.023992497473955154,0.9756104350090027,0.0003970959805883467
549,1970884,IRG1 has antiviral effects against neurotropic viruses.,"Rational design of a flavivirus vaccine by abolishing viral RNA 2'-O methylation. Viruses that replicate in the cytoplasm cannot access the host nuclear capping machinery. Mechanistically, the attenuation phenotype was attributed to the enhanced sensitivity of the mutant virus to the antiviral effects of interferon and IFIT proteins.",NOINFO,NOINFO,0.9998819828033447,8.33304802654311e-05,3.466953057795763e-05
549,30437264,IRG1 has antiviral effects against neurotropic viruses.,"Hepatitis C virus blocks interferon effector function by inducing protein kinase R phosphorylation. ISG protein induction is restored and the antiviral effects of interferon are enhanced when PKR expression is suppressed in interferon-treated infected cells. Whereas host protein translation, including antiviral ISGs, is suppressed by activated PKR, HCV IRES-dependent translation is not.",NOINFO,NOINFO,0.9997870326042175,0.0001844984944909811,2.8515671147033572e-05
549,9539248,IRG1 has antiviral effects against neurotropic viruses.,"Alphavirus-derived small RNAs modulate pathogenesis in disease vector mosquitoes. An antiviral RNAi response has been shown to limit the replication of RNA viruses in flies. However, the importance of the RNAi pathway as an antiviral defense in mammals is unclear.",NOINFO,NOINFO,0.9997534155845642,0.00021738505165558308,2.9190920031396672e-05
549,25124117,IRG1 has antiviral effects against neurotropic viruses.,Massive activation of archaeal defense genes during viral infection. Archaeal viruses display unusually high genetic and morphological diversity. Studies of these viruses proved to be instrumental for the expansion of knowledge on viral diversity and evolution.,NOINFO,NOINFO,0.99985671043396,0.00010390658280812204,3.9284735976252705e-05
551,33499189,ITAM phosphorylation prevents the transfer of the T cell receptor (TCR) signal from the echo-domain to the cytoplasmic tail of the T cell receptor (TCR).,"Full activation of the T cell receptor requires both clustering and conformational changes at CD3. T cell receptor (TCR-CD3) triggering involves both receptor clustering and conformational changes at the cytoplasmic tails of the CD3 subunits. By using well-defined ligands, we showed that induction of the conformational change requires both multivalent engagement and the mobility restriction of the TCR-CD3 imposed by the plasma membrane.",NOINFO,NOINFO,0.9997220635414124,5.143056478118524e-05,0.0002264795039081946
551,8903143,ITAM phosphorylation prevents the transfer of the T cell receptor (TCR) signal from the echo-domain to the cytoplasmic tail of the T cell receptor (TCR).,"Basic residues in the T-cell receptor ζ cytoplasmic domain mediate membrane association and modulate signaling. The T-cell receptor (TCR) consists of a TCRαβ heterodimer, a TCRζ homodimer, and CD3γε and CD3δε heterodimers. In this report we show that BRS motifs within the cytoplasmic tail of TCRζ mediate association with the plasma membrane and that TCR engagement results in TCRζ dissociation from the membrane.",NOINFO,NOINFO,0.9996024966239929,7.871976413298398e-05,0.00031872597173787653
551,23032247,ITAM phosphorylation prevents the transfer of the T cell receptor (TCR) signal from the echo-domain to the cytoplasmic tail of the T cell receptor (TCR).,"Generation of T cell receptor–retrogenic mice: improved retroviral-mediated stem cell gene transfer The use of retrogenic mice offers a rapid and flexible approach to T cell receptor (TCR)-transgenic mice. By transducing bone marrow progenitor cells with a retrovirus that encodes a given TCR-α/β subunit, TCR-retrogenic mice can be generated in as few as 4–6 weeks, whereas conventional TCR transgenics can take 6 months or longer.",NOINFO,NOINFO,0.9998339414596558,3.844885213766247e-05,0.0001275550021091476
551,9283422,ITAM phosphorylation prevents the transfer of the T cell receptor (TCR) signal from the echo-domain to the cytoplasmic tail of the T cell receptor (TCR).,"T cell receptor-proximal signals are sustained in peripheral microclusters and terminated in the central supramolecular activation cluster. T cell receptor (TCR) signaling is initiated and sustained in microclusters; however, it's not known whether signaling also occurs in the TCR-rich central supramolecular activation cluster (cSMAC). We propose that TCR signaling is sustained by stabilized microclusters and is terminated in the cSMAC, a structure from which TCR are sorted for degradation.",NOINFO,NOINFO,0.9997040629386902,5.816370321554132e-05,0.0002378082281211391
552,1471041,IgA plasma cells that are specific for transglutaminase 2 accumulate in the duodenal mucosa on commencement of a gluten-free diet.,High abundance of plasma cells secreting transglutaminase 2–specific IgA autoantibodies with limited somatic hypermutation in celiac disease intestinal lesions Celiac disease is an immune-mediated disorder in which mucosal autoantibodies to the enzyme transglutaminase 2 (TG2) are generated in response to the exogenous antigen gluten in individuals who express human leukocyte antigen HLA-DQ2 or HLA-DQ8 (ref. We found that TG2-specific plasma cells are markedly expanded within the duodenal mucosa in individuals with active celiac disease.,NOINFO,SUPPORTS,0.0013306352775543928,0.9980202913284302,0.0006491333479061723
552,14340571,IgA plasma cells that are specific for transglutaminase 2 accumulate in the duodenal mucosa on commencement of a gluten-free diet.,The Molecular Basis for Oat Intolerance in Patients with Celiac Disease It is caused by an inappropriate immune response to dietary gluten and is treated with a gluten-free diet. Oat intolerance may be a reason for villous atrophy and inflammation in patients with celiac disease who are eating oats but otherwise are adhering to a strict gluten-free diet.,NOINFO,NOINFO,0.9997846484184265,0.0001830622786656022,3.2312414987245575e-05
552,3828508,IgA plasma cells that are specific for transglutaminase 2 accumulate in the duodenal mucosa on commencement of a gluten-free diet.,"Overweight in Celiac Disease: Prevalence, Clinical Characteristics, and Effect of a Gluten-Free Diet Of patients compliant with a gluten-free diet, 81% had gained weight after 2 yr, including 82% of initially overweight patients. The increase in weight of already overweight patients after dietary gluten exclusion is a potential cause of morbidity, and the gluten-free diet as conventionally prescribed needs to be modified accordingly.",NOINFO,NOINFO,0.9998730421066284,9.350733307655901e-05,3.347155870869756e-05
552,10675756,IgA plasma cells that are specific for transglutaminase 2 accumulate in the duodenal mucosa on commencement of a gluten-free diet.,"Related IgA1 and IgG producing cells in blood and diseased mucosa in ulcerative colitis. BACKGROUND Ulcerative colitis (UC) is a chronic inflammatory bowel disease in which the colonic mucosa is infiltrated with plasma cells producing IgG autoantibodies. Clonally related IgA class switch variants, all IgA1, were detected but also only in the diseased mucosa and blood.",NOINFO,NOINFO,0.9998672008514404,9.20571037568152e-05,4.077038465766236e-05
554,1049501,Immune complex triggered cell death leads to extracellular release of neutrophil protein HMGB1.,"Neutrophil extracellular traps enriched in oxidized mitochondrial DNA are interferogenic and contribute to lupus-like disease Neutrophil extracellular traps (NETs) are implicated in autoimmunity, but how they are generated and their roles in sterile inflammation remain unclear. Extracellular release of oxidized mitochondrial DNA is proinflammatory in vitro, and when this DNA is injected into mice, it stimulates type I interferon (IFN) signaling through a pathway dependent on the DNA sensor STING.",NOINFO,NOINFO,0.9998767375946045,7.998135697562248e-05,4.323105531511828e-05
554,14853989,Immune complex triggered cell death leads to extracellular release of neutrophil protein HMGB1.,Neutrophil extracellular chromatin traps connect innate immune response to autoimmunity That situation rapidly changed once neutrophil extracellular chromatin traps (NETs) were discovered and observed to play a conserved role in innate immune responses to a broad variety of microbial pathogens. We also discuss the possibility that NET chromatin forms an essential component of immune deposits in the pathogenesis of glomerulonephritis in SLE and other autoimmune immune complex diseases.,NOINFO,NOINFO,0.9998929500579834,5.7947891036747023e-05,4.908377741230652e-05
554,9225850,Immune complex triggered cell death leads to extracellular release of neutrophil protein HMGB1.,"Non-canonical PI3K-Cdc42-Pak-Mek-Erk Signaling Promotes Immune-Complex-Induced Apoptosis in Human Neutrophils In addition, comparative analysis of immune-complex- and fMLF-induced signaling uncovers key differences in pathways used by human and murine neutrophils. The non-canonical pathway we identify in this study may be important for the resolution of inflammation in chronic inflammatory diseases that rely on immune-complex-driven neutrophil activation.",NOINFO,NOINFO,0.9997633099555969,0.00019716162933036685,3.951190592488274e-05
554,29399239,Immune complex triggered cell death leads to extracellular release of neutrophil protein HMGB1.,"Neutrophil extracellular traps: Is immunity the second function of chromatin? Neutrophil extracellular traps (NETs) are made of processed chromatin bound to granular and selected cytoplasmic proteins. This release of chromatin is the result of a unique form of cell death, dubbed ""NETosis.",NOINFO,NOINFO,0.9997586607933044,0.00017951686459127814,6.179750198498368e-05
560,40096222,Immune responses result in the development of inflammatory Th17 cells and anti-inflammatory iTregs.,"Compromised intestinal epithelial barrier induces adaptive immune compensation that protects from colitis. To investigate the contribution of adaptive immune compensation in response to increased intestinal epithelial permeability, we examined the susceptibility of F11r(-/-)Rag1(-/-) mice to acute colitis. These data establish a role for adaptive immune-mediated protection from acute colitis under conditions of intestinal epithelial barrier compromise.",NOINFO,NOINFO,0.9997956156730652,0.00015688930579926819,4.756899579660967e-05
560,29347970,Immune responses result in the development of inflammatory Th17 cells and anti-inflammatory iTregs.,"CCR6 regulates the migration of inflammatory and regulatory T cells. Th17 cells, by producing CCL20, promote migration of Th17 and Treg cells in vitro in a CCR6-dependent manner. Lack of CCR6 in Th17 cells reduces the severity of experimental autoimmune encephalomyelitis and Th17 and Treg recruitment into inflammatory tissues.",NOINFO,NOINFO,0.991107165813446,0.007334378082305193,0.001558532239869237
560,18546584,Immune responses result in the development of inflammatory Th17 cells and anti-inflammatory iTregs.,"Retinoic acid inhibits Th17 polarization and enhances FoxP3 expression through a Stat-3/Stat-5 independent signaling pathway. Two important populations of helper T cells are the proinflammatory, interleukin-17 (IL-17)-producing (Th17) cells and the anti-inflammatory forkhead box P3-positive (FoxP3(+)) T regulatory (Treg) cells. Here we show that all-trans retinoic acid (ATRA) and other agonists of the retinoic acid receptor alpha (RARalpha) inhibit the formation of Th17 cells and promote FoxP3 expression.",NOINFO,NOINFO,0.9954089522361755,0.004273657687008381,0.0003173888544552028
560,11233339,Immune responses result in the development of inflammatory Th17 cells and anti-inflammatory iTregs.,"Pivotal Roles of T-Helper 17-Related Cytokines, IL-17, IL-22, and IL-23, in Inflammatory Diseases IL-23, which promotes Th17 cell development, as well as IL-17 and IL-22 produced by the Th17 cells plays essential roles in various inflammatory diseases, such as experimental autoimmune encephalomyelitis, rheumatoid arthritis, colitis, and Concanavalin A-induced hepatitis. In this review, we summarize the characteristics of the functional role of Th17 cells, with particular focus on the Th17 cell-related cytokines such as IL-17, IL-22, and IL-23, in mouse models and human inflammatory diseases.",NOINFO,NOINFO,0.9744937419891357,0.025367798283696175,0.0001384208007948473
569,23460562,"In adult tissue, most T cells are memory T cells.","Early life compartmentalization of human T cell differentiation and regulatory function in mucosal and lymphoid tissues We present here an analysis of lymphoid and mucosal tissue T cells derived from pediatric organ donors in the first two years of life, as compared to adult organ donors, revealing early compartmentalization of T cell differentiation and regulation. Whereas adult tissues contain a predominance of memory T cells, in pediatric blood and tissues the main subset consists of naive recent thymic emigrants, with effector memory T cells (T(EM)) found only in the lungs and small intestine.",SUPPORTS,SUPPORTS,0.0006689685978926718,0.9988210797309875,0.0005099194822832942
569,3155731,"In adult tissue, most T cells are memory T cells.","Tissue-resident memory T cells: local specialists in immune defence Although the trafficking of memory T cells around the body is integral to their capacity to provide immune protection, studies have shown that specialization of some memory T cells into unique tissue-resident subsets gives the host enhanced regional immunity. This Review discusses the major advances and the emerging concepts in this field, summarizes what is known about the differentiation and the protective functions of tissue-resident memory T cells in different tissues in the body and highlights key unanswered questions.",NOINFO,NOINFO,0.9962284564971924,0.003629992250353098,0.0001415080769220367
569,21320417,"In adult tissue, most T cells are memory T cells.",T cell memory. The processes involved in generating and maintaining T cell memory are becoming better understood due to recent technological advances in identifying memory T cells and monitoring their behavior and function in vivo. The persistence of the resting memory T cells that eventually develop is regulated by cytokines.,NOINFO,NOINFO,0.9997550845146179,0.00020743061031680554,3.755522266146727e-05
569,22198971,"In adult tissue, most T cells are memory T cells.","Noncognate interaction with MHC class II molecules is essential for maintenance of T cell metabolism to establish optimal memory CD4 T cell function. CD4 memory T cells surviving in the absence of MHC class II contact lose their characteristic memory function. To investigate the mechanisms underlying the impaired function of memory T cells in the absence of MHC class II molecules, we analyzed gene expression profiles of resting memory T cells isolated from MHC class II-competent or -deficient hosts.",NOINFO,NOINFO,0.999848484992981,0.0001138954539783299,3.755873331101611e-05
569,13636631,"In adult tissue, most T cells are memory T cells.","Cytokine control of memory T-cell development and survival Evidence has accumulated that cytokines have a fundamental role in the differentiation of memory T cells. Here, we follow the CD8+ T cell from initial activation to memory-cell generation, indicating the checkpoints at which cytokines determine the fate of the T cell.",NOINFO,NOINFO,0.9987207055091858,0.0012327033327892423,4.659877595258877e-05
575,10300888,"In domesticated populations of Saccharomyces cerevisiae, whole chromosome aneuploidy is very uncommon.","Domestication and Divergence of Saccharomyces cerevisiae Beer Yeasts Here, we present the genomes and phenomes of 157 industrial Saccharomyces cerevisiae yeasts. PAPERCLIP.",NOINFO,NOINFO,0.9998534917831421,7.030648703221232e-05,7.61680566938594e-05
575,16686383,"In domesticated populations of Saccharomyces cerevisiae, whole chromosome aneuploidy is very uncommon.","Phosphorylation of centromeric histone H3 variant regulates chromosome segregation in Saccharomyces cerevisiae We identify posttranslational modifications of Saccharomyces cerevisiae CenH3, Cse4. Furthermore, cell biology approaches using a green fluorescent protein-labeled chromosome show that cse4-4SD suppresses chromosome segregation defects in dam1 spc34 strains.",NOINFO,NOINFO,0.999866247177124,6.401559949154034e-05,6.97602445143275e-05
575,13613916,"In domesticated populations of Saccharomyces cerevisiae, whole chromosome aneuploidy is very uncommon.",Glucose repression in Saccharomyces cerevisiae Glucose is the primary source of energy for the budding yeast Saccharomyces cerevisiae. This review describes effects of glucose repression on yeast carbon metabolism with a focus on roles of the Snf3/Rgt2 glucose-sensing pathway and Snf1 signal transduction in establishment and relief of glucose repression.,NOINFO,NOINFO,0.9998769760131836,5.07400582137052e-05,7.225714944070205e-05
575,9704467,"In domesticated populations of Saccharomyces cerevisiae, whole chromosome aneuploidy is very uncommon.","in polyploid species The data presented in YGOB, currently covering seven species, are based on sets of homologous genes that have been intensively manually curated based on both sequence similarity and genomic context (synteny). We reconciled different laboratories' lists of paralogous Saccharomyces cerevisiae gene pairs formed by genome duplication (ohnologs), and present near-exhaustive lists of the ohnolog pairs retained in S. cerevisiae (551, including 22 previously unidentified), Saccharomyces castellii (599), and Candida glabrata (404).",NOINFO,NOINFO,0.9997774958610535,7.601366087328643e-05,0.00014652014942839742
577,5289038,"In mice, P. chabaudi parasites are able to proliferate faster early in infection when inoculated at lower numbers than when inoculated at high numbers.",Partitioning regulatory mechanisms of within-host malaria dynamics using the effective propagation number. Our analysis showed that the capacity of innate responses to restrict initial parasite growth saturates with parasite dose and that experimentally enhanced innate immunity can affect parasite density indirectly via resource depletion. Such a statistical approach offers a tool to improve targeting of drugs or vaccines for human therapy by revealing the dynamics and interactions of within-host regulatory mechanisms.,NOINFO,NOINFO,0.913429319858551,0.07320620864629745,0.013364429585635662
577,23777820,"In mice, P. chabaudi parasites are able to proliferate faster early in infection when inoculated at lower numbers than when inoculated at high numbers.","A murine model of human myeloma bone disease. Mice inoculated intravenously with the cultured cells predictably develop an identical disease to the mice injected intravenously with fresh bone-marrow-derived myeloma cells, including monoclonal gammopathy and radiologic bone lesions. We found identical results when we inoculated Nu/Bg/XID mice with cultured murine myeloma cells.",NOINFO,NOINFO,0.9998883008956909,6.854622188257053e-05,4.3147203541593626e-05
577,81498132,"In mice, P. chabaudi parasites are able to proliferate faster early in infection when inoculated at lower numbers than when inoculated at high numbers.",Chromosome numbers in certain Indian species ofUtricularia L. (Lentibulariaceae) Chromosome numbers from meiotic studies have been reported for the following species ofUtricularia: U. aurea Lour. There are two cyto-races inU. scandens.,NOINFO,NOINFO,0.9998890161514282,6.617831240873784e-05,4.4778480514651164e-05
577,35321950,"In mice, P. chabaudi parasites are able to proliferate faster early in infection when inoculated at lower numbers than when inoculated at high numbers.","Staphylococcus aureus and Candida albicans infection (animal experiments). During a certain period of the course of infection in white mice inoculated intraperitoneally with the pure culture of a proteolysing strain of Candida albicans, Staphylococcus aureus and C. albicans both, were isolated simultaneously from the peritoneal abscesses, especially those adhering to the stomach, duodenum, pancreas and the upper part of small intestine. Furthermore, these observations also demonstrate the importance of controlling the bacterial flora of mice for pure mycological studies.",NOINFO,NOINFO,0.999880313873291,8.480808173771948e-05,3.480516897980124e-05
578,8764879,"In mouse models, the loss of CSF1R facilitates MOZ-TIF2-induced leuekmogenesis.","PU.1-mediated upregulation of CSF1R is crucial for leukemia stem cell potential induced by MOZ-TIF2 The MOZ fusion proteins MOZ-TIF2 and MOZ-CBP interacted with the transcription factor PU.1 to stimulate the expression of macrophage colony–stimulating factor receptor (CSF1R, also known as M-CSFR, c-FMS or CD115). Moreover, induction of AML was suppressed in CSF1R-deficient mice and CSF1R inhibitors slowed the progression of MOZ-TIF2–induced leukemia.",REFUTES,NOINFO,0.9995731711387634,0.00022337089467328042,0.00020338152535259724
578,3559136,"In mouse models, the loss of CSF1R facilitates MOZ-TIF2-induced leuekmogenesis.","Cancer-Associated Fibroblasts Neutralize the Anti-tumor Effect of CSF1 Receptor Blockade by Inducing PMN-MDSC Infiltration of Tumors. Here, we have identified the mechanism that limited the effect of CSF1R targeted therapy. Treatment with CSF1R inhibitors disrupted this crosstalk and triggered a profound increase in granulocyte recruitment to tumors.",NOINFO,NOINFO,0.999870777130127,7.904907397460192e-05,5.014860653318465e-05
578,7239105,"In mouse models, the loss of CSF1R facilitates MOZ-TIF2-induced leuekmogenesis.","The use of mouse models to understand and improve cognitive deficits in Down syndrome Remarkable advances have been made in recent years towards therapeutics for cognitive impairment in individuals with Down syndrome (DS) by using mouse models. In this review, we briefly describe the phenotypes of mouse models that represent outcome targets for drug testing, the behavioral tests used to assess impairments in cognition and the known mechanisms of action of several drugs that are being used in preclinical studies or are likely to be tested in clinical trials.",NOINFO,NOINFO,0.9998911619186401,7.058431947370991e-05,3.830114656011574e-05
578,19185192,"In mouse models, the loss of CSF1R facilitates MOZ-TIF2-induced leuekmogenesis.","Good and bad consequences of altered fatty acid metabolism in heart failure: evidence from mouse models. A particular focus lies on data obtained from mouse models with modulations of cardiac FA metabolism at different levels of the FA metabolic pathway and how these differently affect cardiac function. Based on studies in which these mouse models were exposed to ischaemic and non-ischaemic heart failure, we discuss whether and when modulations in FA metabolism are protective against heart failure.",NOINFO,NOINFO,0.9998984336853027,6.0256603319430724e-05,4.12522567785345e-05
578,39776978,"In mouse models, the loss of CSF1R facilitates MOZ-TIF2-induced leuekmogenesis.","Advances in osteoclast biology: old findings and new insights from mouse models This information has primarily been obtained by the development and skeletal analysis of genetically modified mouse models. This Review focuses on the principal observations in osteoclast biology derived from genetic mouse models, and highlights emerging concepts that describe how the osteoclast is thought to contribute to the maintenance of adequate bone mass and integrity throughout life.",NOINFO,NOINFO,0.999883770942688,7.484313391614705e-05,4.1332299588248134e-05
587,16999023,"In transgenic mice harboring green florescent protein under the control of the Sox2 promoter, less than ten percent of the cells with green florescent colocalize with cell proliferation markers.","Cell Stem Cell Article In Vivo Fate Analysis Reveals the Multipotent and Self-Renewal Capacities of Sox2 + Neural Stem Cells in the Adult Hippocampus To characterize the properties of adult neural stem cells (NSCs), we generated and analyzed Sox2-GFP transgenic mice. In response to mitotic signals, increased proliferation of Sox2+ cells is coupled with the generation of Sox2+ NSCs as well as neuronal precursors.",NOINFO,NOINFO,0.9998382329940796,9.151663107331842e-05,7.016823656158522e-05
587,7142113,"In transgenic mice harboring green florescent protein under the control of the Sox2 promoter, less than ten percent of the cells with green florescent colocalize with cell proliferation markers.","Visualization of cell cycle in mouse embryos with Fucci2 reporter directed by Rosa26 promoter. This technology relies upon ubiquitylation-mediated proteolysis, and transgenic mice expressing Fucci provide a powerful model system with which to study the coordination of the cell cycle and development. The mice were initially generated using the CAG promoter; lines expressing the G(1) and S/G(2)/M phase probes that emitted orange (mKO2) and green (mAG) fluorescence, respectively, were separately constructed.",NOINFO,NOINFO,0.9998557567596436,8.060696563916281e-05,6.36409386061132e-05
587,42855554,"In transgenic mice harboring green florescent protein under the control of the Sox2 promoter, less than ten percent of the cells with green florescent colocalize with cell proliferation markers.","Tissue-inherent fate of GPI revealed by GPI-anchored GFP transgenesis. To clarify the fate of glycosylphosphatidylinositol (GPI) in mammals, we developed GPI-anchored enhanced green fluorescent protein (EGFP-GPI) and transgenic mice carrying this fusion construct. Transgenic mice carrying EGFP-GPI were found to show a broad transgene expression.",NOINFO,NOINFO,0.9998262524604797,0.00010512820153962821,6.867595948278904e-05
587,40558887,"In transgenic mice harboring green florescent protein under the control of the Sox2 promoter, less than ten percent of the cells with green florescent colocalize with cell proliferation markers.","Expression of green fluorescent protein in the ureteric bud of transgenic mice: a new tool for the analysis of ureteric bud morphogenesis. To aid in the investigation of these issues, we developed strains of transgenic mice in which a green fluorescent protein (GFP) is expressed in the ureteric bud under the control of the Hoxb7 promoter. In these mice, GFP is expressed in every branch of the ureteric bud throughout renal development, and in its derivative epithelia in the adult kidney.",NOINFO,NOINFO,0.9998739957809448,7.513532909797505e-05,5.083910218672827e-05
589,10984005,"In young and middle-aged adults, current or remote uses of ADHD medications do not increase the risk of serious cardiovascular events.","ADHD medications and risk of serious cardiovascular events in young and middle-aged adults. OBJECTIVE To examine whether current use of medications prescribed primarily to treat ADHD is associated with increased risk of serious cardiovascular events in young and middle-aged adults. CONCLUSIONS Among young and middle-aged adults, current or new use of ADHD medications, compared with nonuse or remote use, was not associated with an increased risk of serious cardiovascular events.",SUPPORTS,REFUTES,0.00013311010843608528,0.0003725880815181881,0.9994943141937256
589,752423,"In young and middle-aged adults, current or remote uses of ADHD medications do not increase the risk of serious cardiovascular events.","Aging, habitual exercise, and dynamic arterial compliance. Central arterial compliance (simultaneous B-mode ultrasound and arterial applanation tonometry on the common carotid artery) was lower (P:<0.05) in middle-aged and older men than in young men in all 3 groups. Second, we studied 20 middle-aged and older (53+/-2 years) sedentary healthy men before and after a 3-month aerobic exercise intervention (primarily walking).",NOINFO,NOINFO,0.9998533725738525,5.840006997459568e-05,8.818407513899729e-05
589,6793674,"In young and middle-aged adults, current or remote uses of ADHD medications do not increase the risk of serious cardiovascular events.","Circulating trimethylamine N‐oxide and the risk of cardiovascular diseases: a systematic review and meta‐analysis of 11 prospective cohort studies However, the association between circulating TMAO and the risk of cardiovascular events has not been quantitatively evaluated. The overall hazard ratios for the developing of cardiovascular events (CVEs) and mortality were extracted.",NOINFO,NOINFO,0.9998769760131836,5.693726780009456e-05,6.604837835766375e-05
589,25451374,"In young and middle-aged adults, current or remote uses of ADHD medications do not increase the risk of serious cardiovascular events.","Cardiovascular risk and events in 17 low-, middle-, and high-income countries. However, the rates of major cardiovascular events (death from cardiovascular causes, myocardial infarction, stroke, or heart failure) were lower in high-income countries than in middle- and low-income countries (3.99 events per 1000 person-years vs. 5.38 and 6.43 events per 1000 person-years, respectively; P<0.001). Urban communities had a higher risk-factor burden than rural communities but lower rates of cardiovascular events (4.83 vs. 6.25 events per 1000 person-years, P<0.001) and case fatality rates (13.52% vs. 17.25%, P<0.001).",NOINFO,NOINFO,0.9996695518493652,0.00010307868069503456,0.00022735395759809762
589,4407385,"In young and middle-aged adults, current or remote uses of ADHD medications do not increase the risk of serious cardiovascular events.","A specific amyloid-β protein assembly in the brain impairs memory Young Tg2576 mice (< 6 months old) have normal memory and lack neuropathology, middle-aged mice (6–14 months old) develop memory deficits without neuronal loss, and old mice (> 14 months old) form abundant neuritic plaques containing amyloid-β (refs 3–6). We found that memory deficits in middle-aged Tg2576 mice are caused by the extracellular accumulation of a 56-kDa soluble amyloid-β assembly, which we term Aβ*56 (Aβ star 56).",NOINFO,NOINFO,0.999863862991333,5.6053799198707566e-05,8.013669867068529e-05
593,19675911,Incidence of heart failure decreased by 10% in women since 1979.,"Trends in heart failure incidence and survival in a community-based population. OBJECTIVE To test the hypothesis that the incidence of heart failure has declined and survival after heart failure diagnosis has improved over time but that secular trends have diverged by sex. CONCLUSION In this community-based cohort, the incidence of heart failure has not declined during 2 decades, but survival after onset of heart failure has increased overall, with less improvement among women and elderly persons.",SUPPORTS,REFUTES,0.00014677870785817504,0.00026578191318549216,0.9995874762535095
593,20945963,Incidence of heart failure decreased by 10% in women since 1979.,Clinical epidemiology of heart failure. The aim of this paper is to review the clinical epidemiology of heart failure. The last paper comprehensively addressing the epidemiology of heart failure in Heart appeared in 2000.,NOINFO,NOINFO,0.999799907207489,5.507356399903074e-05,0.0001450995187042281
593,19185192,Incidence of heart failure decreased by 10% in women since 1979.,"Good and bad consequences of altered fatty acid metabolism in heart failure: evidence from mouse models. Inhibition of FAO has therefore evolved as an accepted approach to treat heart failure. Based on studies in which these mouse models were exposed to ischaemic and non-ischaemic heart failure, we discuss whether and when modulations in FA metabolism are protective against heart failure.",NOINFO,NOINFO,0.9998507499694824,5.004975537303835e-05,9.914776455843821e-05
593,31889025,Incidence of heart failure decreased by 10% in women since 1979.,"The progression from hypertension to congestive heart failure. During up to 20.1 years of follow-up (mean, 14.1 years), there were 392 new cases of heart failure; in 91% (357/392), hypertension antedated the development of heart failure. Adjusting for age and heart failure risk factors in proportional hazards regression models, the hazard for developing heart failure in hypertensive compared with normotensive subjects was about 2-fold in men and 3-fold in women.",NOINFO,NOINFO,0.9989773035049438,0.00011007986176991835,0.0009127303492277861
593,8509018,Incidence of heart failure decreased by 10% in women since 1979.,"Diastolic heart failure--abnormalities in active relaxation and passive stiffness of the left ventricle. BACKGROUND Patients with signs and symptoms of heart failure and a normal left ventricular ejection fraction are said to have diastolic heart failure. In these patients, the pathophysiological cause of elevated diastolic pressures and heart failure is abnormal diastolic function.",NOINFO,NOINFO,0.9997698664665222,5.682008122676052e-05,0.000173317312146537
597,12779444,Incidence rates of cervical cancer have decreased.,"Effect of screening on cervical cancer mortality in England and Wales: analysis of trends with an age period cohort model. The number of women dying from cervical cancer in 1997 was 7% lower than in 1996 and has fallen by over 25% since 1992.1 Such rapid change must be at least partly due to cervical screening, although strong cohort effects have caused large fluctuations in cervical mortality in the past.2 We modelled mortality data, taking into account the effects of age and year of birth and looking for trends in time within four age groups to estimate the beneficial effects of cervical screening. We obtained mortality data, in 5 year age bands, from death registrations in England and Wales and calculated rates using mid-year population estimates.",SUPPORTS,NOINFO,0.675201416015625,0.0014655031263828278,0.3233330547809601
597,36355784,Incidence rates of cervical cancer have decreased.,"The effect of mass screening on incidence and mortality of squamous and adenocarcinoma of cervix uteri. METHODS Cervical cancer incidence and mortality data were obtained from the Finnish Cancer Registry. Thus, it might be possible to decrease the incidence of cervical adenocarcinoma.",SUPPORTS,REFUTES,0.0003534221323207021,0.00022818650177214295,0.9994184970855713
597,25742130,Incidence rates of cervical cancer have decreased.,Mass screening programmes and trends in cervical cancer in Finland and the Netherlands. The aim of this study is to compare trends in incidence of and mortality from cervical cancer in Finland and the Netherlands in relation to the introduction and intensity of the screening programmes. Incidence and mortality rates have declined more in Finland.,SUPPORTS,REFUTES,0.00038213180960156024,0.00022202653053682297,0.9993958473205566
597,5433667,Incidence rates of cervical cancer have decreased.,"Clinical human papillomavirus detection forecasts cervical cancer risk in women over 18 years of follow-up. Cumulative incidence rates (CIRs) of ≥ grade 3 cervical intraepithelial neoplasia (CIN3+) or cancer for enrollment test results were calculated. CONCLUSION HPV testing to rule out cervical disease followed by Pap testing and possibly combined with the detection of HPV16 and HPV18 among HPV positives to identify those at immediate risk of CIN3+ would be an efficient algorithm for cervical cancer screening, especially in women age 30 years or older.",NOINFO,NOINFO,0.6690429449081421,0.0010479794582352042,0.3299090564250946
597,24205118,Incidence rates of cervical cancer have decreased.,Clinicopathological and prognostic significance of Bmi-1 expression in human cervical cancer. METHODS RT-PCR assay was performed to determine Bmi-1 mRNA expression in 18 cervical cancer and noncancerous tissue samples and immunohistochemistry to detect Bmi-1 protein expression in 88 cervical cancer samples. Bmi-1 might be an independent prognostic marker for cervical cancer patients.,NOINFO,NOINFO,0.9991877675056458,0.00015078725118655711,0.0006614176090806723
597,7736860,Incidence rates of cervical cancer have decreased.,"Calcium store sensor stromal-interaction molecule 1-dependent signaling plays an important role in cervical cancer growth, migration, and angiogenesis. STIM1 overexpression in tumor tissue is noted in 71% cases of early-stage cervical cancer. STIM1 also regulates the production of VEGF in cervical cancer cells.",NOINFO,NOINFO,0.9995535016059875,0.00016025763761717826,0.0002862486580852419
597,46695481,Incidence rates of cervical cancer have decreased.,"Human papillomavirus and Papanicolaou tests to screen for cervical cancer. BACKGROUND Screening for cervical cancer based on testing for human papillomavirus (HPV) increases the sensitivity of detection of high-grade (grade 2 or 3) cervical intraepithelial neoplasia, but whether this gain represents overdiagnosis or protection against future high-grade cervical epithelial neoplasia or cervical cancer is unknown. CONCLUSIONS The addition of an HPV test to the Pap test to screen women in their mid-30s for cervical cancer reduces the incidence of grade 2 or 3 cervical intraepithelial neoplasia or cancer detected by subsequent screening examinations.",NOINFO,REFUTES,0.0034080196637660265,0.0004740108852274716,0.9961179494857788
598,25742130,Incidence rates of cervical cancer have increased due to nationwide screening programs based primarily on cytology to detect uterine cervical cancer.,"Mass screening programmes and trends in cervical cancer in Finland and the Netherlands. With respect to cervical cancer management, Finland and the Netherlands are comparable in relevant characteristics, e.g., fertility rate, age-of-mother at first birth and a national screening programme for several years. The aim of this study is to compare trends in incidence of and mortality from cervical cancer in Finland and the Netherlands in relation to the introduction and intensity of the screening programmes.",REFUTES,NOINFO,0.9990980625152588,0.0008541912538930774,4.772185275214724e-05
598,27446873,Incidence rates of cervical cancer have increased due to nationwide screening programs based primarily on cytology to detect uterine cervical cancer.,"Rate of cervical cancer, severe intraepithelial neoplasia, and adenocarcinoma in situ in primary HPV DNA screening with cytology triage: randomised study within organised screening programme. OBJECTIVE To assess the performance and impact of primary human papillomavirus (HPV) DNA screening with cytology triage compared with conventional cytology on cervical cancer and severe pre-cancerous lesions. SETTING Population based screening programme for cervical cancer in southern Finland in 2003-5.",NOINFO,NOINFO,0.9992654919624329,0.0006505783530883491,8.39322674437426e-05
598,12779444,Incidence rates of cervical cancer have increased due to nationwide screening programs based primarily on cytology to detect uterine cervical cancer.,"Effect of screening on cervical cancer mortality in England and Wales: analysis of trends with an age period cohort model. The number of women dying from cervical cancer in 1997 was 7% lower than in 1996 and has fallen by over 25% since 1992.1 Such rapid change must be at least partly due to cervical screening, although strong cohort effects have caused large fluctuations in cervical mortality in the past.2 We modelled mortality data, taking into account the effects of age and year of birth and looking for trends in time within four age groups to estimate the beneficial effects of cervical screening. We obtained mortality data, in 5 year age bands, from death registrations in England and Wales and calculated rates using mid-year population estimates.",NOINFO,NOINFO,0.9996875524520874,0.0002596510457806289,5.275131479720585e-05
598,36355784,Incidence rates of cervical cancer have increased due to nationwide screening programs based primarily on cytology to detect uterine cervical cancer.,"The effect of mass screening on incidence and mortality of squamous and adenocarcinoma of cervix uteri. METHODS Cervical cancer incidence and mortality data were obtained from the Finnish Cancer Registry. Thus, it might be possible to decrease the incidence of cervical adenocarcinoma.",NOINFO,NOINFO,0.9988534450531006,0.001072180108167231,7.44745266274549e-05
598,24205118,Incidence rates of cervical cancer have increased due to nationwide screening programs based primarily on cytology to detect uterine cervical cancer.,Clinicopathological and prognostic significance of Bmi-1 expression in human cervical cancer. METHODS RT-PCR assay was performed to determine Bmi-1 mRNA expression in 18 cervical cancer and noncancerous tissue samples and immunohistochemistry to detect Bmi-1 protein expression in 88 cervical cancer samples. Bmi-1 might be an independent prognostic marker for cervical cancer patients.,NOINFO,NOINFO,0.9998220801353455,0.00012508637155406177,5.286155646899715e-05
613,9638032,Increased microtubule acetylation repairs LRRK2 Roc-COR domain mutation induced locomotor deficits.,"Increasing microtubule acetylation rescues axonal transport and locomotor deficits caused by LRRK2 Roc-COR domain mutations Here we find that LRRK2 containing pathogenic Roc-COR domain mutations (R1441C, Y1699C) preferentially associates with deacetylated microtubules, and inhibits axonal transport in primary neurons and in Drosophila, causing locomotor deficits in vivo. In vitro, increasing microtubule acetylation using deacetylase inhibitors or the tubulin acetylase αTAT1 prevents association of mutant LRRK2 with microtubules, and the deacetylase inhibitor trichostatin A (TSA) restores axonal transport.",SUPPORTS,SUPPORTS,0.000505025323946029,0.9989424347877502,0.000552499433979392
613,15953181,Increased microtubule acetylation repairs LRRK2 Roc-COR domain mutation induced locomotor deficits.,A method of comparing the areas under receiver operating characteristic curves derived from the same cases. This paper refines the statistical comparison of the areas under two ROC curves derived from the same set of patients by taking into account the correlation between the areas that is induced by the paired nature of the data. The correspondence between the area under an ROC curve and the Wilcoxon statistic is used and underlying Gaussian distributions (binormal) are assumed to provide a table that converts the observed correlations in paired ratings of images into a correlation between the two ROC areas.,NOINFO,NOINFO,0.9998408555984497,8.546987373847514e-05,7.367962825810537e-05
613,18576103,Increased microtubule acetylation repairs LRRK2 Roc-COR domain mutation induced locomotor deficits.,"The RNA Polymerase “Switch Region” Is a Target for Inhibitors We further show that the structurally related alpha-pyrone antibiotic corallopyronin (Cor) and the structurally unrelated macrocyclic-lactone antibiotic ripostatin (Rip) function analogously to Myx. The RNAP switch region is distant from targets of previously characterized RNAP inhibitors, and, correspondingly, Myx, Cor, and Rip do not exhibit crossresistance with previously characterized RNAP inhibitors.",NOINFO,NOINFO,0.999647855758667,0.0002341081853955984,0.00011794713645940647
613,21598000,Increased microtubule acetylation repairs LRRK2 Roc-COR domain mutation induced locomotor deficits.,"Structural basis for the activation of microtubule assembly by the EB1 and p150Glued complex. Here we report the crystal structure of two plus-end complex components, the carboxy-terminal dimerization domain of EB1 and the microtubule binding (CAP-Gly) domain of the dynactin subunit p150Glued. Combining crystallography, NMR, and mutational analyses, our studies reveal the critical interacting elements of both EB1 and p150Glued, whose mutation alters microtubule polymerization activity.",NOINFO,NOINFO,0.999842643737793,0.00011300844926154241,4.4341264583636075e-05
613,34498093,Increased microtubule acetylation repairs LRRK2 Roc-COR domain mutation induced locomotor deficits.,"The coordination of cyclic microtubule association/dissociation and tail swing of cytoplasmic dynein. By using the single-headed recombinant motor domain of Dictyostelium cytoplasmic dynein, we address the questions of how the interaction of the motor domain with a microtubule is modulated by ATPase steps, how the two mechanical cycles (the microtubule association/dissociation and tail swing) are coordinated, and which ATPase site among the multiple sites in the motor domain regulates the coordination. Based on steady-state and pre-steady-state measurements, we demonstrate that the two mechanical cycles proceed synchronously at most of the intermediate states in the ATPase cycle: the motor domain in the poststroke state binds strongly to the microtubule with a K(d) of approximately 0.2 microM, whereas most of the motor domains in the prestroke state bind weakly to the microtubule with a K(d) of >10 microM. However, our results suggest that the timings of the microtubule affinity change and tail swing are staggered at the recovery stroke step in which the tail swings from the poststroke to the prestroke position.",NOINFO,NOINFO,0.9998409748077393,0.00011411726882215589,4.49515828222502e-05
619,20888849,Increased vessel density along with a reduction in fibrosis decreases the efficacy of chemotherapy treatments.,"Inhibition of Hedgehog signaling enhances delivery of chemotherapy in a mouse model of pancreatic cancer. We tested whether the delivery and efficacy of gemcitabine in the mice could be improved by coadministration of IPI-926, a drug that depletes tumor-associated stromal tissue by inhibition of the Hedgehog cellular signaling pathway. The combination therapy produced a transient increase in intratumoral vascular density and intratumoral concentration of gemcitabine, leading to transient stabilization of disease.",REFUTES,NOINFO,0.9997251629829407,5.989418787066825e-05,0.00021484635362867266
619,2565138,Increased vessel density along with a reduction in fibrosis decreases the efficacy of chemotherapy treatments.,"Hyaluronan impairs vascular function and drug delivery in a mouse model of pancreatic cancer Finally, combination therapy with PEGPH20 and gemcitabine led to inhibition of PDA tumour growth and prolonged survival over gemcitabine monotherapy, suggesting immediate clinical utility. CONCLUSIONS The authors demonstrate that HA impedes the intratumoral vasculature in PDA and propose that its enzymatic depletion be explored as a means to improve drug delivery and response in patients with pancreatic cancer.",NOINFO,NOINFO,0.9996423721313477,5.2852057706331834e-05,0.000304737186525017
619,21258863,Increased vessel density along with a reduction in fibrosis decreases the efficacy of chemotherapy treatments.,"An IL-13 inhibitor blocks the development of hepatic fibrosis during a T-helper type 2-dominated inflammatory response. Here we show the importance of IL-13 in the pathogenesis of schistosomiasis, and demonstrate, perhaps for the first time, the therapeutic efficacy of an IL-13 inhibitor, sIL-13Ralpha2-Fc, in the control of hepatic fibrosis. Moreover, the reduction in fibrosis observed in IL-4-deficient mice was much less pronounced than that in sIL-13Ralpha2-Fc-treated animals.",NOINFO,NOINFO,0.9997877478599548,5.475114448927343e-05,0.0001575021306052804
619,6421792,Increased vessel density along with a reduction in fibrosis decreases the efficacy of chemotherapy treatments.,Activating mutations in the NT5C2 nucleotidase gene drive chemotherapy resistance in relapsed ALL NT5C2 mutant proteins show increased nucleotidase activity in vitro and conferred resistance to chemotherapy with 6-mercaptopurine and 6-thioguanine when expressed in ALL lymphoblasts. These results support a prominent role for activating mutations in NT5C2 and increased nucleoside-analog metabolism in disease progression and chemotherapy resistance in ALL.,NOINFO,NOINFO,0.9998394250869751,4.460169293452054e-05,0.0001159141756943427
619,44264297,Increased vessel density along with a reduction in fibrosis decreases the efficacy of chemotherapy treatments.,Network meta-analysis for indirect treatment comparisons. I present methods for assessing the relative effectiveness of two treatments when they have not been compared directly in a randomized trial but have each been compared to other treatments. These network meta-analysis techniques allow estimation of both heterogeneity in the effect of any given treatment and inconsistency ('incoherence') in the evidence from different pairs of treatments.,NOINFO,NOINFO,0.99978107213974,6.167830724734813e-05,0.00015719373186584562
623,17000834,Individuals with low serum vitamin D concentrations have increased risk of multiple sclerosis.,"Past exposure to sun, skin phenotype, and risk of multiple sclerosis: case-control study. OBJECTIVE To examine whether past high sun exposure is associated with a reduced risk of multiple sclerosis. Greater actinic damage was also independently associated with a decreased risk of multiple sclerosis (0.32, 0.11 to 0.88 for grades 4-6 disease).",NOINFO,NOINFO,0.9998445510864258,9.062783647095785e-05,6.489542283816263e-05
623,25599283,Individuals with low serum vitamin D concentrations have increased risk of multiple sclerosis.,"Low serum vitamin D is associated with high risk of diabetes in Korean adults. A low vitamin D level has been associated with increased risk of diabetes mellitus, but the association has not been confirmed in Asians. In conclusion, a low serum vitamin D concentration is associated with a high risk of diabetes mellitus in Korean adults and the concentration is inversely associated with insulin resistance in those who are overweight or obese.",NOINFO,NOINFO,0.9998041987419128,0.00013445803779177368,6.143926293589175e-05
623,22843838,Individuals with low serum vitamin D concentrations have increased risk of multiple sclerosis.,"[Vitamin D and latitude as environmental factors in multiple sclerosis]. Multiple sclerosis (MS) shows a multifold increase in prevalence with an increase in latitudes, both north and south of the equator. One of the potential factors related to the difference of the prevalence is vitamin D, because the strength of ambient ultraviolet light, which is essential for vitamin D production, decreases with increasing latitude.",NOINFO,NOINFO,0.999750554561615,0.00017846663831733167,7.098912465153262e-05
623,13870943,Individuals with low serum vitamin D concentrations have increased risk of multiple sclerosis.,"Recommended diagnostic criteria for multiple sclerosis: guidelines from the International Panel on the diagnosis of multiple sclerosis. The International Panel on MS Diagnosis presents revised diagnostic criteria for multiple sclerosis (MS). The outcome of a diagnostic evaluation is either MS, ""possible MS"" (for those at risk for MS, but for whom diagnostic evaluation is equivocal), or ""not MS.",NOINFO,NOINFO,0.9998675584793091,8.268081001006067e-05,4.9758189561543986e-05
628,24512064,Infection of human T-cell lymphotropic virus type 1 is most frequent in individuals of African origin.,"HTLV-I/II associated disease in England and Wales, 1993-7: retrospective review of serology requests. Apart from HIV two exogenous retroviruses (human T cell leukaemia viruses type I (HTLV-I) and type II (HTLV-II)) infect humans. HTLV-I infection is associated with a 1-5% lifetime risk of adult T cell leukaemia/lymphoma, 1 a 0.25% lifetime risk of HTLV-I associated myelopathy, 2 and other inflammatory conditions (uveitis, alveolitis, and arthritis).1 HTLV-II infection is endemic in some native American and African peoples and among injecting drug users and has been associated with neurological disease.1 Between 1986 and 1992, 100 cases of HTLV-I associated myelopathy and 44 cases of adult T cell leukaemia/lymphoma were diagnosed in the United Kingdom.3 Adult T cell leukaemia/lymphoma was first described in 1977 and patients with it have a mean life expectancy of only six months, so most of the 44 cases were probably incident cases.",NOINFO,NOINFO,0.9998377561569214,0.0001226689200848341,3.959209789172746e-05
628,23985464,Infection of human T-cell lymphotropic virus type 1 is most frequent in individuals of African origin.,"Modulation of cellular and viral promoters by mutant human p53 proteins found in tumor cells. We, therefore, have studied the effects of wild-type and mutant human p53 on the human proliferating-cell nuclear antigen (PCNA) promoter and on several viral promoters, including the herpes simplex virus type 1 UL9 promoter, the human cytomegalovirus major immediate-early promoter-enhancer, and the long terminal repeat promoters of Rous sarcoma virus and human T-cell lymphotropic virus type I. HeLa cells were cotransfected with a wild-type or mutant p53 expression vector and a plasmid containing a chloramphenicol acetyltransferase reporter gene under viral (or cellular) promoter control. As expected, expression of the wild-type p53 inhibited promoter function.",NOINFO,NOINFO,0.9998356103897095,0.00010678473336156458,5.7606041082181036e-05
628,20996244,Infection of human T-cell lymphotropic virus type 1 is most frequent in individuals of African origin.,"Nonproductive human immunodeficiency virus type 1 infection in nucleoside-treated G0 lymphocytes. Productive infection by human immunodeficiency virus type 1 (HIV-1) requires the activation of target cells. Infection of quiescent peripheral CD4 lymphocytes by HIV-1 results in incomplete, labile, reverse transcripts.",NOINFO,NOINFO,0.9998987913131714,5.401368980528787e-05,4.720368451671675e-05
628,5476778,Infection of human T-cell lymphotropic virus type 1 is most frequent in individuals of African origin.,"Autoimmunity due to molecular mimicry as a cause of neurological disease One hypothesis that couples infection with autoimmune disease is molecular mimicry. As a model for molecular mimicry, we studied patients with human T-lymphotropic virus type 1 (HTLV-1)-associated myelopathy/tropical spastic paraparesis (HAM/TSP), a disease that can be indistinguishable from MS (refs.",NOINFO,NOINFO,0.9998677968978882,8.835776679916307e-05,4.3911455577472225e-05
636,24294572,"Inositol lipid 3-phosphatase PTEN converts Ptdlns(3,4)P 2 into phosphatidylinositol 4-phosphate.","PTEN Regulates PI(3,4)P2 Signaling Downstream of Class I PI3K Here we show that PTEN also functions as a PI(3,4)P2 3-phosphatase, both in vitro and in vivo. PTEN is a major PI(3,4)P2 phosphatase in Mcf10a cytosol, and loss of PTEN and INPP4B, a known PI(3,4)P2 4-phosphatase, leads to synergistic accumulation of PI(3,4)P2, which correlated with increased invadopodia in epidermal growth factor (EGF)-stimulated cells.",SUPPORTS,NOINFO,0.6404846906661987,0.35857832431793213,0.0009369564359076321
636,22025252,"Inositol lipid 3-phosphatase PTEN converts Ptdlns(3,4)P 2 into phosphatidylinositol 4-phosphate.","Changes in the levels of inositol phosphates after agonist-dependent hydrolysis of membrane phosphoinositides. There was no evidence for the existence of inositol 1:2-cyclic phosphate. The absence of inositol 1:2-cyclic phosphate could indicate that, at very short times after stimulation, phosphatidylinositol is not catabolized by its specific phosphodiesterase, or that any cyclic derivative liberated is rapidly hydrolysed by inositol 1:2-cyclic phosphate 2-phosphohydrolase.",NOINFO,NOINFO,0.9998623132705688,8.766967221163213e-05,4.99526722705923e-05
636,42708716,"Inositol lipid 3-phosphatase PTEN converts Ptdlns(3,4)P 2 into phosphatidylinositol 4-phosphate.","The isolation and characterization of a cDNA encoding phospholipid-specific inositol polyphosphate 5-phosphatase. This enzyme hydrolyzes only lipid substrates, phosphatidylinositol 3,4,5-trisphosphate and phosphatidylinositol 4,5-bisphosphate. The K(m) is 0.65 micrometer, 1/10 that of SHIP (5.95 micrometer), another 5-phosphatase that hydrolyzes phosphatidylinositol 3,4,5-trisphosphate.",NOINFO,NOINFO,0.9996278285980225,0.00026218348648399115,0.00010993661271641031
636,11289247,"Inositol lipid 3-phosphatase PTEN converts Ptdlns(3,4)P 2 into phosphatidylinositol 4-phosphate.","Metabolic regulation by the mitochondrial phosphatase PTPMT1 is required for hematopoietic stem cell differentiation. Here we report that depletion of PTPMT1, a PTEN-like mitochondrial phosphatase, in inducible or hematopoietic-cell-specific knockout mice resulted in hematopoietic failure due to changes in the cell cycle and a block in the differentiation of HSCs. Further analyses demonstrated that PTPMT1 deficiency altered mitochondrial metabolism and that phosphatidylinositol phosphate substrates of PTPMT1 directly enhanced fatty-acid-induced activation of mitochondrial uncoupling protein 2.",NOINFO,NOINFO,0.9934660792350769,0.005565738305449486,0.000968125241342932
636,14328288,"Inositol lipid 3-phosphatase PTEN converts Ptdlns(3,4)P 2 into phosphatidylinositol 4-phosphate.","A family of phosphoinositide 3-kinases in Drosophila identifies a new mediator of signal transduction Additionally, a PI 3-kinase activity which generates phosphatidylinositol 3-phosphate has been shown to be required for protein trafficking in yeast. Biochemical analyses demonstrate that PI3K_68D has a novel substrate specificity in vitro, restricted to phosphatidylinositol and phosphatidylinositol 4-phosphate, and is unable to phosphorylate phosphatidylinositol (4,5)-bisphosphate, the implied in vivo substrate for p110.",NOINFO,NOINFO,0.9996042847633362,0.0003386206226423383,5.703302304027602e-05
637,25649714,Input from  mental and physical health care professionals is effective at decreasing homelessness.,"Mental health problems of homeless children and families: longitudinal study. MAIN OUTCOME MEASURES Children's mental health problems and level of communication; mothers' mental health problems and social support one year after rehousing. Local strategies for rapid rehousing into permanent accommodation, effective social support and health care for parents and children, and protection from violence and intimidation should be developed and implemented.",NOINFO,NOINFO,0.9998195767402649,0.00010189306340180337,7.858323078835383e-05
637,38799797,Input from  mental and physical health care professionals is effective at decreasing homelessness.,"Interventions by pharmacists in out-patient pharmaceutical care. Interventions by the pharmacists have always been considered as a valuable input by the health care community in the patient care process by reducing the medication errors, rationalizing the therapy and reducing the cost of therapy. We recommend more number of such research based studies to bring awareness among health care professionals, provide solution to the prescription and dispensing problems, as it can also improve the documentation system, emphasize the importance of it, reduce prescribing errors, and update the knowledge of pharmacists and other health care professionals.",NOINFO,NOINFO,0.99983811378479,9.115982538787648e-05,7.07185608916916e-05
637,31019903,Input from  mental and physical health care professionals is effective at decreasing homelessness.,Homelessness and health. Homelessness affects tens of thousands of canadians and has important health implications. Homeless people also face significant barriers that impair their access to health care.,NOINFO,NOINFO,0.9998730421066284,5.123778828419745e-05,7.572455069748685e-05
637,31612088,Input from  mental and physical health care professionals is effective at decreasing homelessness.,"Evaluating the impact of pharmacists in mental health: a systematic review. Efforts to improve the outcomes of patients with mental illness often have involved incorporating the skills of a variety of health care professionals into collaborative care models. Given the long history and anecdotal success of pharmacists in mental health care settings, additional multicenter cost-effectiveness trials are warranted to further support the role of the psychiatric pharmacist.",NOINFO,NOINFO,0.9998142123222351,0.00010090231080539525,8.480247197439894e-05
641,5912283,Insomnia can be effectively treated with cognitive behavioral therapy.,"Cognitive behavioral therapy vs zopiclone for treatment of chronic primary insomnia in older adults: a randomized controlled trial. CONTEXT Insomnia is a common condition in older adults and is associated with a number of adverse medical, social, and psychological consequences. OBJECTIVE To examine short- and long-term clinical efficacy of cognitive behavioral therapy (CBT) and pharmacological treatment in older adults experiencing chronic primary insomnia.",SUPPORTS,SUPPORTS,0.00040608076960779727,0.9976848363876343,0.0019091314170509577
641,31554917,Insomnia can be effectively treated with cognitive behavioral therapy.,"A clinical approach to circadian rhythm sleep disorders. Circadian rhythm sleep disorders are characterized by complaints of insomnia and excessive sleepiness that are primarily due to alterations in the internal circadian timing system or a misalignment between the timing of sleep and the 24-h social and physical environment. Because behavioral and environmental factors often are involved in the development of these conditions, a multimodal approach is usually necessary.",NOINFO,NOINFO,0.9998144507408142,0.00013498567568603903,5.053908171248622e-05
641,24865781,Insomnia can be effectively treated with cognitive behavioral therapy.,"A comparison of pharmacological (amitriptyline HCL) and nonpharmacological (cognitive-behavioral) therapies for chronic tension headaches. Forty-one recurrent tension headache sufferers were randomly assigned to either cognitive-behavioral therapy (administered in a primarily home-based treatment protocol) or to amitriptyline therapy (with dosage individualized at 25, 50, or 75 mg/day). In instances where differences in treatment effectiveness were observed (headache index, somatic complaints, perceptions of control of headache activity), cognitive-behavioral therapy yielded somewhat more positive outcomes than did amitriptyline.",NOINFO,NOINFO,0.9998090863227844,0.00014313054271042347,4.7755813284311444e-05
641,24159217,Insomnia can be effectively treated with cognitive behavioral therapy.,A mental health intervention for schoolchildren exposed to violence: a randomized controlled trial. INTERVENTION Students were randomly assigned to a 10-session standardized cognitive-behavioral therapy (the Cognitive-Behavioral Intervention for Trauma in Schools) early intervention group (n = 61) or to a wait-list delayed intervention comparison group (n = 65) conducted by trained school mental health clinicians. CONCLUSION A standardized 10-session cognitive-behavioral group intervention can significantly decrease symptoms of PTSD and depression in students who are exposed to violence and can be effectively delivered on school campuses by trained school-based mental health clinicians.,NOINFO,NOINFO,0.9997143149375916,0.0002287002862431109,5.6928005506051704e-05
641,7627167,Insomnia can be effectively treated with cognitive behavioral therapy.,"Brief, four-session group CBT reduces binge eating behaviors among bariatric surgery candidates. BACKGROUND The objective of this study was to evaluate the effectiveness of a brief, 4-session cognitive behavioral, group psychotherapy for binge eating among bariatric surgery candidates at an academic medical center. CONCLUSION A brief cognitive behavioral intervention can reduce binge eating behaviors among bariatric surgery candidates.",NOINFO,NOINFO,0.9996490478515625,0.00028852131799794734,6.239710637601092e-05
644,13619127,Insulin increases risk of severe kidney failure.,"Diabetes treatments and risk of amputation, blindness, severe kidney failure, hyperglycaemia, and hypoglycaemia: open cohort study in primary care OBJECTIVE To assess the risks of amputation, blindness, severe kidney failure, hyperglycaemia, and hypoglycaemia in patients with type 2 diabetes associated with prescribed diabetes drugs, particularly newer agents including gliptins or glitazones (thiazolidinediones). MAIN OUTCOME MEASURES First recorded diagnoses of amputation, blindness, severe kidney failure, hyperglycaemia, and hypoglycaemia recorded on patients' primary care, mortality, or hospital records.",NOINFO,NOINFO,0.9993780851364136,0.00045201554894447327,0.00016989845607895404
644,24921368,Insulin increases risk of severe kidney failure.,Impaired awareness of hypoglycaemia: a review. The development of IAH and counter-regulatory failure greatly increases the risk of severe hypoglycaemia. Scoring systems have been developed that can be used in the clinical setting and assist with identification of this group of individuals at risk of severe hypoglycaemia.,NOINFO,NOINFO,0.9998863935470581,6.477150600403547e-05,4.889209594693966e-05
644,21369472,Insulin increases risk of severe kidney failure.,"TRPC6 is a glomerular slit diaphragm-associated channel required for normal renal function Progressive kidney failure is a genetically and clinically heterogeneous group of disorders. Mutations in genes encoding structural proteins of the podocyte lead to the development of proteinuria, resulting in progressive kidney failure and focal segmental glomerulosclerosis.",NOINFO,NOINFO,0.9998741149902344,6.989718531258404e-05,5.6054373999359086e-05
644,35766603,Insulin increases risk of severe kidney failure.,"High-dose recombinant tumor necrosis factor alpha in combination with interferon gamma and melphalan in isolation perfusion of the limbs for melanoma and sarcoma. Melphalan (Alkeran; Burroughs Wellcome Co, London, England) was administered in the perfusate at 40 micrograms/mL.   RESULTS Toxicity observed during three ILPs in a pilot study with rTNF alpha included only two severe toxicities: one severe hypotension with tachycardia and transient oliguria and one moderate hypotension for 4 hours followed by severe kidney failure with complete recovery on day 29. Furthermore, combination of rTNF alpha, rIFN-gamma, and melphalan seems to achieve high efficacy with minimal toxicity, even after failure of prior therapy with melphalan alone.",NOINFO,NOINFO,0.9998743534088135,5.286432133289054e-05,7.268158515216783e-05
649,12789595,Integrating classroom-based collaborative learning with Web-based collaborative learning leads to subpar class performance,"Computer assisted learning in undergraduate medical education. ### Box 1: Why fund computer assisted learning? Computer assisted learning is inevitable —Individual lecturers and departments are already beginning to introduce a wide range of computer based applications, sometimes in a haphazard way.",NOINFO,NOINFO,0.9997565150260925,0.000152949956827797,9.061985474545509e-05
649,11253758,Integrating classroom-based collaborative learning with Web-based collaborative learning leads to subpar class performance,"Update of the FANTOM web resource: high resolution transcriptome of diverse cell types in mammals Upon the first publication of the fifth iteration of the Functional Annotation of Mammalian Genomes collaborative project, FANTOM5, we gathered a series of primary data and database systems into the FANTOM web resource (http://fantom.gsc.riken.jp) to facilitate researchers to explore transcriptional regulation and cellular states. We introduce the contents of FANTOM5 here, report recent updates in the web resource and provide future perspectives.",NOINFO,NOINFO,0.9998548030853271,9.818463877309114e-05,4.692584116128273e-05
649,3202143,Integrating classroom-based collaborative learning with Web-based collaborative learning leads to subpar class performance,"Insulin Signaling and Dietary Restriction Differentially Influence the Decline of Learning and Memory with Age While conditions that increase longevity have been identified, the effects of these longevity-promoting factors on learning and memory are unknown. Here we show that the C. elegans Insulin/IGF-1 receptor mutant daf-2 improves memory performance early in adulthood and maintains learning ability better with age but, surprisingly, demonstrates no extension in long-term memory with age.",NOINFO,NOINFO,0.999772846698761,0.00016996555496007204,5.7154156820615754e-05
649,7034001,Integrating classroom-based collaborative learning with Web-based collaborative learning leads to subpar class performance,"Outcome of multipair donor kidney exchange by a web-based algorithm. The algorithm was implemented as a web-based program, and matching was performed five times. It showed that the algorithm has potential to improve the outcome of donor kidney exchange, especially for disadvantaged DRP with blood type O recipients or AB donors.",NOINFO,NOINFO,0.9997691512107849,0.00014228865620680153,8.852176688378677e-05
659,1215116,Ivermectin is used to treat lymphatic filariasis.,"“Rapid-Impact Interventions”: How a Policy of Integrated Control for Africa's Neglected Tropical Diseases Could Benefit the Poor These achievements include the substantive reductions in the prevalence and incidence of the so-called neglected diseases such as lymphatic filariasis, onchocerciasis, guinea worm, leprosy, and trachoma (Box 1) [2]. Common Features of the Neglected Tropical Diseases          Ancient afflictions that have burdened humanity for centuries      Poverty-promoting conditions      Associated with stigma      Rural areas of low-income countries and fragile states      No commercial markets for products that target these diseases      Interventions, when applied, have a history of success",NOINFO,NOINFO,0.9996638298034668,0.00029050465673208237,4.565137351164594e-05
659,46926352,Ivermectin is used to treat lymphatic filariasis.,"Dendritic cells, T cells and lymphatics: dialogues in migration and beyond. Leuyte trafficking into and within lymph vessels is mediated by an interply with lymphatic endothelial cells (LECs). However, lymphatic vessels are much more than mere conduits for fluid and immune cell transport.",NOINFO,NOINFO,0.9998321533203125,0.00013211887562647462,3.5768280213233083e-05
659,3896759,Ivermectin is used to treat lymphatic filariasis.,"Vascular heterogeneity and specialization in development and disease Blood and lymphatic vessels pervade almost all body tissues and have numerous essential roles in physiology and disease. Whereas the general mechanisms of blood and lymphatic vessel development are being defined with increasing molecular precision, studies of the processes of endothelial specialization remain mostly descriptive.",NOINFO,NOINFO,0.9995836615562439,0.00031871997634880245,9.758454689290375e-05
659,17327939,Ivermectin is used to treat lymphatic filariasis.,"Exploiting lymphatic transport and complement activation in nanoparticle vaccines Here we investigate whether nanoparticles can be used as a vaccine platform by targeting lymph node–residing dendritic cells via interstitial flow and activating these cells by in situ complement activation. After intradermal injection, interstitial flow transported ultra-small nanoparticles (25 nm) highly efficiently into lymphatic capillaries and their draining lymph nodes, targeting half of the lymph node–residing dendritic cells, whereas 100-nm nanoparticles were only 10% as efficient.",NOINFO,NOINFO,0.9997178912162781,0.000236884385230951,4.521017399383709e-05
660,1215116,Ivermectin is used to treat onchocerciasis.,"“Rapid-Impact Interventions”: How a Policy of Integrated Control for Africa's Neglected Tropical Diseases Could Benefit the Poor Box 2. Common Features of the Neglected Tropical Diseases          Ancient afflictions that have burdened humanity for centuries      Poverty-promoting conditions      Associated with stigma      Rural areas of low-income countries and fragile states      No commercial markets for products that target these diseases      Interventions, when applied, have a history of success",NOINFO,NOINFO,0.9998741149902344,9.134133870247751e-05,3.4601613151608035e-05
660,46765242,Ivermectin is used to treat onchocerciasis.,"Interaction of cytosine arabinoside and lovastatin in human leukemia cells. Cytosine arabinoside (ara-C) is widely used for the treatment of leukemias and displays significant toxicities. Lovastatin, an HMG-CoA reductase inhibitor, is extensively used to treat hypercholesterolemia.",NOINFO,NOINFO,0.9998601675033569,0.00010249600745737553,3.733974153874442e-05
660,22613657,Ivermectin is used to treat onchocerciasis.,"Advances in graft-versus-host disease biology and therapy Allogeneic haematopoietic stem cell transplantation is used to treat a variety of disorders, but its efficacy is limited by the occurrence of graft-versus-host disease (GVHD). This Review highlights the recent advances in understanding the pathophysiology of GVHD and its treatment, with a focus on manipulations of the immune system that are amenable to clinical application.",NOINFO,NOINFO,0.9998020529747009,0.00015206329408101737,4.592599725583568e-05
660,11481946,Ivermectin is used to treat onchocerciasis.,"Obesity, type 2 diabetes, and cancer: the insulin and IGF connection. Medications, such as metformin and exogenous insulin, used to treat T2D may affect the risk of cancer and cancer-related mortality. Newer therapies targeting the insulin and IGF1 systems are being developed for use in cancer therapy.",NOINFO,NOINFO,0.9998557567596436,9.799315012060106e-05,4.628868555300869e-05
674,2095573,LDL cholesterol has no involvement in the development of cardiovascular disease.,"LDL-cholesterol concentrations: a genome-wide association study BACKGROUND LDL cholesterol has a causal role in the development of cardiovascular disease. SNPs rs599839 and rs646776 both explained around 1% of the variation in circulating LDL-cholesterol concentrations and were associated with about 15% of an SD change in LDL cholesterol per allele, assuming an SD of 1 mmol/L.   INTERPRETATION We found evidence for a novel locus for LDL cholesterol on chromosome 1p13.3.",REFUTES,REFUTES,0.00019292935030534863,0.0002591082302387804,0.9995478987693787
674,9814332,LDL cholesterol has no involvement in the development of cardiovascular disease.,"LDL inhibits the mediation of cholesterol efflux from macrophage foam cells by apoA-I-containing lipoproteins. A putative mechanism for foam cell formation. In contrast, when LDL was added, the cholesterol-reducing capacities of these lipoproteins were dose-dependently inhibited by LDL. The cellular cholesterol that moved to LDL was completely compensated for by the cholesterol influx from LDL to foam cells.",NOINFO,NOINFO,0.9998273849487305,4.822535265702754e-05,0.00012435625831130892
674,5612738,LDL cholesterol has no involvement in the development of cardiovascular disease.,"MicroRNA-148a regulates LDL receptor and ABCA1 expression to control circulating lipoprotein levels The hepatic low-density lipoprotein receptor (LDLR) pathway is essential for clearing circulating LDL cholesterol (LDL-C). These studies uncover a role for miR-148a as a key regulator of hepatic LDL-C clearance through direct modulation of LDLR expression and demonstrate the therapeutic potential of inhibiting miR-148a to ameliorate an elevated LDL-C/HDL-C ratio, a prominent risk factor for cardiovascular disease.",NOINFO,NOINFO,0.9997277855873108,9.68390959315002e-05,0.00017535296501591802
674,15360986,LDL cholesterol has no involvement in the development of cardiovascular disease.,"Estimating low-density lipoprotein cholesterol by the Friedewald equation is adequate for classifying patients on the basis of nationally recommended cutpoints. When triglycerides were less than 2.0 g/L, greater than 90% of estimated LDL cholesterol values were acceptable, within +/- At triglyceride concentrations less than or equal to 5.0 g/L, 88% of classifications based on estimated LDL (using triglycerides divided by 5) were concordant with those by measured LDL.",NOINFO,NOINFO,0.9996376037597656,7.659912807866931e-05,0.00028571413713507354
674,7662206,LDL cholesterol has no involvement in the development of cardiovascular disease.,"A Century of Cholesterol and Coronaries: From Plaques to Genes to Statins A century of research has revealed the essential causative agent: cholesterol-carrying low-density lipoprotein (LDL). If we are to eliminate coronary disease, lowering LDL should be the primary goal.",NOINFO,NOINFO,0.9961991906166077,0.00017269831732846797,0.003628113539889455
684,4942718,Lack of clpC does not affect sporulation efficiency in Bacillus subtilis cells.,High-Throughput Genetic Screens Identify a Large and Diverse Collection of New Sporulation Genes in Bacillus subtilis The differentiation of the bacterium Bacillus subtilis into a dormant spore is among the most well-characterized developmental pathways in biology. Several mutants had novel sporulation phenotypes.,NOINFO,NOINFO,0.9997789263725281,8.044350397540256e-05,0.00014063232811167836
684,34386619,Lack of clpC does not affect sporulation efficiency in Bacillus subtilis cells.,"The first gene of the Bacillus subtilis clpC operon, ctsR, encodes a negative regulator of its own operon and other class III heat shock genes. The Bacillus subtilis clpC operon is regulated by two stress induction pathways relying on either sigmaB or a class III stress induction mechanism acting at a sigmaA-like promoter. When the clpC operon was placed under the control of the isopropyl-beta-D-thiogalactopyranoside (IPTG)-inducible Pspac promoter, dramatic repression of the natural clpC promoters fused to a lacZ reporter gene was noticed after IPTG induction.",NOINFO,NOINFO,0.9996126294136047,7.540966907981783e-05,0.0003119545290246606
684,12881593,Lack of clpC does not affect sporulation efficiency in Bacillus subtilis cells.,"Fine-tuning in regulation of Clp protein content in Bacillus subtilis. Clp-controlled proteolysis in Bacillus subtilis seems to play a substantial role, particularly under stress conditions. According to these numbers, the different Clp ATPases do not seem to compete for the proteolytic subunit ClpP. Coimmunoprecipitation experiments revealed the predicted specific ClpX-ClpP, ClpC-ClpP, and ClpE-ClpP interactions.",NOINFO,NOINFO,0.9998862743377686,5.693779530702159e-05,5.6715813116170466e-05
684,12824568,Lack of clpC does not affect sporulation efficiency in Bacillus subtilis cells.,"From Cell Differentiation to Cell Collectives: Bacillus subtilis Uses Division of Labor to Migrate In this study, we show how flagellum-independent migration is driven by the division of labor of two cell types that appear during Bacillus subtilis sliding motility. We propose that surfactin-producing cells reduce the friction between cells and their substrate, thereby facilitating matrix-producing cells to form bundles.",NOINFO,NOINFO,0.9998760223388672,5.4118056141305715e-05,6.98973162798211e-05
690,18750453,Less than 10% of the gabonese children with Schimmelpenning-Feuerstein-Mims syndrome (SFM) had a plasma lactate of more than 5mmol/L.,"Assessment of Volume Depletion in Children with Malaria To assist management of severely ill children, and to test the hypothesis that volume changes in fluid compartments reflect disease severity, we measured body compartment volumes in Gabonese children with malaria. Sixteen children had severe and 19 moderate malaria.",NOINFO,NOINFO,0.9998513460159302,8.818389324005693e-05,6.048958675819449e-05
690,36653415,Less than 10% of the gabonese children with Schimmelpenning-Feuerstein-Mims syndrome (SFM) had a plasma lactate of more than 5mmol/L.,"Lactate Metabolism in Human Lung Tumors It is unknown whether lactate contributes to energy metabolism in living tumors. In mice, deleting monocarboxylate transporter-1 (MCT1) from tumor cells eliminated lactate-dependent metabolite labeling, confirming tumor-cell-autonomous lactate uptake.",NOINFO,NOINFO,0.9998723268508911,6.708817818434909e-05,6.0609119827859104e-05
690,7227763,Less than 10% of the gabonese children with Schimmelpenning-Feuerstein-Mims syndrome (SFM) had a plasma lactate of more than 5mmol/L.,"Experimental and clinical studies on lactate and pyruvate as indicators of the severity of acute circulatory failure (shock). The increase in lactate (L) and pyruvate (P) content of arterial blood during experimental and clinical shock states and the extent to which such increases serve as measures of oxygen deficit and irreversible injury were investigated on an empirical basis. Correlation of cumulative oxygen debt and survival, both with P and with computed values of the lactate pyruvate ratio (L/P) and excess lactate (XL), were of no higher magnitude.",NOINFO,NOINFO,0.9998385906219482,6.840906280558556e-05,9.295784548157826e-05
690,42291761,Less than 10% of the gabonese children with Schimmelpenning-Feuerstein-Mims syndrome (SFM) had a plasma lactate of more than 5mmol/L.,"Preventing deaths by drowning in children in the United Kingdom: have we made progress in 10 years? Population based incidence study. It also identified a safety agenda, which focused on young children in garden ponds and pools and on older children swimming without supervision. Over the past 10 years there have been initiatives on children's safety in water, particularly swimming.",NOINFO,NOINFO,0.9998674392700195,6.0727314121322706e-05,7.183432171586901e-05
691,10991183,Leukemia associated Rho guanine nucleotide-exchange factor represses RhoA in response to SRC activation.,"The Rho GEFs LARG and GEF-H1 regulate the mechanical response to force on integrins Although RhoA has been shown to play a role during reinforcement, the molecular mechanisms that regulate its activity are unknown. By combining biochemical and biophysical approaches, we identified two guanine nucleotide exchange factors (GEFs), LARG and GEF-H1, as key molecules that regulate the cellular adaptation to force.",NOINFO,NOINFO,0.9998618364334106,8.905022696126252e-05,4.908224946120754e-05
691,8093935,Leukemia associated Rho guanine nucleotide-exchange factor represses RhoA in response to SRC activation.,"Structure of the Guanine Nucleotide Exchange Factor Sec7 Domain of Human Arno and Analysis of the Interaction with ARF GTPase Sec7-related guanine nucleotide exchange factors (GEFs) initiate vesicle budding from the Golgi membrane surface by converting the GTPase ARF to a GTP-bound, membrane-associated form. The sites of Sec7 domain interaction on ARF1 have subsequently been mapped, by protein footprinting experiments, to the switch 1 and switch 2 GTPase regions, leading to a model for the interaction between ARF GTPases and Sec7 domain exchange factors.",NOINFO,NOINFO,0.999882698059082,7.183542038546875e-05,4.539460496744141e-05
691,14461101,Leukemia associated Rho guanine nucleotide-exchange factor represses RhoA in response to SRC activation.,"Tyrosine-Phosphorylated Caveolin-1 Blocks Bacterial Uptake by Inducing Vav2-RhoA-Mediated Cytoskeletal Rearrangements A broad and unbiased analysis of potential interaction partners for tyrosine-phosphorylated Cav1 revealed a direct interaction with the Rho-family guanine nucleotide exchange factor Vav2. Both Vav2 and its substrate, the small GTPase RhoA, were found to play a direct role in the Cav1-mediated prevention of bacterial uptake.",NOINFO,NOINFO,0.9998815059661865,7.169516175054014e-05,4.683553197537549e-05
691,14119470,Leukemia associated Rho guanine nucleotide-exchange factor represses RhoA in response to SRC activation.,"The Ran GTPase regulates mitotic spindle assembly The nucleotide-binding state of Ran is regulated by a GTPase activating protein, RanGAP1, and by a guanine nucleotide exchange factor, RCC1. Ran also interacts with a guanine nucleotide dissociation inhibitor, RanBP1.",NOINFO,NOINFO,0.9998787641525269,8.092431380646303e-05,4.029585761600174e-05
692,24088502,Leuko-increased blood increases infectious complications in red blood cell transfusion.,"Clinical outcomes following institution of the Canadian universal leukoreduction program for red blood cell transfusions. DESIGN, SETTING, AND POPULATION Retrospective before-and-after cohort study conducted from August 1998 to August 2000 in 23 academic and community hospitals throughout Canada, enrolling 14 786 patients who received red blood cell transfusions following cardiac surgery or repair of hip fracture, or who required intensive care following a surgical intervention or multiple trauma. CONCLUSION A national universal leukoreduction program is potentially associated with decreased mortality as well as decreased fever episodes and antibiotic use after red blood cell transfusion in high-risk patients.",REFUTES,REFUTES,0.00692227017134428,0.002180317183956504,0.9908973574638367
692,27049238,Leuko-increased blood increases infectious complications in red blood cell transfusion.,Large deformation of red blood cell ghosts in a simple shear flow. Deformability affects red blood cell physiological function and the hydrodynamic properties of blood. Initially oblate spheroidal capsules are simulated and it is shown that the red blood cell membrane exhibits asymptotic behavior as the ratio of the dilation modulus to the extensional modulus is increased and a good approximation of local area conservation is obtained.,NOINFO,NOINFO,0.9998832941055298,4.8133944801520556e-05,6.854587991256267e-05
692,40900567,Leuko-increased blood increases infectious complications in red blood cell transfusion.,"Parasite multiplication potential and the severity of Falciparum malaria. To simulate severe malaria and control for host effects, the in vitro cultures were adjusted to 1% parasitemia and used the same red blood cell donor. Parasites causing severe malaria exhibited unrestricted red blood cell invasion, whereas those from uncomplicated malaria were restricted to a geometric mean of 40 (31%-53%) of red blood cells.",NOINFO,NOINFO,0.9998763799667358,6.617747567361221e-05,5.749598130933009e-05
692,26474812,Leuko-increased blood increases infectious complications in red blood cell transfusion.,"Age-structured red blood cell susceptibility and the dynamics of malaria infections. Malaria parasites and immune responses in an infected human interact on a dynamic landscape, in which a population of replicating parasites depletes a population of replenishing red blood cells (RBCs). A ""basic reproduction rate"" characterizes these differences in outcomes.",NOINFO,NOINFO,0.9998844861984253,5.943755604675971e-05,5.605495607596822e-05
692,7850867,Leuko-increased blood increases infectious complications in red blood cell transfusion.,"Margination of white blood cells in microcapillary flow. We perform numerical simulations with a two-dimensional blood flow model to investigate the dependence of WBC margination on hydrodynamic interactions of blood cells with the vessel walls, as well as on their collective behavior and deformability. We find WBC margination to be optimal in intermediate ranges of red blood cell (RBC) volume fractions and flow rates, while, beyond these ranges, it is substantially attenuated.",NOINFO,NOINFO,0.9998893737792969,4.9275706260232255e-05,6.144450162537396e-05
693,24088502,Leuko-reduced blood reduces infectious complications in red blood cell transfusion.,"Clinical outcomes following institution of the Canadian universal leukoreduction program for red blood cell transfusions. DESIGN, SETTING, AND POPULATION Retrospective before-and-after cohort study conducted from August 1998 to August 2000 in 23 academic and community hospitals throughout Canada, enrolling 14 786 patients who received red blood cell transfusions following cardiac surgery or repair of hip fracture, or who required intensive care following a surgical intervention or multiple trauma. CONCLUSION A national universal leukoreduction program is potentially associated with decreased mortality as well as decreased fever episodes and antibiotic use after red blood cell transfusion in high-risk patients.",SUPPORTS,SUPPORTS,0.021512934938073158,0.8848792910575867,0.09360776841640472
693,27049238,Leuko-reduced blood reduces infectious complications in red blood cell transfusion.,Large deformation of red blood cell ghosts in a simple shear flow. Deformability affects red blood cell physiological function and the hydrodynamic properties of blood. Initially oblate spheroidal capsules are simulated and it is shown that the red blood cell membrane exhibits asymptotic behavior as the ratio of the dilation modulus to the extensional modulus is increased and a good approximation of local area conservation is obtained.,NOINFO,NOINFO,0.9998714923858643,6.948864029254764e-05,5.897424853174016e-05
693,40900567,Leuko-reduced blood reduces infectious complications in red blood cell transfusion.,"Parasite multiplication potential and the severity of Falciparum malaria. To simulate severe malaria and control for host effects, the in vitro cultures were adjusted to 1% parasitemia and used the same red blood cell donor. Parasites causing severe malaria exhibited unrestricted red blood cell invasion, whereas those from uncomplicated malaria were restricted to a geometric mean of 40 (31%-53%) of red blood cells.",NOINFO,NOINFO,0.9998453855514526,9.350475011160597e-05,6.120225589256734e-05
693,7850867,Leuko-reduced blood reduces infectious complications in red blood cell transfusion.,"Margination of white blood cells in microcapillary flow. We perform numerical simulations with a two-dimensional blood flow model to investigate the dependence of WBC margination on hydrodynamic interactions of blood cells with the vessel walls, as well as on their collective behavior and deformability. We find WBC margination to be optimal in intermediate ranges of red blood cell (RBC) volume fractions and flow rates, while, beyond these ranges, it is substantially attenuated.",NOINFO,NOINFO,0.9998855590820312,6.708906585117802e-05,4.729533975478262e-05
693,26474812,Leuko-reduced blood reduces infectious complications in red blood cell transfusion.,"Age-structured red blood cell susceptibility and the dynamics of malaria infections. Malaria parasites and immune responses in an infected human interact on a dynamic landscape, in which a population of replicating parasites depletes a population of replenishing red blood cells (RBCs). A ""basic reproduction rate"" characterizes these differences in outcomes.",NOINFO,NOINFO,0.9998667240142822,7.751981320325285e-05,5.583542224485427e-05
700,4350400,Localization of PIN1 in the Arabidopsis embryo does not require VPS9a,"Generation of cell polarity in plants links endocytosis, auxin distribution and cell fate decisions Interference with PIN endocytosis either by auxin or by manipulation of the Arabidopsis Rab5 GTPase pathway prevents PIN polarization. Our results indicate a two-step mechanism for the generation of PIN polar localization and the essential role of endocytosis in this process.",NOINFO,NOINFO,0.9998437166213989,9.40540776355192e-05,6.216594920260832e-05
700,1871230,Localization of PIN1 in the Arabidopsis embryo does not require VPS9a,"Getting to the site of inflammation: the leukocyte adhesion cascade updated Neutrophil recruitment, lymphocyte recirculation and monocyte trafficking all require adhesion and transmigration through blood-vessel walls. In neutrophils, a second activation pathway has been discovered that does not require signalling through G-protein-coupled receptors and the signalling steps leading to integrin activation are beginning to emerge.",NOINFO,NOINFO,0.9998685121536255,5.943660653429106e-05,7.197483500931412e-05
700,21170174,Localization of PIN1 in the Arabidopsis embryo does not require VPS9a,"Crossover and noncrossover pathways in mouse meiosis. Our results report direct molecular evidence for distinct CR and NCR pathways of DNA double-strand break (DSB) repair in mouse meiosis based on three observations: both CRs and NCRs require Spo11, NCR products have shorter conversion tracts than CRs, and only CRs require the MutL homolog Mlh1. We show that both products are formed from middle to late pachytene of meiotic prophase and provide evidence for an Mlh1-independent CR pathway, where mismatch repair does not require Mlh1.",NOINFO,NOINFO,0.9998230338096619,7.935466419439763e-05,9.760790999280289e-05
700,1669173,Localization of PIN1 in the Arabidopsis embryo does not require VPS9a,"The VTI family of SNARE proteins is necessary for plant viability and mediates different protein transport pathways. The Arabidopsis genome contains a family of v-SNAREs: VTI11, VTI12, and VTI13. An Arabidopsis T-DNA insertion mutant, vti12, had a normal phenotype under nutrient-rich growth conditions.",NOINFO,NOINFO,0.9998859167098999,5.433040496427566e-05,5.967027391307056e-05
702,4350400,Localization of PIN1 in the roots of Arabidopsis does not require VPS9a,"Generation of cell polarity in plants links endocytosis, auxin distribution and cell fate decisions Interference with PIN endocytosis either by auxin or by manipulation of the Arabidopsis Rab5 GTPase pathway prevents PIN polarization. This results in ectopic expression of auxin pathway-associated root-forming master regulators in embryonic leaves and promotes homeotic transformation of leaves to roots.",NOINFO,NOINFO,0.9998526573181152,8.53041055961512e-05,6.192414002725855e-05
702,38675228,Localization of PIN1 in the roots of Arabidopsis does not require VPS9a,"A molecular framework for plant regeneration. Here we investigate a local regeneration response in Arabidopsis roots. Laser-induced wounding disrupts the flow of auxin-a cell-fate-instructive plant hormone-in root tips, and we demonstrate that resulting cell-fate changes require the PLETHORA, SHORTROOT, and SCARECROW transcription factors.",NOINFO,NOINFO,0.9998183846473694,6.013421079842374e-05,0.00012147444067522883
702,1871230,Localization of PIN1 in the roots of Arabidopsis does not require VPS9a,"Getting to the site of inflammation: the leukocyte adhesion cascade updated Neutrophil recruitment, lymphocyte recirculation and monocyte trafficking all require adhesion and transmigration through blood-vessel walls. In neutrophils, a second activation pathway has been discovered that does not require signalling through G-protein-coupled receptors and the signalling steps leading to integrin activation are beginning to emerge.",NOINFO,NOINFO,0.9998719692230225,5.8629731938708574e-05,6.93530892021954e-05
702,20402596,Localization of PIN1 in the roots of Arabidopsis does not require VPS9a,"The WUSCHEL-related homeobox gene WOX11 is required to activate shoot-borne crown root development in rice. WOX11 was found to be expressed in emerging crown roots and later in cell division regions of the root meristem. Loss-of-function mutation or downregulation of the gene reduced the number and the growth rate of crown roots, whereas overexpression of the gene induced precocious crown root growth and dramatically increased the root biomass by producing crown roots at the upper stem nodes and the base of florets.",NOINFO,NOINFO,0.9998629093170166,7.35374924261123e-05,6.351721822284162e-05
715,18421962,Low expression of miR7a does represses target genes and exerts a biological function in ovaries.,"Assessing the ceRNA hypothesis with quantitative measurements of miRNA and target abundance. Here, we altered intracellular target site abundance through expression of an miR-122 target in hepatocytes and livers and analyzed the effects on miR-122 target genes. Target repression was released in a threshold-like manner at high target site abundance (≥1.5 × 10(5) added target sites per cell), and this threshold was insensitive to the effective levels of the miRNA.",NOINFO,NOINFO,0.9998356103897095,0.00011082189303124323,5.3485400712816045e-05
715,15635366,Low expression of miR7a does represses target genes and exerts a biological function in ovaries.,"The polycomb group protein L3mbtl2 assembles an atypical PRC1-family complex that is essential in pluripotent stem cells and early development. L3mbtl2 has been implicated in transcriptional repression and chromatin compaction but its biological function has not been defined. The presence of L3mbtl2 at target genes is associated with H3K9 dimethylation, low histone acetylation, and H2AK119 ubiquitination, but the latter is neither dependent on L3mbtl2 nor sufficient for repression.",NOINFO,NOINFO,0.9998719692230225,9.205754031427205e-05,3.605024903663434e-05
715,37204802,Low expression of miR7a does represses target genes and exerts a biological function in ovaries.,"JMJD6 Promotes Colon Carcinogenesis through Negative Regulation of p53 by Hydroxylation Compared to other members of the family, the cellular activity of JMJD6 is still not clearly defined and its biological function is still largely unexplored. We showed that JMJD6 antagonizes p53 acetylation, promotes the association of p53 with its negative regulator MDMX, and represses transcriptional activity of p53.",NOINFO,NOINFO,0.999866247177124,9.405619493918493e-05,3.9748192648403347e-05
715,6532806,Low expression of miR7a does represses target genes and exerts a biological function in ovaries.,"An integrated database of genes responsive to the Myc oncogenic transcription factor: identification of direct genomic targets The database Myc Target Gene prioritizes candidate target genes according to experimental evidence and clusters responsive genes into functional groups. We coupled the prioritization of target genes with phylogenetic sequence comparisons to predict c-Myc target binding sites, which are in turn validated by chromatin immunoprecipitation assays.",NOINFO,NOINFO,0.9998449087142944,0.00010209486208623275,5.2862764277961105e-05
716,18421962,Low expression of miR7a exerts a biological function in testis.,"Assessing the ceRNA hypothesis with quantitative measurements of miRNA and target abundance. Here, we altered intracellular target site abundance through expression of an miR-122 target in hepatocytes and livers and analyzed the effects on miR-122 target genes. Thus, modulation of miRNA target abundance is unlikely to cause significant effects on gene expression and metabolism through a ceRNA effect.",NOINFO,NOINFO,0.9998730421066284,5.103803414385766e-05,7.587258733110502e-05
716,2374637,Low expression of miR7a exerts a biological function in testis.,"Gene set enrichment analysis: a knowledge-based approach for interpreting genome-wide expression profiles. Although genomewide RNA expression analysis has become a routine tool in biomedical research, extracting biological insight from such information remains a major challenge. The method derives its power by focusing on gene sets, that is, groups of genes that share common biological function, chromosomal location, or regulation.",NOINFO,NOINFO,0.9998955726623535,6.65676489006728e-05,3.785509034059942e-05
716,23581096,Low expression of miR7a exerts a biological function in testis.,"Interactions between SRY and SOX genes in mammalian sex determination. The SRY gene on the mammalian Y chromosome undoubtedly acts to determine testis, but it is still quite unclear how. Specifically, I propose that in females SOX3 inhibits SOX9 function, but in males, SRY inhibits SOX3 and permits SOX9 to enact its testis-determining role.",NOINFO,NOINFO,0.9998248219490051,0.00012780319957528263,4.738492498290725e-05
716,45143088,Low expression of miR7a exerts a biological function in testis.,"Long non-coding RNAs with low expression levels in cells are enriched in secreted exosomes. A different expression pattern of lncRNAs in exosomes was seen compared to cells. RNA molecules with relative low expression levels (lincRNA-p21, HOTAIR, ncRNA-CCND1) were highly enriched in exosomes.",NOINFO,NOINFO,0.9998782873153687,8.732927381061018e-05,3.4332482755417004e-05
718,17587795,Low nucleosome occupancy correlates with low methylation levels across species.,"Dnmt1-Independent CG Methylation Contributes to Nucleosome Positioning in Diverse Eukaryotes Clustered methylation occurs at unprecedented densities and directly disfavors nucleosomes, contributing to nucleosome positioning between clusters. Species with linker methylation have small, transcriptionally active nuclei that approach the physical limits of chromatin compaction.",REFUTES,SUPPORTS,0.0005459156818687916,0.998673677444458,0.0007804623455740511
718,18895793,Low nucleosome occupancy correlates with low methylation levels across species.,"Activator Control of Nucleosome Occupancy in Activation and Repression of Transcription Our results show that whereas promoter nucleosome removal invariably accompanies activation, reformation of nucleosomes is not required for repression. These findings were made possible by our nucleosome occupancy assay.",NOINFO,NOINFO,0.9998502731323242,0.00011478894884930924,3.487216599751264e-05
718,23208167,Low nucleosome occupancy correlates with low methylation levels across species.,"Catalytic-Independent Functions of PARP-1 Determine Sox2 Pioneer Activity at Intractable Genomic Loci. Here we show that PARP-1, a nucleosome-binding protein, cooperates with intrinsic properties of the pioneer TF Sox2 to facilitate its binding to intractable genomic loci in embryonic stem cells. PARP-1-dependent Sox2-binding sites reside in euchromatic regions of the genome with relatively high nucleosome occupancy and low co-occupancy by other transcription factors.",NOINFO,NOINFO,0.9997692704200745,0.0001910967257572338,3.974433639086783e-05
718,4305576,Low nucleosome occupancy correlates with low methylation levels across species.,Chromatin remodelling at promoters suppresses antisense transcription Nucleosome repositioning by Isw2 is directional and results in increased nucleosome occupancy of the intergenic region. Here we show that Isw2 repositions nucleosomes to enforce directionality on transcription by preventing transcription initiation from cryptic sites.,NOINFO,NOINFO,0.9998328685760498,0.00012780423276126385,3.9283797377720475e-05
718,5116145,Low nucleosome occupancy correlates with low methylation levels across species.,"A library of yeast transcription factor motifs reveals a widespread function for Rsc3 in targeting nucleosome exclusion at promoters. Among these are Rsc3 binding sequences, containing the core CGCG, which are found preferentially approximately 100 bp upstream of transcription start sites. Mutation of RSC3 results in a dramatic increase in nucleosome occupancy in hundreds of proximal promoters containing a Rsc3 binding element, but has little impact on promoters lacking Rsc3 binding sequences, indicating that Rsc3 plays a broad role in targeting nucleosome exclusion at yeast promoters.",NOINFO,NOINFO,0.9998225569725037,0.00014146491594146937,3.6048466427018866e-05
721,1834762,Lupus-prone mice infected with curliproducing bacteria have higher autoantibody titers compared to controls.,"Amyloid-DNA Composites of Bacterial Biofilms Stimulate Autoimmunity. When given systemically, curli-DNA composites triggered immune activation and production of autoantibodies in lupus-prone and wild-type mice. We also found that the infection of lupus-prone mice with curli-producing bacteria triggered higher autoantibody titers compared to curli-deficient bacteria.",SUPPORTS,SUPPORTS,0.0013851994881406426,0.9981685876846313,0.00044620875269174576
721,13106686,Lupus-prone mice infected with curliproducing bacteria have higher autoantibody titers compared to controls.,Oxidative damage of DNA confers resistance to cytosolic nuclease TREX1 degradation and potentiates STING-dependent immune sensing. Immune sensing of DNA is critical for antiviral immunity but can also trigger autoimmune diseases such as lupus erythematosus (LE). Injection of oxidized DNA in the skin of lupus-prone mice induced lesions that closely matched respective lesions in patients.,NOINFO,NOINFO,0.9998804330825806,8.045167487580329e-05,3.905615085386671e-05
721,12670680,Lupus-prone mice infected with curliproducing bacteria have higher autoantibody titers compared to controls.,"BASOPHILS AND THE T HELPER 2 ENVIRONMENT CAN PROMOTE THE DEVELOPMENT OF LUPUS NEPHRITIS In systemic lupus erythematosus (SLE), self-reactive antibodies can target the kidney (lupus nephritis), leading to functional failure and possible mortality. Thus, in Lyn(-/-) mice, basophils and IgE autoantibodies amplify autoantibody production that leads to lupus nephritis, and in individuals with SLE IgE autoantibodies and activated basophils are factors associated with disease activity and nephritis.",NOINFO,NOINFO,0.9997454285621643,0.00022648480080533773,2.8072408895241097e-05
721,33904789,Lupus-prone mice infected with curliproducing bacteria have higher autoantibody titers compared to controls.,"""Sandwich""-type immunoassay of carcinoembryonic antigen in patients receiving murine monoclonal antibodies for diagnosis and therapy. Increasing CEA titers were accompanied by the appearance and coincident increase in titers of human antibody against mouse Ig (HAMA). Adsorption of these sera with solid-phase anti-human IgG or Protein A restored antigen titers to pretreatment values; evidently the serum factor eliciting false-positive CEA titers was most probably HAMA.",NOINFO,NOINFO,0.9998444318771362,0.00010699444101192057,4.8509580665268004e-05
721,1996292,Lupus-prone mice infected with curliproducing bacteria have higher autoantibody titers compared to controls.,"BMI-1 Autoantibody as a New Potential Biomarker for Cervical Carcinoma However, BMI-1 autoantibody as a biomarker has seldom been studied with the exception of nasopharyngeal carcinoma. Immunoblot results exhibited increased BMI-1 autoantibody levels in patient sera compared to normal sera.",NOINFO,NOINFO,0.9998544454574585,0.00011191153316758573,3.366763121448457e-05
723,5531479,Ly49Q directs the organization of neutrophil migration to inflammation sites by regulating membrane raft functions.,"The Ly49Q receptor plays a crucial role in neutrophil polarization and migration by regulating raft trafficking. Ly49Q-dependent polarization and migration were affected by Ly49Q regulation of membrane raft functions. We propose that Ly49Q is pivotal in switching neutrophils to their polarized morphology and rapid migration upon inflammation, through its spatiotemporal regulation of membrane rafts and raft-associated signaling molecules.",SUPPORTS,SUPPORTS,0.00045622148900292814,0.9988747239112854,0.0006690045120194554
723,8396189,Ly49Q directs the organization of neutrophil migration to inflammation sites by regulating membrane raft functions.,"An analysis of the Caenorhabditis elegans lipid raft proteome using geLC-MS/MS. A study of the lipid raft proteome of C. elegans is presented here. A total of 44 proteins were identified from the lipid raft fraction using geLC-MS/MS, of which 40 have been determined to be likely raft proteins after analysis of predicted functions.",NOINFO,NOINFO,0.9995416402816772,0.0003916331334039569,6.667417619610205e-05
723,28712203,Ly49Q directs the organization of neutrophil migration to inflammation sites by regulating membrane raft functions.,"Neutrophil elastase-mediated lung disease. Elastases of both the neutrophil and macrophage have been implicated in lung disease initiation and progression. Assuming that neutrophil elastase most likely plays a role in the migration of neutrophils toward a site of inflammation and degradation of proteins from invading organisms or other products of the inflammatory response, it is the role of inhibitors of this protease to protect normal tissues from its effects.",NOINFO,NOINFO,0.999784529209137,0.00016733244410715997,4.812918996321969e-05
723,20608982,Ly49Q directs the organization of neutrophil migration to inflammation sites by regulating membrane raft functions.,"Recent developments and complexities in neutrophil transmigration. RECENT FINDINGS The topics to be covered will include responses that are prerequisite to neutrophil migration through venular walls, such as leukocyte luminal crawling and cellular and molecular changes in leukocytes and endothelial cells (e.g. formation of protrusions) that collectively support leukocyte transendothelial cell migration. Advances in both paracellular and transcellular neutrophil migration through endothelial cells will be discussed, addressing the associated roles and regulation of expression of endothelial cell luminal and junctional adhesion molecules.",NOINFO,NOINFO,0.9997749924659729,0.0001848569663707167,4.021305721835233e-05
723,20758340,Ly49Q directs the organization of neutrophil migration to inflammation sites by regulating membrane raft functions.,"Hierarchical organization of the plasma membrane: investigations by single-molecule tracking vs. fluorescence correlation spectroscopy. It is becoming clear that the plasma membrane is a heterogeneous entity, containing diverse structures on nano-meso-scales (2-200 nm) with a variety of lifetimes, where certain membrane molecules stay together for limited durations. Molecular interactions occur in the time-dependent inhomogeneous two-dimensional liquid of the plasma membrane, which might be a key for plasma membrane functions.",NOINFO,NOINFO,0.9998190999031067,0.0001453859731554985,3.555884904926643e-05
727,7521113,Ly6C hi monocytes have a lower inflammatory capacity compared to their Ly6C lo counterparts.,"Fate mapping reveals origins and dynamics of monocytes and tissue macrophages under homeostasis. Mononuclear phagocytes, including monocytes, macrophages, and dendritic cells, contribute to tissue integrity as well as to innate and adaptive immune defense. Furthermore, we have established that short-lived Ly6C(+) monocytes constitute obligatory steady-state precursors of blood-resident Ly6C(-) cells and that the abundance of Ly6C(+) blood monocytes dynamically controls the circulation lifespan of their progeny.",NOINFO,NOINFO,0.9998589754104614,9.080632298719138e-05,5.014801354263909e-05
727,22406695,Ly6C hi monocytes have a lower inflammatory capacity compared to their Ly6C lo counterparts.,"Origin and functions of tissue macrophages. This new understanding also prompts reconsideration of the function of circulating monocytes. Classical Ly6c(hi) monocytes patrol the extravascular space in resting organs, and Ly6c(lo) nonclassical monocytes patrol the vasculature.",NOINFO,NOINFO,0.999864935874939,7.828041270840913e-05,5.6714601669227704e-05
727,12370881,Ly6C hi monocytes have a lower inflammatory capacity compared to their Ly6C lo counterparts.,"Inflammatory monocyte/macrophage modulation by liposome-entrapped spironolactone ameliorates acute lung injury in mice. Mechanistically, SP-mediated mineralocorticoid receptor antagonism contributes to inflammatory monocyte/macrophage modulation via an inhibitory effect on Ly6C(hi) monocytosis-directed M2 polarization of alveolar macrophages. Moreover, Lipo-SP at lower dose (10 mg/kg) exhibited more improvement in body weight gain.",NOINFO,NOINFO,0.9995425939559937,0.00012851796054746956,0.0003288236912339926
727,14492339,Ly6C hi monocytes have a lower inflammatory capacity compared to their Ly6C lo counterparts.,"Blood monocytes consist of two principal subsets with distinct migratory properties Using a murine adoptive transfer system to probe monocyte homing and differentiation in vivo, we identified two functional subsets among murine blood monocytes: a short-lived CX(3)CR1(lo)CCR2(+)Gr1(+) subset that is actively recruited to inflamed tissues and a CX(3)CR1(hi)CCR2(-)Gr1(-) subset characterized by CX(3)CR1-dependent recruitment to noninflamed tissues. The level of CX(3)CR1 expression also defines the two major human monocyte subsets, the CD14(+)CD16(-) and CD14(lo)CD16(+) monocytes, which share phenotype and homing potential with the mouse subsets.",NOINFO,NOINFO,0.9997155070304871,0.0001200468759634532,0.00016440541367046535
728,36444198,Ly6C hi monocytes have a lower inflammatory capacity than Ly6C lo monocytes.,"Subpopulations of mouse blood monocytes differ in maturation stage and inflammatory response. Blood monocytes are well-characterized precursors for macrophages and dendritic cells. Taken together, these data identify distinct subpopulations of mouse blood monocytes that differ in maturation stage and capacity to become recruited to inflammatory sites.",REFUTES,REFUTES,0.00019368066568858922,0.00027797711663879454,0.9995284080505371
728,7521113,Ly6C hi monocytes have a lower inflammatory capacity than Ly6C lo monocytes.,"Fate mapping reveals origins and dynamics of monocytes and tissue macrophages under homeostasis. Mononuclear phagocytes, including monocytes, macrophages, and dendritic cells, contribute to tissue integrity as well as to innate and adaptive immune defense. Furthermore, we have established that short-lived Ly6C(+) monocytes constitute obligatory steady-state precursors of blood-resident Ly6C(-) cells and that the abundance of Ly6C(+) blood monocytes dynamically controls the circulation lifespan of their progeny.",NOINFO,NOINFO,0.9998654127120972,8.029348828131333e-05,5.422328467830084e-05
728,22406695,Ly6C hi monocytes have a lower inflammatory capacity than Ly6C lo monocytes.,"Origin and functions of tissue macrophages. This new understanding also prompts reconsideration of the function of circulating monocytes. Classical Ly6c(hi) monocytes patrol the extravascular space in resting organs, and Ly6c(lo) nonclassical monocytes patrol the vasculature.",NOINFO,NOINFO,0.9998334646224976,9.818254329729825e-05,6.827523611718789e-05
728,14492339,Ly6C hi monocytes have a lower inflammatory capacity than Ly6C lo monocytes.,"Blood monocytes consist of two principal subsets with distinct migratory properties Using a murine adoptive transfer system to probe monocyte homing and differentiation in vivo, we identified two functional subsets among murine blood monocytes: a short-lived CX(3)CR1(lo)CCR2(+)Gr1(+) subset that is actively recruited to inflamed tissues and a CX(3)CR1(hi)CCR2(-)Gr1(-) subset characterized by CX(3)CR1-dependent recruitment to noninflamed tissues. The level of CX(3)CR1 expression also defines the two major human monocyte subsets, the CD14(+)CD16(-) and CD14(lo)CD16(+) monocytes, which share phenotype and homing potential with the mouse subsets.",NOINFO,NOINFO,0.9996517896652222,0.00014479494711849838,0.0002033975179074332
728,12370881,Ly6C hi monocytes have a lower inflammatory capacity than Ly6C lo monocytes.,"Inflammatory monocyte/macrophage modulation by liposome-entrapped spironolactone ameliorates acute lung injury in mice. Mechanistically, SP-mediated mineralocorticoid receptor antagonism contributes to inflammatory monocyte/macrophage modulation via an inhibitory effect on Ly6C(hi) monocytosis-directed M2 polarization of alveolar macrophages. Moreover, Lipo-SP at lower dose (10 mg/kg) exhibited more improvement in body weight gain.",NOINFO,NOINFO,0.9996744394302368,0.00010951311560347676,0.00021609794930554926
729,26851674,Lymphadenopathy is observed in knockin mouse lacking the SHP-2 MAPK pathway.,"Dissection of signaling cascades through gp130 in vivo: reciprocal roles for STAT3- and SHP2-mediated signals in immune responses. We generated a series of knockin mouse lines, in which the cytokine receptor gp130-dependent STAT3 and/or SHP2 signals were disrupted, by replacing the mouse gp130 gene with human gp130 mutant cDNAs. The SHP2 signal-deficient mice (gp130F759/F759 were born normal but displayed splenomegaly and lymphadenopathy and an enhanced acute phase reaction.",SUPPORTS,SUPPORTS,0.0006420414429157972,0.9987524747848511,0.0006055028061382473
729,18038250,Lymphadenopathy is observed in knockin mouse lacking the SHP-2 MAPK pathway.,"Control of CNS Cell-Fate Decisions by SHP-2 and Its Dysregulation in Noonan Syndrome Conversely, expression of an NS SHP-2 mutant promoted neurogenesis and inhibited astrogenesis. Neural cell-fate decisions were similarly perturbed in a mouse knockin model that phenocopies human NS.",NOINFO,NOINFO,0.9998612403869629,0.00010071016731671989,3.807624671026133e-05
729,4729644,Lymphadenopathy is observed in knockin mouse lacking the SHP-2 MAPK pathway.,"LncRNA NEAT1/let-7a-5p axis regulates the cisplatin resistance in nasopharyngeal carcinoma by targeting Rsf-1 and modulating the Ras-MAPK pathway. Additionally, NEAT1 knockdown inhibited the Ras-MAPK pathway in NPC cells. Overall, these findings suggest that NEAT1/let-7a-5p axis regulates the cisplatin resistance in NPC by targeting Rsf-1 and modulating the Ras-MAPK signaling pathway.",NOINFO,NOINFO,0.9998782873153687,7.368238584604114e-05,4.803978663403541e-05
729,4422868,Lymphadenopathy is observed in knockin mouse lacking the SHP-2 MAPK pathway.,"Crypt stem cells as the cells-of-origin of intestinal cancer Intestinal cancer is initiated by Wnt-pathway-activating mutations in genes such as adenomatous polyposis coli (APC). In a previously established Lgr5 (leucine-rich-repeat containing G-protein-coupled receptor 5) knockin mouse model, a tamoxifen-inducible Cre recombinase is expressed in long-lived intestinal stem cells.",NOINFO,NOINFO,0.9998964071273804,6.26568216830492e-05,4.0931146941147745e-05
729,18489989,Lymphadenopathy is observed in knockin mouse lacking the SHP-2 MAPK pathway.,"Murine embryonic stem cell differentiation is promoted by SOCS-3 and inhibited by the zinc finger transcription factor Klf4. Embryonic stem (ES) cells homozygous for a Shp-2 mutation (Shp-2(Delta46-110)) demonstrate leukemia inhibitory factor (LIF) hypersensitivity and increased LIF-stimulated phosphorylation of signal transducer and activator of transcription (STAT3). Using microarray analysis, we detected 41 genes whose expression was modified by LIF in Shp-2(Delta46-110) ES cells.",NOINFO,NOINFO,0.9998182654380798,0.00011773705045925453,6.401252903742716e-05
742,32159283,Macrolides have no protective effect against myocardial infarction.,"Antibiotics and risk of subsequent first-time acute myocardial infarction. PATIENTS A total of 3315 case patients aged 75 years or younger with a diagnosis of first-time acute myocardial infarction between 1992 and 1997 and 13139 controls without myocardial infarction matched to cases for age, sex, general practice attended, and calendar time. These results of preliminary nature should stimulate more research to further explore the role of infections in the etiology of acute myocardial infarction.",SUPPORTS,NOINFO,0.9849766492843628,0.01039016991853714,0.004633178003132343
742,20526907,Macrolides have no protective effect against myocardial infarction.,How much alcohol and how often? Population based case-control study of alcohol consumption and risk of a major coronary event. OBJECTIVE To quantify the effects of quantity and frequency of alcohol consumption on risk of acute myocardial infarction and coronary death. MAIN OUTCOME MEASURE Acute myocardial infarction or coronary death.,NOINFO,NOINFO,0.9997747540473938,0.00011888729204656556,0.00010636193474056199
742,34873974,Macrolides have no protective effect against myocardial infarction.,"Diagnostic accuracy of single baseline measurement of Elecsys Troponin T high-sensitive assay for diagnosis of acute myocardial infarction in emergency department: systematic review and meta-analysis This means that if 21 of 100 consecutive patients have the target condition (21%, the median prevalence across the studies), 2 (95% confidence interval 2 to 3) of 21 patients with acute myocardial infarction will be missed (false negatives) if 14 ng/L is used as a cut-off value and 18 (13 to 25) of 79 patients without acute myocardial infarction will test positive (false positives). If the 3-5 ng/L cut-off value is used, <1 (0 to 1) patient with acute myocardial infarction will be missed and 46 (36 to 54) patients without acute myocardial infarction will test positive.",NOINFO,NOINFO,0.999871015548706,6.414105882868171e-05,6.489713996415958e-05
742,5884524,Macrolides have no protective effect against myocardial infarction.,"Impact of diabetes on long-term prognosis in patients with unstable angina and non-Q-wave myocardial infarction: results of the OASIS (Organization to Assess Strategies for Ischemic Syndromes) Registry. This is particularly true for patients with diabetes mellitus, who are known to have a high morbidity and mortality after an acute myocardial infarction. CONCLUSIONS Hospitalization for unstable angina or non-Q-wave myocardial infarction predicts a high 2-year morbidity and mortality; this is especially evident for patients with diabetes.",NOINFO,NOINFO,0.9998273253440857,7.08560473867692e-05,0.0001018938492052257
742,44264297,Macrolides have no protective effect against myocardial infarction.,Network meta-analysis for indirect treatment comparisons. These network meta-analysis techniques allow estimation of both heterogeneity in the effect of any given treatment and inconsistency ('incoherence') in the evidence from different pairs of treatments. A simple estimation procedure using linear mixed models is given and used in a meta-analysis of treatments for acute myocardial infarction.,NOINFO,NOINFO,0.9998714923858643,6.451801891671494e-05,6.40159341855906e-05
743,32159283,Macrolides protect against myocardial infarction.,"Antibiotics and risk of subsequent first-time acute myocardial infarction. PATIENTS A total of 3315 case patients aged 75 years or younger with a diagnosis of first-time acute myocardial infarction between 1992 and 1997 and 13139 controls without myocardial infarction matched to cases for age, sex, general practice attended, and calendar time. These results of preliminary nature should stimulate more research to further explore the role of infections in the etiology of acute myocardial infarction.",REFUTES,NOINFO,0.7473466396331787,0.25032976269721985,0.0023235392291098833
743,34873974,Macrolides protect against myocardial infarction.,"Diagnostic accuracy of single baseline measurement of Elecsys Troponin T high-sensitive assay for diagnosis of acute myocardial infarction in emergency department: systematic review and meta-analysis This means that if 21 of 100 consecutive patients have the target condition (21%, the median prevalence across the studies), 2 (95% confidence interval 2 to 3) of 21 patients with acute myocardial infarction will be missed (false negatives) if 14 ng/L is used as a cut-off value and 18 (13 to 25) of 79 patients without acute myocardial infarction will test positive (false positives). If the 3-5 ng/L cut-off value is used, <1 (0 to 1) patient with acute myocardial infarction will be missed and 46 (36 to 54) patients without acute myocardial infarction will test positive.",NOINFO,NOINFO,0.9998335838317871,0.0001280541910091415,3.8373818824766204e-05
743,5884524,Macrolides protect against myocardial infarction.,"Impact of diabetes on long-term prognosis in patients with unstable angina and non-Q-wave myocardial infarction: results of the OASIS (Organization to Assess Strategies for Ischemic Syndromes) Registry. This is particularly true for patients with diabetes mellitus, who are known to have a high morbidity and mortality after an acute myocardial infarction. CONCLUSIONS Hospitalization for unstable angina or non-Q-wave myocardial infarction predicts a high 2-year morbidity and mortality; this is especially evident for patients with diabetes.",NOINFO,NOINFO,0.999756395816803,0.0002034188073594123,4.021231143269688e-05
743,43629704,Macrolides protect against myocardial infarction.,Prevention of coronary heart disease with pravastatin in men with hypercholesterolemia. West of Scotland Coronary Prevention Study Group. This double-blind study was designed to determine whether the administration of pravastatin to men with hypercholesterolemia and no history of myocardial infarction reduced the combined incidence of nonfatal myocardial infarction and death from coronary heart disease. CONCLUSIONS Treatment with pravastatin significantly reduced the incidence of myocardial infarction and death from cardiovascular causes without adversely affecting the risk of death from noncardiovascular causes in men with moderate hypercholesterolemia and no history of myocardial infarction.,NOINFO,NOINFO,0.9997270703315735,0.0002295983285875991,4.33090899605304e-05
743,44384384,Macrolides protect against myocardial infarction.,"In-hospital switching between adenosine diphosphate receptor inhibitors in patients with acute myocardial infarction treated with percutaneous coronary intervention: Insights into contemporary practice from the TRANSLATE-ACS study. METHODS AND RESULTS We studied 11,999 myocardial infarction patients treated with percutaneous coronary intervention at 230 hospitals from April 2010 to October 2012 in the TRANSLATE-ACS study. CONCLUSIONS In-hospital ADP receptor inhibitor switching occurs in more than one in 10 myocardial infarction patients in contemporary practice.",NOINFO,NOINFO,0.9995321035385132,0.00038858168409205973,7.933157758088782e-05
744,8460275,Macropinocytosis contributes to a cell's supply of amino acids via the intracellular uptake of protein.,"The Utilization of Extracellular Proteins as Nutrients Is Suppressed by mTORC1 Here, we demonstrate that protein macropinocytosis can also serve as an essential amino acid source. Thus, by preventing nutritional consumption of extracellular proteins, mTORC1 couples growth to availability of free amino acids.",SUPPORTS,SUPPORTS,0.0010214518988505006,0.9982370138168335,0.0007414946448989213
744,4138659,Macropinocytosis contributes to a cell's supply of amino acids via the intracellular uptake of protein.,"Macropinocytosis of protein is an amino acid supply route in Ras-transformed cells Here we show that Ras-transformed cells use macropinocytosis to transport extracellular protein into the cell. The internalized protein undergoes proteolytic degradation, yielding amino acids including glutamine that can enter central carbon metabolism.",NOINFO,SUPPORTS,0.0004661018610931933,0.9988162517547607,0.00071769516216591
744,6454371,Macropinocytosis contributes to a cell's supply of amino acids via the intracellular uptake of protein.,"Macropinocytosis: an endocytic pathway for internalising large gulps. Macropinocytosis is a regulated form of endocytosis that mediates the non-selective uptake of solute molecules, nutrients and antigens. Here, we review the general characteristics of macropinocytosis, describe some of the regulators of this pathway, which have been identified to date and highlight strategies to explore the relevance of this endocytosis pathway in vivo.",NOINFO,NOINFO,0.9821135401725769,0.0175499077886343,0.00033661728957667947
744,33920995,Macropinocytosis contributes to a cell's supply of amino acids via the intracellular uptake of protein.,"RKIKK motif in the intracellular domain is critical for spatial and dynamic organization of ICAM-1: functional implication for the leukocyte adhesion and transmigration. However, truncation of the intracellular domain resulted in uniform cell surface distribution of ICAM-1. Mutation analysis revealed that the C-terminal 21 amino acids are dispensable, whereas a segment of 5 amino acids ((507)RKIKK(511)) in the NH-terminal third of intracellular domain, is required for the proper localization and dynamic distribution of ICAM-1 and the association of ICAM-1 with F-actin, ezrin, and moesin.",NOINFO,NOINFO,0.9998325109481812,0.00012171365233371034,4.574834383674897e-05
744,9169645,Macropinocytosis contributes to a cell's supply of amino acids via the intracellular uptake of protein.,"Identification of a novel p53 functional domain that is necessary for mediating apoptosis. In an effort to more precisely map a domain necessary for apoptosis within the N terminus, we found that deletion of the N-terminal 23 amino acids compromises, but does not abolish, p53 induction of apoptosis. A more extensive deletion, which eliminates the N-terminal 63 amino acids, renders p53 completely inert in mediating apoptosis.",NOINFO,NOINFO,0.999847412109375,9.761029650690034e-05,5.4968717449810356e-05
756,2831620,Many proteins in human cells can be post-translationally modified at lysine residues via acetylation.,"Protein Lysine Acetylated/Deacetylated Enzymes and the Metabolism-Related Diseases Lysine acetylation is a reversible posttranslational modifcation, an epigenetic phenomenon, referred to as transfer of an acetyl group from acetyl CoA to lysine e- amino group of targeted protein, which is modulated by acetyltransferases (histone/ lysine (K) acetyltransferases, HATs/KATs) and deacetylases (histone/lysine (K) deacetylases, HDACs/KDACs). Thus disorders of lysine acetylation may be correlated with obesity, diabetes and cardiovascular disease, which are termed as the metabolic complication.",SUPPORTS,SUPPORTS,0.48159992694854736,0.517691433429718,0.0007086662808433175
756,17919731,Many proteins in human cells can be post-translationally modified at lysine residues via acetylation.,BRIEFINGS IN FUNCTIONAL GENOMICS AND PROTEOMICS. VOL 5. NO 3. 209^221 doi:10.1093/bfgp/ell028 Histone acetylation in gene regulation Many biological processes are regulated via post-translational modifications of key proteins. Acetylation of lysine residues at the N-terminal histone tails is one of the most studied covalent modifications influencing gene regulation in eukaryotic cells.,NOINFO,NOINFO,0.5624342560768127,0.43589067459106445,0.0016750919166952372
756,3230361,Many proteins in human cells can be post-translationally modified at lysine residues via acetylation.,"Generation and characterization of methyl-lysine histone antibodies. Histone amino-termini (tails) protrude from the nucleosome core and are subject to a variety of post-translational modifications, including acetylation (on lysine residues), phosphorylation (on serine and threonine residues), methylation (on lysine and arginine residues), ubiquitination (on lysine residues), and ADP-ribosylation (on glutamic acid residues). It is without doubt that the development of high-quality, position-specific methyl-lysine histone antibodies can provide important tools for the further decoding of the epigenetic information, which is in part, indexed by distinct methylation states of selective lysine residues in the histone amino-termini.",NOINFO,NOINFO,0.9994822144508362,0.00046915357233956456,4.858680404140614e-05
756,27134527,Many proteins in human cells can be post-translationally modified at lysine residues via acetylation.,"The growing landscape of lysine acetylation links metabolism and cell signalling Lysine acetylation is a conserved protein post-translational modification that links acetyl-coenzyme A metabolism and cellular signalling. Recent advances in the identification and quantification of lysine acetylation by mass spectrometry have increased our understanding of lysine acetylation, implicating it in many biological processes through the regulation of protein interactions, activity and localization.",NOINFO,SUPPORTS,0.3857821524143219,0.6134753227233887,0.0007425561198033392
756,25901598,Many proteins in human cells can be post-translationally modified at lysine residues via acetylation.,"An acetylation switch in p53 mediates holo-TFIID recruitment. The acetylation of the p53 transcription factor, for example, promotes transcriptional activation of target genes including p21. Here we show that the acetylation of two lysine residues in p53 promotes recruitment of the TFIID subunit TAF1 to the p21 promoter through its bromodomains.",NOINFO,NOINFO,0.8754821419715881,0.12416977435350418,0.0003480867890175432
759,1805641,Mathematical models predict that using Artemisinin-based combination therapy over nongametocytocidal drugs have a dramatic impact in reducing malaria transmission.,"Modelling the Impact of Artemisinin Combination Therapy and Long-Acting Treatments on Malaria Transmission Intensity With the increased interest in malaria elimination, understanding the impact on transmission of ACT and other antimalarial drugs with different pharmacodynamics becomes a key issue. METHODS AND FINDINGS We developed a mathematical model to predict the potential impact on transmission outcomes of introducing ACT as first-line treatment for uncomplicated malaria in six areas of varying transmission intensity in Tanzania.",REFUTES,SUPPORTS,0.0016526023391634226,0.997918426990509,0.00042900716653093696
759,10617916,Mathematical models predict that using Artemisinin-based combination therapy over nongametocytocidal drugs have a dramatic impact in reducing malaria transmission.,"Moderate effect of artemisinin-based combination therapy on transmission of Plasmodium falciparum. Artemisinin-based combination therapy (ACT) reduces microscopically confirmed gametocytemia and mosquito infection. Our findings should be interpreted in the context of transmission intensity, but the effect of ACT on malaria transmission appears to be moderate and restricted to the duration of gametocyte carriage and the proportion of mosquitoes that are infected by carriers.",NOINFO,NOINFO,0.99982750415802,0.00012730529124382883,4.5215132558951154e-05
759,13948920,Mathematical models predict that using Artemisinin-based combination therapy over nongametocytocidal drugs have a dramatic impact in reducing malaria transmission.,Quality Testing of Artemisinin-Based Antimalarial Drugs in Myanmar. Artemisinin-based combination therapies are the frontline treatment of Plasmodium falciparum malaria. The circulation of falsified and substandard artemisinin-based antimalarials in Southeast Asia has been a major predicament for the malaria elimination campaign.,NOINFO,NOINFO,0.999845027923584,0.0001088919016183354,4.601776527124457e-05
759,3929361,Mathematical models predict that using Artemisinin-based combination therapy over nongametocytocidal drugs have a dramatic impact in reducing malaria transmission.,"Optimising Strategies for Plasmodium falciparum Malaria Elimination in Cambodia: Primaquine, Mass Drug Administration and Artemisinin Resistance A recent field study in an area of low seasonal transmission in South West Cambodia demonstrated dramatic reductions in malaria parasite prevalence following both mass drug administration (MDA) and high treatment coverage of symptomatic patients with artemisinin-piperaquine plus primaquine. MDA with artemisinin combination therapy (ACT) increased the proportion of artemisinin resistant infections, although much less than treatment of symptomatic cases with ACT, and this increase was slowed by adding primaquine.",NOINFO,NOINFO,0.9997156262397766,0.0002300445776199922,5.4321153584169224e-05
759,18074797,Mathematical models predict that using Artemisinin-based combination therapy over nongametocytocidal drugs have a dramatic impact in reducing malaria transmission.,Reducing Plasmodium falciparum Malaria Transmission in Africa: A Model-Based Evaluation of Intervention Strategies We incorporated the effect of the switch to artemisinin-combination therapy (ACT) and increasing coverage of long-lasting insecticide treated nets (LLINs) from the year 2000 onwards. CONCLUSIONS Interventions using current tools can result in major reductions in P. falciparum malaria transmission and the associated disease burden in Africa.,NOINFO,NOINFO,0.9991024732589722,0.0008327794494107366,6.484724872279912e-05
768,6421792,Mercaptopurine is anabolized into the inactive methylmercaptopurine by thiopurine methyltrasnferase (TPMT).,Activating mutations in the NT5C2 nucleotidase gene drive chemotherapy resistance in relapsed ALL NT5C2 mutant proteins show increased nucleotidase activity in vitro and conferred resistance to chemotherapy with 6-mercaptopurine and 6-thioguanine when expressed in ALL lymphoblasts. These results support a prominent role for activating mutations in NT5C2 and increased nucleoside-analog metabolism in disease progression and chemotherapy resistance in ALL.,NOINFO,NOINFO,0.9998471736907959,0.00010249467595713213,5.024546044296585e-05
768,19497526,Mercaptopurine is anabolized into the inactive methylmercaptopurine by thiopurine methyltrasnferase (TPMT).,"A common missense variant in NUDT15 confers susceptibility to thiopurine-induced leukopenia This leukopenia is associated with genetic variation in TPMT (encoding thiopurine S-methyltransferase). In Koreans, this variant demonstrated sensitivity and specificity of 89.4% and 93.2%, respectively, for thiopurine-induced early leukopenia (in comparison to 12.1% and 97.6% for TPMT variants).",NOINFO,NOINFO,0.9998810291290283,7.030842243693769e-05,4.860619083046913e-05
768,1373287,Mercaptopurine is anabolized into the inactive methylmercaptopurine by thiopurine methyltrasnferase (TPMT).,"Prognostic importance of 6-mercaptopurine dose intensity in acute lymphoblastic leukemia. 6-Mercaptopurine (6MP) and methotrexate are the backbone of continuation therapy for childhood acute lymphoblastic leukemia (ALL). A total of 709 TGN, 418 MTX-PG, and 267 thiopurine methyltransferase (TPMT) measurements, along with complete dose intensity information (dose received divided by protocol dose per week) for 19,046 weeks of 6MP and methotrexate, were analyzed.",NOINFO,NOINFO,0.9997593760490417,0.00018703310342971236,5.3690637287218124e-05
768,2817000,Mercaptopurine is anabolized into the inactive methylmercaptopurine by thiopurine methyltrasnferase (TPMT).,"Histone Variant H2A.Z Marks the 5′ Ends of Both Active and Inactive Genes in Euchromatin Astonishingly, enrichment at 5' ends is observed not only at actively transcribed genes but also at inactive loci. This segment contains a binding site of the Myb-related protein Reb1 and an adjacent dT:dA tract.",NOINFO,NOINFO,0.9998525381088257,0.00010070929420180619,4.67427889816463e-05
770,15476777,Metastatic colorectal cancer treated with a single agent fluoropyrimidines resulted in reduced efficacy and lower quality of life when compared with oxaliplatin-based chemotherapy in elderly patients.,"Chemotherapy options in elderly and frail patients with metastatic colorectal cancer (MRC FOCUS2): an open-label, randomised factorial trial BACKGROUND Elderly and frail patients with cancer, although often treated with chemotherapy, are under-represented in clinical trials. On balance, a combination including oxaliplatin was preferable to single-agent fluoropyrimidines, although the primary endpoint of PFS was not met.",SUPPORTS,REFUTES,0.00017395743634551764,0.000275819911621511,0.9995501637458801
770,2492146,Metastatic colorectal cancer treated with a single agent fluoropyrimidines resulted in reduced efficacy and lower quality of life when compared with oxaliplatin-based chemotherapy in elderly patients.,"Comparative Safety of Targeted Therapies for Metastatic Colorectal Cancer between Elderly and Younger Patients: a Study Using the International Pharmacovigilance Database Metastatic colorectal cancer (mCRC) is increasingly treated using targeted therapies. Selected elderly patients could, therefore, be treated with these targeted therapies.",NOINFO,NOINFO,0.9993984699249268,0.00013785976625513285,0.0004636489029508084
770,7165938,Metastatic colorectal cancer treated with a single agent fluoropyrimidines resulted in reduced efficacy and lower quality of life when compared with oxaliplatin-based chemotherapy in elderly patients.,Overexpression of the circadian clock gene Bmal1 increases sensitivity to oxaliplatin in colorectal cancer. Immunohistochemistry was used to analyze Bmal1 expression in 82 archived colorectal cancer tumors from patients treated with oxaliplatin-based regimens. RESULTS Bmal1 overexpression inhibited colorectal cancer cell proliferation and increased colorectal cancer sensitivity to oxaliplatin in three colorectal cancer cell lines and HCT116 cells model in vivo.,NOINFO,NOINFO,0.9997450709342957,9.422865696251392e-05,0.000160601717652753
770,20606520,Metastatic colorectal cancer treated with a single agent fluoropyrimidines resulted in reduced efficacy and lower quality of life when compared with oxaliplatin-based chemotherapy in elderly patients.,"Long-term survival, quality of life, and quality-adjusted life-years among critically ill elderly patients. OBJECTIVES To assess mortality, quality of life (QOL), and quality-adjusted life-years (QALYs) for critically ill elderly patients. All elderly patients with day-1 Sequential Organ Failure (SOFA) scores >15 died during the ICU stay.",NOINFO,NOINFO,0.999491810798645,6.178100738907233e-05,0.00044636413804255426
770,9558539,Metastatic colorectal cancer treated with a single agent fluoropyrimidines resulted in reduced efficacy and lower quality of life when compared with oxaliplatin-based chemotherapy in elderly patients.,"CD44v6 is a marker of constitutive and reprogrammed cancer stem cells driving colon cancer metastasis. Here, we show that all colorectal cancer stem cells (CR-CSCs) express CD44v6, which is required for their migration and generation of metastatic tumors. Thus, the metastatic process in colorectal cancer is initiated by CSCs through the expression of CD44v6, which is both a functional biomarker and therapeutic target.",NOINFO,NOINFO,0.9998530149459839,4.583872578223236e-05,0.00010110351286130026
775,32275758,Mice defective for deoxyribonucleic acid (DNA) polymerase I (polI) reveal increased sensitivity to ionizing radiation (IR).,"Nonoverlapping functions of DNA polymerases mu, lambda, and terminal deoxynucleotidyltransferase during immunoglobulin V(D)J recombination in vivo. DNA polymerases mu (pol mu), lambda (pol lambda), and terminal deoxynucleotidyltransferase (TdT) are enzymes of the pol X family that share homology in sequence and functional domain organization. We show here that immunoglobulin heavy chain junctions from pol lambda-deficient animals have shorter length with normal N-additions, thus indicating that pol lambda is recruited during heavy chain rearrangement at a step that precedes the action of TdT. In contrast to previous in vitro studies, analysis of animals with combined inactivation of these enzymes revealed no overlapping or compensatory activities for V(D)J recombination between pol mu, pol lambda, and TdT. This complex usage of polymerases with distinct catalytic specificities may correspond to the specific function that the third hypervariable region assumes for each immunoglobulin chain, with pol lambda maintaining a large heavy chain junctional heterogeneity and pol mu ensuring a restricted light chain junctional variability.",NOINFO,NOINFO,0.9998791217803955,7.044574886094779e-05,5.044372664997354e-05
775,11569583,Mice defective for deoxyribonucleic acid (DNA) polymerase I (polI) reveal increased sensitivity to ionizing radiation (IR).,"Deregulated DNA polymerase β strengthens ionizing radiation-induced nucleotidic and chromosomal instabilities DNA polymerase β (Pol β) is an error-prone enzyme which has been found to be overexpressed in several human tumors. We also found that the surviving cells displayed an hypermutator phenotype which could be explained by different pathways involving Pol β, such as (i) an increased capacity to incorporate into DNA the mutagenic dGTP analog, 8-oxo-dGTP, one of the most abundant purine-derived nucleotides exposed to γ-irradiation, (ii) the induction of IR-induced DNA breaks and (iii) accumulation of chromosome aberrations induced by radiation.",NOINFO,NOINFO,0.9998881816864014,6.025598486303352e-05,5.14391103934031e-05
775,27635177,Mice defective for deoxyribonucleic acid (DNA) polymerase I (polI) reveal increased sensitivity to ionizing radiation (IR).,"Association of DNA polymerase mu (pol mu) with Ku and ligase IV: role for pol mu in end-joining double-strand break repair. Mammalian DNA polymerase mu (pol mu) is related to terminal deoxynucleotidyl transferase, but its biological role is not yet clear. We show here that after exposure of cells to ionizing radiation (IR), levels of pol mu protein increase.",NOINFO,NOINFO,0.9998434782028198,0.00012607013923116028,3.0356490242411382e-05
775,12552297,Mice defective for deoxyribonucleic acid (DNA) polymerase I (polI) reveal increased sensitivity to ionizing radiation (IR).,"The DNA polymerase λ is required for the repair of non-compatible DNA double strand breaks by NHEJ in mammalian cells DNA polymerase lambda (polλ) is a recently identified DNA polymerase whose cellular function remains elusive. Furthermore, polλDN-expressing cells exhibit increased sensitization and genomic instability in response to ionizing radiation similar to that of NHEJ-defective cells.",NOINFO,NOINFO,0.9998793601989746,8.71589727466926e-05,3.347176971146837e-05
781,24338780,Mice that lack Interferon-γ or its receptor exhibit high resistance to experimental autoimmune myocarditis.,"Lethal autoimmune myocarditis in interferon-gamma receptor-deficient mice: enhanced disease severity by impaired inducible nitric oxide synthase induction. Although myocarditis subsided in wild-type mice after 3 weeks, IFN-gammaR(-/-) mice showed persistent disease. CONCLUSIONS Our data provide evidence that IFN-gamma protects mice from lethal autoimmune myocarditis by inducing the expression of inducible nitric oxide synthase followed by the downregulation of T-cell responses.",REFUTES,SUPPORTS,0.0004856200539506972,0.9988228678703308,0.00069155462551862
781,8246922,Mice that lack Interferon-γ or its receptor exhibit high resistance to experimental autoimmune myocarditis.,the Development of Autoimmune Myocarditis in Mice by an Methods and Results- We examined the role of IL-12 receptor (IL-12R) signaling in the development of murine experimental autoimmune myocarditis (EAM) induced by cardiac myosin immunization. Lack of IFN-gamma due to either depletion with an antibody or a genetic deficiency exacerbated myocarditis.,NOINFO,SUPPORTS,0.0005812702002003789,0.9989244341850281,0.0004942820523865521
781,40632104,Mice that lack Interferon-γ or its receptor exhibit high resistance to experimental autoimmune myocarditis.,"Dual role of the IL-12/IFN-gamma axis in the development of autoimmune myocarditis: induction by IL-12 and protection by IFN-gamma. We investigated the role of the IL-12/IFN-gamma (Th1) axis in the development of autoimmune myocarditis. In conclusion, our results suggest that the IL-12/IFN-gamma axis is a double-edged sword for the development of autoimmune myocarditis.",NOINFO,NOINFO,0.9997507929801941,0.00020421382214408368,4.503539821598679e-05
781,39084565,Mice that lack Interferon-γ or its receptor exhibit high resistance to experimental autoimmune myocarditis.,"CD11b+ monocytes abrogate Th17 CD4+ T cell-mediated experimental autoimmune myocarditis. Experimental autoimmune myocarditis (EAM) represents a Th17 T cell-mediated mouse model of postinflammatory heart disease. In IFN-gammaR(-/-) mice, however, EAM is exacerbated and shows a chronic progressive disease course.",NOINFO,NOINFO,0.9997726082801819,0.00014396640472114086,8.348425762960687e-05
781,6270720,Mice that lack Interferon-γ or its receptor exhibit high resistance to experimental autoimmune myocarditis.,"Myeloid differentiation factor-88/interleukin-1 signaling controls cardiac fibrosis and heart failure progression in inflammatory dilated cardiomyopathy. RATIONALE The myeloid differentiation factor (MyD)88/interleukin (IL)-1 axis activates self-antigen-presenting cells and promotes autoreactive CD4(+) T-cell expansion in experimental autoimmune myocarditis, a mouse model of inflammatory heart disease. OBJECTIVE The aim of this study was to determine the role of MyD88 and IL-1 in the progression of acute myocarditis to an end-stage heart failure.",NOINFO,NOINFO,0.9994200468063354,0.0005112227518111467,6.878227577544749e-05
783,40632104,Mice without IFN-γ or its receptor are resistant to EAM induced with α-MyHC/CFA.,"Dual role of the IL-12/IFN-gamma axis in the development of autoimmune myocarditis: induction by IL-12 and protection by IFN-gamma. IL-12 and IFN-gamma positively regulate each other and type 1 inflammatory responses, which are believed to cause tissue damage in autoimmune diseases. However, IFN-gamma-deficient mice developed fatal autoimmune disease, and blockade of IL-4R signaling did not confer susceptibility to myocarditis in IL-12p40-deficient mice, demonstrating that IL-12 triggers autoimmunity by a mechanism independent of the effector cytokines IFN-gamma and IL-4.",NOINFO,NOINFO,0.9997925162315369,0.0001538543147034943,5.369241625885479e-05
783,39084565,Mice without IFN-γ or its receptor are resistant to EAM induced with α-MyHC/CFA.,"CD11b+ monocytes abrogate Th17 CD4+ T cell-mediated experimental autoimmune myocarditis. In BALB/c wild-type mice, EAM is a self-limiting disease, peaking 21 days after alpha-myosin H chain peptide (MyHC-alpha)/CFA immunization and largely resolving thereafter. Finally, coinjection of MyHC-alpha-specific, but not OVA-transgenic, IFN-gamma-releasing CD4(+) Th1 T cell lines, together with MyHC-alpha-specific Th17 T cells protected RAG2(-/-) mice from EAM.",NOINFO,NOINFO,0.9997346997261047,0.0001599739189259708,0.00010532408487051725
783,8246922,Mice without IFN-γ or its receptor are resistant to EAM induced with α-MyHC/CFA.,"the Development of Autoimmune Myocarditis in Mice by an Methods and Results- We examined the role of IL-12 receptor (IL-12R) signaling in the development of murine experimental autoimmune myocarditis (EAM) induced by cardiac myosin immunization. On the contrary, we found that IFN-gamma suppresses EAM.",NOINFO,NOINFO,0.9389384984970093,0.06052465736865997,0.000536844483576715
783,6270720,Mice without IFN-γ or its receptor are resistant to EAM induced with α-MyHC/CFA.,"Myeloid differentiation factor-88/interleukin-1 signaling controls cardiac fibrosis and heart failure progression in inflammatory dilated cardiomyopathy. METHODS AND RESULTS Using alpha-myosin heavy chain peptide (MyHC-alpha)-loaded, activated dendritic cells, we induced myocarditis in wild-type and MyD88(-/-) mice with similar distributions of heart-infiltrating cell subsets and comparable CD4(+) T-cell responses. Injection of complete Freund's adjuvant (CFA) or MyHC-alpha/CFA into diseased mice promoted cardiac fibrosis, induced ventricular dilation, and impaired heart function in wild-type but not in MyD88(-/-) mice.",NOINFO,NOINFO,0.9993062019348145,0.0005061969859525561,0.0001876800088211894
784,2356950,MicroRNA is involved in the regulation of Neural Stem Cell (NSC) differentiation and proliferation dynamic homeostasis,"Epigenetic regulation of miR-184 by MBD1 governs neural stem cell proliferation and differentiation. We have previously demonstrated that MBD1 deficiency impairs adult neural stem/progenitor cell (aNSC) differentiation and neurogenesis, but the underlying mechanism was unclear. Therefore, MBD1, miR-184, and Numbl form a regulatory network that helps control the balance between proliferation and differentiation of aNSCs.",SUPPORTS,SUPPORTS,0.0030983337201178074,0.9965527057647705,0.00034898403100669384
784,16999023,MicroRNA is involved in the regulation of Neural Stem Cell (NSC) differentiation and proliferation dynamic homeostasis,"Cell Stem Cell Article In Vivo Fate Analysis Reveals the Multipotent and Self-Renewal Capacities of Sox2 + Neural Stem Cells in the Adult Hippocampus To characterize the properties of adult neural stem cells (NSCs), we generated and analyzed Sox2-GFP transgenic mice. An asymmetric contribution of Sox2+ NSCs may play an important role in maintaining the constant size of the NSC pool and producing newly born neurons during adult neurogenesis.",NOINFO,NOINFO,0.9996297359466553,0.00032375400769524276,4.6459354052785784e-05
784,25597580,MicroRNA is involved in the regulation of Neural Stem Cell (NSC) differentiation and proliferation dynamic homeostasis,"Quiescent and active hippocampal neural stem cells with distinct morphologies respond selectively to physiological and pathological stimuli and aging. New neurons are generated in the adult hippocampus throughout life by neural stem/progenitor cells (NSCs), and neurogenesis is a plastic process responsive to external stimuli. Physical exercise activates the quiescent radial population whereas epileptic seizures induce expansion of the horizontal NSC pool.",NOINFO,NOINFO,0.9996645450592041,0.00029164188890717924,4.390252797747962e-05
784,23535770,MicroRNA is involved in the regulation of Neural Stem Cell (NSC) differentiation and proliferation dynamic homeostasis,"Potential role of NF-kappaB in adult neural stem cells: the underrated steersman? Informations are now emerging about regulation of stem cell proliferation, migration and differentiation by numerous soluble factors such as chemokines and cytokines. Recent data suggest an important role of NF-kappaB on proliferation, migration and differentiation of neural stem cells.",NOINFO,NOINFO,0.9991604089736938,0.0006992596900090575,0.00014027109136804938
784,28530299,MicroRNA is involved in the regulation of Neural Stem Cell (NSC) differentiation and proliferation dynamic homeostasis,"Division-coupled astrocytic differentiation and age-related depletion of neural stem cells in the adult hippocampus. Here we show that continuous depletion of the neural stem cell pool, as a consequence of their division, may contribute to the age-related decrease in hippocampal neurogenesis. We present a scheme of the neurogenesis cascade in the adult hippocampus that includes a proposed ""disposable stem cell"" model and accounts for the disappearance of hippocampal neural stem cells, the appearance of new astrocytes, and the age-related decline in the production of new neurons.",NOINFO,NOINFO,0.9996246099472046,0.0003125681832898408,6.276225758483633e-05
785,12471115,Microarray results from culture-amplified mixtures of serotypes correlate poorly with microarray results from uncultured mixtures.,"The PneuCarriage Project: A Multi-Centre Comparative Study to Identify the Best Serotyping Methods for Examining Pneumococcal Carriage in Vaccine Evaluation Studies Over 90 different serotypes exist, and nasopharyngeal carriage of multiple serotypes is common. Microarray with a culture amplification step was the top-performing method.",NOINFO,NOINFO,0.9676654934883118,0.0008485926082357764,0.031485967338085175
785,54440,Microarray results from culture-amplified mixtures of serotypes correlate poorly with microarray results from uncultured mixtures.,"Empirical Bayesian models for analysing molecular serotyping microarrays RESULTS We propose an empirical Bayesian model for calculating the probabilities of combinations of serotypes from the microarray data. For serotypes which are very similar in capsular gene composition, extra probes are included on the microarray, providing additional information which is integrated into the Bayesian model.",NOINFO,NOINFO,0.999634861946106,0.00010187424049945548,0.0002632114919833839
785,20649327,Microarray results from culture-amplified mixtures of serotypes correlate poorly with microarray results from uncultured mixtures.,"A sequential model for peptide binding and transport by the transporters associated with antigen processing. Random peptide mixtures of 9-16 aa display significantly higher affinity for the binding site than mixtures of shorter or longer peptides. Peptide binds to TAP heteromers in the absence of ATP and is released by the binding of ATP, suggesting a model for TAP function.",NOINFO,NOINFO,0.9998372793197632,4.5927619794383645e-05,0.00011682304466376081
785,8202880,Microarray results from culture-amplified mixtures of serotypes correlate poorly with microarray results from uncultured mixtures.,"BIOINFORMATICS APPLICATIONS NOTE SUMMARY MADE4, microarray ade4, is a software package that facilitates multivariate analysis of microarray gene-expression data. In addition, MADE4 provides new graphical and visualization tools that aid in interpretation of multivariate analysis of microarray data.",NOINFO,NOINFO,0.9998487234115601,6.566065712831914e-05,8.563764276914299e-05
793,8551160,Mitochondria are uninvolved in apoptosis.,"Mitochondria: Dynamic Organelles in Disease, Aging, and Development Mitochondria are the primary energy-generating system in most eukaryotic cells. Clearly, much about the basic biology of mitochondria remains to be understood.",REFUTES,REFUTES,0.000294142693746835,0.00029185364837758243,0.9994139671325684
793,6712836,Mitochondria are uninvolved in apoptosis.,"MiD49 and MiD51, new components of the mitochondrial fission machinery. Mitochondria form intricate networks through fission and fusion events. Thus, MiD49/51 are new mediators of mitochondrial division affecting Drp1 action at mitochondria.",NOINFO,NOINFO,0.9997953772544861,9.53441922320053e-05,0.0001093126556952484
793,8425533,Mitochondria are uninvolved in apoptosis.,"Elimination of paternal mitochondria in mouse embryos occurs through autophagic degradation dependent on PARKIN and MUL1 A defining feature of mitochondria is their maternal mode of inheritance. Both situations utilize mitophagy, in which mitochondria are sequestered by autophagosomes and delivered to lysosomes for degradation.",NOINFO,NOINFO,0.9988150596618652,0.00015581975458189845,0.001029054052196443
793,14835068,Mitochondria are uninvolved in apoptosis.,"Melatonin: A Mitochondrial Targeting Molecule Involving Mitochondrial Protection and Dynamics Melatonin has been speculated to be mainly synthesized by mitochondria. Recently, melatonin has been found to promote mitophagy and improve homeostasis of mitochondria.",NOINFO,NOINFO,0.9995571970939636,6.87917199684307e-05,0.0003740699030458927
793,23403754,Mitochondria are uninvolved in apoptosis.,"Bioenergetic aspects of apoptosis, necrosis and mitoptosis (I) ATP and rather often mitochondrial hyperpolarization (i.e. an increase in membrane potential, ΔΨ) are required for certain steps of apoptosis and necrosis. ROS initiate mitoptosis which is postulated to rid the intracellular population of mitochondria from those that are ROS overproducing.",NOINFO,NOINFO,0.9994066953659058,0.0001233365765074268,0.0004700352728832513
800,22543403,Modifying the epigenome in the brain affects the normal human aging process by affecting certain genes related to neurogenesis.,"Epigenetic mechanisms in neurological disease The exploration of brain epigenomes, which consist of various types of DNA methylation and covalent histone modifications, is providing new and unprecedented insights into the mechanisms of neural development, neurological disease and aging. Here, we describe how recent advances in neuroepigenetics have contributed to an improved mechanistic understanding of developmental and degenerative brain disorders, and we discuss how they could influence the development of future therapies for these conditions.",NOINFO,SUPPORTS,0.010729668661952019,0.9887585639953613,0.000511731079313904
800,9291668,Modifying the epigenome in the brain affects the normal human aging process by affecting certain genes related to neurogenesis.,"DNA methylation and healthy human aging Epigenetic patterns also change over the lifespan, suggesting that epigenetic changes may constitute an important component of the aging process. In this review, we focus on healthy human aging throughout the lifetime and discuss the dynamics of DNA methylation as well as how interactions between the genome, environment, and the epigenome influence aging rates.",NOINFO,NOINFO,0.9992121458053589,0.0007371625397354364,5.060738112661056e-05
800,4679264,Modifying the epigenome in the brain affects the normal human aging process by affecting certain genes related to neurogenesis.,"DNA Methylation in the Human Cerebral Cortex Is Dynamically Regulated throughout the Life Span and Involves Differentiated Neurons Here, we examined by MethyLight PCR the DNA methylation status at 50 loci, encompassing primarily 5′ CpG islands of genes related to CNS growth and development, in temporal neocortex of 125 subjects ranging in age from 17 weeks of gestation to 104 years old. Therefore, DNA methylation is dynamically regulated in the human cerebral cortex throughout the lifespan, involves differentiated neurons, and affects a substantial portion of genes predominantly by an age-related increase.",NOINFO,NOINFO,0.9682430624961853,0.03166060149669647,9.638925257604569e-05
800,22264117,Modifying the epigenome in the brain affects the normal human aging process by affecting certain genes related to neurogenesis.,"The Aging Epigenome. These epigenomic changes are not only observed during aging but also profoundly affect cellular function and stress resistance, thereby contributing to the progression of aging. Understanding age-dependent epigenomic changes will yield key insights into how aging begins and progresses and should lead to the development of new therapeutics that delay or even reverse aging and age-related diseases.",NOINFO,NOINFO,0.9997661709785461,0.00019601034000515938,3.77763390133623e-05
805,22180793,Monoclonal antibody targeting of N-cadherin inhibits metastasis.,"Monoclonal antibody targeting of N-cadherin inhibits prostate cancer growth, metastasis and castration resistance Monoclonal antibodies against the ectodomain of N-cadherin reduced proliferation, adhesion and invasion of prostate cancer cells in vitro. Therapeutic targeting of this factor with monoclonal antibodies may have considerable clinical benefit.",SUPPORTS,SUPPORTS,0.0009750385652296245,0.9986080527305603,0.0004169088206253946
805,36642096,Monoclonal antibody targeting of N-cadherin inhibits metastasis.,Anti-CD3 monoclonal antibody in new-onset type 1 diabetes mellitus. Preclinical studies suggested that a monoclonal antibody against CD3 could reverse hyperglycemia at presentation and induce tolerance to recurrent disease. Glycosylated hemoglobin levels and insulin doses were also reduced in the monoclonal-antibody group.,NOINFO,NOINFO,0.9998670816421509,8.431150490650907e-05,4.860551416641101e-05
805,27907205,Monoclonal antibody targeting of N-cadherin inhibits metastasis.,"Characteristics of a monoclonal antibody (RM124) against acute myelocytic leukemia cells. A monoclonal antibody was raised against cells from an experimental rat myelocytic leukemia (BNML). The monoclonal antibody (MCA) RM124 was characterized with respect to its labeling pattern of BNML leukemia cells, normal rat bone marrow cells, and the hemopoietic stem cell (HSC), by flow cytometric methods and complement-dependent cytotoxicity assays.",NOINFO,NOINFO,0.9998610019683838,9.516440331935883e-05,4.3825479224324226e-05
805,33904789,Monoclonal antibody targeting of N-cadherin inhibits metastasis.,"""Sandwich""-type immunoassay of carcinoembryonic antigen in patients receiving murine monoclonal antibodies for diagnosis and therapy. Measurements of carcinoembryonic antigen (CEA) in blood increased dramatically in some patients who were receiving injections of monoclonal antibody. CEA titers were measured with a monoclonal antibody-based double-determinant enzyme immunoassay in which untreated plasma specimens were diluted with an equal volume of buffer containing mouse serum.",NOINFO,NOINFO,0.9998754262924194,7.982518582139164e-05,4.4690503273159266e-05
805,7986878,Monoclonal antibody targeting of N-cadherin inhibits metastasis.,"Anti-alphav integrin monoclonal antibody intetumumab enhances the efficacy of radiation therapy and reduces metastasis of human cancer xenografts in nude rats. We previously reported that intetumumab (CNTO 95), a fully human anti-αv integrin monoclonal antibody, is a radiosensitizer in mice with xenograft tumors. Effects on tumor growth and metastasis, blood perfusion, oxygenation, and gastrointestinal toxicity were studied.",NOINFO,NOINFO,0.9998513460159302,0.00011345173697918653,3.514570926199667e-05
808,36606083,Most termination events in Okazaki fragments are sequence specific.,"Quantitative, genome-wide analysis of eukaryotic replication initiation and termination. Via the deep sequencing of Okazaki fragments, we comprehensively document replication fork directionality throughout the S. cerevisiae genome, which permits the systematic analysis of initiation, origin efficiency, fork progression, and termination. Using a strain in which late origins can be induced to fire early, we show that replication termination is a largely passive phenomenon that does not rely on cis-acting sequences or replication fork pausing.",SUPPORTS,SUPPORTS,0.0008922236738726497,0.883948802947998,0.11515893042087555
808,23664875,Most termination events in Okazaki fragments are sequence specific.,The Tof1p-Csm3p protein complex counteracts the Rrm3p helicase to control replication termination of Saccharomyces cerevisiae. Termination of replication forks at the natural termini of the rDNA of Saccharomyces cerevisiae is controlled in a sequence-specific and polar mode by the interaction of the Fob1p replication terminator protein with the tandem Ter sites located in the nontranscribed spacers. This mechanism is not restricted to the natural Ter sites but was also observed at fork arrest caused by the meeting of a replication fork with transcription approaching from the opposite direction.,NOINFO,NOINFO,0.9998809099197388,6.168446270748973e-05,5.7384058891329914e-05
808,9091863,Most termination events in Okazaki fragments are sequence specific.,"An RNA-directed nuclease mediates post-transcriptional gene silencing in Drosophila cells. In a diverse group of organisms that includes Caenorhabditis elegans, Drosophila, planaria, hydra, trypanosomes, fungi and plants, the introduction of double-stranded RNAs inhibits gene expression in a sequence-specific manner. After partial purification, the sequence-specific nuclease co-fractionates with a discrete, approximately 25-nucleotide RNA species which may confer specificity to the enzyme through homology to the substrate mRNAs.",NOINFO,NOINFO,0.9998655319213867,7.858684693928808e-05,5.5944521591300145e-05
808,36180468,Most termination events in Okazaki fragments are sequence specific.,"Processing of the beta-amyloid precursor. Multiple proteases generate and degrade potentially amyloidogenic fragments. The use of acidotropic agents and inhibitors to a specific class of lysosomal protease, coupled with metabolic labeling and immunoprecipitation, revealed that APP is degraded within an acidic compartment to produce at least 12 COOH-terminal fragments. Instead, the inhibitors prevented further degradation of the fragments.",NOINFO,NOINFO,0.9998601675033569,6.351704359985888e-05,7.631747575942427e-05
808,22003328,Most termination events in Okazaki fragments are sequence specific.,"A novel family of sequence-specific endoribonucleases associated with the clustered regularly interspaced short palindromic repeats. Mutagenesis of SSO1404 identified six residues (Tyr-9, Asp-10, Arg-17, Arg-19, Arg-31, and Phe-37) that are important for enzymatic activity and suggested that Asp-10 might be the principal catalytic residue. Thus, CAS2 proteins are sequence-specific endoribonucleases, and we propose that their role in the CRISPR-mediated anti-phage defense might involve degradation of phage or cellular mRNAs.",NOINFO,NOINFO,0.9998737573623657,6.841147114755586e-05,5.783371307188645e-05
811,19799455,Mutant mice lacking SVCT2 have greatly increased ascorbic acid levels in both brain and adrenals.,"Ascorbic-acid transporter Slc23a1 is essential for vitamin C transport into the brain and for perinatal survival We have created mice deficient in the mouse ortholog (solute carrier family 23 member 1 or Slc23a1) of a rat ascorbic-acid transporter, Svct2 (ref. Ascorbic-acid levels were undetectable or markedly reduced in the blood and tissues of Slc23a1−/− mice.",REFUTES,SUPPORTS,0.004083830863237381,0.9953846335411072,0.0005315133021213114
811,17081238,Mutant mice lacking SVCT2 have greatly increased ascorbic acid levels in both brain and adrenals.,Specific deficit of the ON response in visual transmission by targeted disruption of the mGIuR6 gene The homozygous mutant mice showed a loss of ON responses but unchanged OFF responses to light. The mutant mice displayed no obvious changes in retinal cell organization nor in the projection of optic fibers to the brain.,NOINFO,NOINFO,0.9998795986175537,7.382653711829334e-05,4.665284723159857e-05
811,43014661,Mutant mice lacking SVCT2 have greatly increased ascorbic acid levels in both brain and adrenals.,"Increased susceptibility to UV-induced skin carcinogenesis in polymerase eta-deficient mice. Xeroderma pigmentosum variant (XPV) patients with mutations in the DNA polymerase eta (pol eta) gene are hypersensitive to sunlight and have greatly increased susceptibility to sunlight-induced skin cancer. However, fibroblasts derived from these mutant mice are sensitive to killing by exposure to UV light, and all Pol eta-deficient mice develop skin tumors after UV irradiation, in contrast to the wild-type littermate controls that did not develop such tumors.",NOINFO,NOINFO,0.9998283386230469,0.00012411372154019773,4.7570552851539105e-05
811,34733465,Mutant mice lacking SVCT2 have greatly increased ascorbic acid levels in both brain and adrenals.,"Association of cystic fibrosis with abnormalities in fatty acid metabolism. We previously demonstrated that arachidonic acid levels are increased and docosahexaenoic acid levels are decreased in affected tissues from cystic fibrosis-knockout mice. In nasal tissue, this change reflected an increase in arachidonic acid levels and a decrease in docosahexaenoic acid levels.",NOINFO,NOINFO,0.999866247177124,8.316658204421401e-05,5.054170105722733e-05
811,13001323,Mutant mice lacking SVCT2 have greatly increased ascorbic acid levels in both brain and adrenals.,"SIRT1 deacetylase in SF1 neurons protects against metabolic imbalance. Here, we show that mice lacking SIRT1 in steroidogenic factor 1 (SF1) neurons are hypersensitive to dietary obesity owing to maladaptive energy expenditure. Also, mutant mice have increased susceptibility to developing dietary T2DM due to insulin resistance in skeletal muscle.",NOINFO,NOINFO,0.9997768998146057,0.00015842595894355327,6.476441194536164e-05
814,33387953,"Mutations in G-Beta protein GNB2 are present in many cancers, resulting in loss of interaction with G-alpha subunits and concomitant activation of AKT pathway.","Mutations in G protein beta subunits promote transformation and kinase inhibitor resistance Activating mutations in genes encoding G protein α (Gα) subunits occur in 4-5% of all human cancers, but oncogenic alterations in Gβ subunits have not been defined. Here we demonstrate that recurrent mutations in the Gβ proteins GNB1 and GNB2 confer cytokine-independent growth and activate canonical G protein signaling.",NOINFO,NOINFO,0.9992789626121521,0.0006751834880560637,4.590197204379365e-05
814,21307488,"Mutations in G-Beta protein GNB2 are present in many cancers, resulting in loss of interaction with G-alpha subunits and concomitant activation of AKT pathway.","HER-2/neu induces p53 ubiquitination via Akt-mediated MDM2 phosphorylation In this study, we show that HER-2/neu-mediated resistance to DNA-damaging agents requires the activation of Akt, which enhances MDM2-mediated ubiquitination and degradation of p53. Our study indicates that blocking the Akt pathway mediated by HER-2/neu would increase the cytotoxic effect of DNA-damaging drugs in tumour cells with wild-type p53.",NOINFO,NOINFO,0.9998236298561096,0.00013900012709200382,3.7411373341456056e-05
814,46305977,"Mutations in G-Beta protein GNB2 are present in many cancers, resulting in loss of interaction with G-alpha subunits and concomitant activation of AKT pathway.","Protein kinase CK2 modulates developmental functions of the abscisic acid responsive protein Rab17 from maize. We show the specific interaction of Rab17 with the CK2 regulatory subunits CK2 beta-1 and CK2 beta-3, and that these interactions do not depend on the phosphorylation state of Rab17. By contrast, catalytic CK2 alpha subunits and a Rab17 mutant protein (mRab17) that is not a substrate for CK2 phosphorylation remain accumulated in the nucleoli.",NOINFO,NOINFO,0.9996644258499146,0.00023048248840495944,0.00010511118307476863
814,13411519,"Mutations in G-Beta protein GNB2 are present in many cancers, resulting in loss of interaction with G-alpha subunits and concomitant activation of AKT pathway.","Gq protein alpha subunits Galphaq and Galpha11 are localized at postsynaptic extra-junctional membrane of cerebellar Purkinje cells and hippocampal pyramidal cells. Here we examined the expression and localization of Gq protein alpha subunits in the adult mouse brain by in situ hybridization and immunohistochemistry. Of the four members of the Gq protein alpha subunits, Galphaq and Galpha11 were transcribed predominantly in the brain.",NOINFO,NOINFO,0.9996994733810425,0.000216103348066099,8.446216816082597e-05
820,8646760,N-terminal cleavage increases success identifying transcription start sites.,"Identification and Functional Characterization of N-Terminally Acetylated Proteins in Drosophila melanogaster To identify common principles of N-terminal acetylation, we analyzed the amino-terminal peptides from proteins extracted from Drosophila Kc167 cells. Here, we present a straightforward strategy to systematically study the functional relevance of N-terminal acetylations in cells and whole organisms.",NOINFO,NOINFO,0.9998824596405029,6.55347466818057e-05,5.194360710447654e-05
820,5116145,N-terminal cleavage increases success identifying transcription start sites.,"A library of yeast transcription factor motifs reveals a widespread function for Rsc3 in targeting nucleosome exclusion at promoters. Several binding sequences have striking genomic distributions relative to transcription start sites, supporting their biological relevance and suggesting a role in promoter architecture. Among these are Rsc3 binding sequences, containing the core CGCG, which are found preferentially approximately 100 bp upstream of transcription start sites.",NOINFO,NOINFO,0.9998399019241333,8.630854426883161e-05,7.382361218333244e-05
820,3346812,N-terminal cleavage increases success identifying transcription start sites.,"Functions of DNA methylation: islands, start sites, gene bodies and beyond Now, thanks to improved genome-scale mapping of methylation, we can evaluate DNA methylation in different genomic contexts: transcriptional start sites with or without CpG islands, in gene bodies, at regulatory elements and at repeat sequences. The emerging picture is that the function of DNA methylation seems to vary with context, and the relationship between DNA methylation and transcription is more nuanced than we realized at first.",NOINFO,NOINFO,0.9998900890350342,6.120499165263027e-05,4.879687912762165e-05
820,19238,N-terminal cleavage increases success identifying transcription start sites.,"The human myelin basic protein gene is included within a 179-kilobase transcription unit: expression in the immune and central nervous systems. The human Golli-MBP gene contains two transcription start sites, each of which gives rise to a family of alternatively spliced transcripts. At least two Golli-MBP transcripts, containing the first three exons of the gene and one or more MBP exons, are produced from the first transcription start site.",NOINFO,NOINFO,0.9998397827148438,8.749663538765162e-05,7.267907494679093e-05
821,8646760,N-terminal cleavage reduces success identifying transcription start sites.,"Identification and Functional Characterization of N-Terminally Acetylated Proteins in Drosophila melanogaster To identify common principles of N-terminal acetylation, we analyzed the amino-terminal peptides from proteins extracted from Drosophila Kc167 cells. Here, we present a straightforward strategy to systematically study the functional relevance of N-terminal acetylations in cells and whole organisms.",NOINFO,NOINFO,0.9998396635055542,3.8826394302304834e-05,0.00012147703091613948
821,5116145,N-terminal cleavage reduces success identifying transcription start sites.,"A library of yeast transcription factor motifs reveals a widespread function for Rsc3 in targeting nucleosome exclusion at promoters. Several binding sequences have striking genomic distributions relative to transcription start sites, supporting their biological relevance and suggesting a role in promoter architecture. Among these are Rsc3 binding sequences, containing the core CGCG, which are found preferentially approximately 100 bp upstream of transcription start sites.",NOINFO,NOINFO,0.9997934699058533,4.116744457860477e-05,0.00016538443742319942
821,3346812,N-terminal cleavage reduces success identifying transcription start sites.,"Functions of DNA methylation: islands, start sites, gene bodies and beyond Now, thanks to improved genome-scale mapping of methylation, we can evaluate DNA methylation in different genomic contexts: transcriptional start sites with or without CpG islands, in gene bodies, at regulatory elements and at repeat sequences. The emerging picture is that the function of DNA methylation seems to vary with context, and the relationship between DNA methylation and transcription is more nuanced than we realized at first.",NOINFO,NOINFO,0.9998612403869629,3.619096241891384e-05,0.00010249611659673974
821,19238,N-terminal cleavage reduces success identifying transcription start sites.,"The human myelin basic protein gene is included within a 179-kilobase transcription unit: expression in the immune and central nervous systems. The human Golli-MBP gene contains two transcription start sites, each of which gives rise to a family of alternatively spliced transcripts. At least two Golli-MBP transcripts, containing the first three exons of the gene and one or more MBP exons, are produced from the first transcription start site.",NOINFO,NOINFO,0.9997861981391907,4.4861415517516434e-05,0.0001689748460194096
823,15319019,N348I mutations cause resistance to zidovudine (AZT).,N348I in the Connection Domain of HIV-1 Reverse Transcriptase Confers Zidovudine and Nevirapine Resistance N348I decreased zidovudine susceptibility 2- to 4-fold in the context of wildtype HIV-1 or when combined with TAMs. Biochemical analyses of recombinant RT containing N348I provide supporting evidence for the role of this mutation in zidovudine and NNRTI resistance and give some insight into the molecular mechanism of resistance.,SUPPORTS,SUPPORTS,0.004910355433821678,0.994640588760376,0.00044899500790052116
823,2319305,N348I mutations cause resistance to zidovudine (AZT).,"N348I in HIV-1 reverse transcriptase can counteract the nevirapine-mediated bias toward RNase H cleavage during plus-strand initiation. Here we demonstrate that RNase H-mediated primer removal is indeed more efficient in the presence of NNRTIs; however, the N348I mutant enzyme is able to counteract this effect. These findings provide strong evidence to suggest that N348I can thwart the inhibitory effects of nevirapine during initiation of (+)-strand DNA synthesis, which provides a novel mechanism for resistance.",NOINFO,NOINFO,0.9997685551643372,0.00019448541570454836,3.690133962663822e-05
823,10326242,N348I mutations cause resistance to zidovudine (AZT).,"Biallelic mutations in PALB2 cause Fanconi anemia subtype FA-N and predispose to childhood cancer Biallelic BRCA2 mutations cause Fanconi anemia subtype FA-D1 and predispose to childhood malignancies. We identified pathogenic mutations in PALB2 (also known as FANCN) in seven families affected with Fanconi anemia and cancer in early childhood, demonstrating that biallelic PALB2 mutations cause a new subtype of Fanconi anemia, FA-N, and, similar to biallelic BRCA2 mutations, confer a high risk of childhood cancer.",NOINFO,NOINFO,0.9998800754547119,8.139997953549027e-05,3.852579902741127e-05
823,43311750,N348I mutations cause resistance to zidovudine (AZT).,Nephrin mutations cause childhood- and adult-onset focal segmental glomerulosclerosis. Mutations in the NPHS1 gene cause congenital nephrotic syndrome of the Finnish type presenting before the first 3 months of life. Our results suggest an earlier onset of the disease in patients with two 'severe' mutations compared to patients with at least one 'mild' mutation.,NOINFO,NOINFO,0.9998863935470581,7.155562343541533e-05,4.2065377783728763e-05
823,8148304,N348I mutations cause resistance to zidovudine (AZT).,"Molecular characterization of the yeast meiotic regulatory gene RIM1. rim1 mutations cause reduced expression of IME1, which is required for expression of many meiotic genes, and thus lead to a partial defect in meiosis and spore formation. This null allele, like previously isolated rim1 mutations, causes a partial meiotic defect.",NOINFO,NOINFO,0.9998737573623657,7.935869507491589e-05,4.683516817749478e-05
830,1897324,NF2 (Merlin) causes phosphorylation and subsequent cytoplasmic sequestration of YAP in Drosophila by activating LATS1/2 kinases.,"A genetic screen identifies an LKB1–MARK signalling axis controlling the Hippo–YAP pathway Our data also indicate that YAP is functionally important for the tumour suppressive effects of LKB1. In addition, our findings provide insight into upstream signals of the Hippo–YAP signalling cascade.",NOINFO,NOINFO,0.9998517036437988,0.0001099612345569767,3.82996367989108e-05
830,52873726,NF2 (Merlin) causes phosphorylation and subsequent cytoplasmic sequestration of YAP in Drosophila by activating LATS1/2 kinases.,"Regulation of Hippo pathway transcription factor TEAD by p38 MAPK-induced cytoplasmic translocation Inactivation of these upstream kinases leads to dephosphorylation, stabilization, nuclear translocation and thus activation of the major functional transducers of the Hippo pathway, YAP and its paralogue TAZ. Importantly, stress-induced TEAD inhibition predominates YAP-activating signals and selectively suppresses YAP-driven cancer cell growth.",NOINFO,NOINFO,0.9996803998947144,0.00027104918262921274,4.859643740928732e-05
830,12737132,NF2 (Merlin) causes phosphorylation and subsequent cytoplasmic sequestration of YAP in Drosophila by activating LATS1/2 kinases.,"TEAD mediates YAP-dependent gene induction and growth control. The YAP transcription coactivator has been implicated as an oncogene and is amplified in human cancers. Moreover, the functional relationship between YAP and TEAD is conserved in Drosophila Yki (the YAP homolog) and Scalloped (the TEAD homolog).",NOINFO,NOINFO,0.9998385906219482,0.00012171439448138699,3.966953590861522e-05
830,4447785,NF2 (Merlin) causes phosphorylation and subsequent cytoplasmic sequestration of YAP in Drosophila by activating LATS1/2 kinases.,"A gp130–Src–YAP module links inflammation to epithelial regeneration Through YAP and Notch, intestinal gp130 signalling stimulates epithelial cell proliferation, causes aberrant differentiation and confers resistance to mucosal erosion. gp130 associates with the related tyrosine kinases Src and Yes, which are activated on receptor engagement to phosphorylate YAP and induce its stabilization and nuclear translocation.",NOINFO,NOINFO,0.9998175501823425,0.0001347227080259472,4.775621709995903e-05
831,1897324,NF2 (Merlin) prevents phosphorylation and subsequent cytoplasmic sequestration of YAP in Drosophila.,"A genetic screen identifies an LKB1–MARK signalling axis controlling the Hippo–YAP pathway Our data also indicate that YAP is functionally important for the tumour suppressive effects of LKB1. In addition, our findings provide insight into upstream signals of the Hippo–YAP signalling cascade.",NOINFO,NOINFO,0.9998844861984253,5.529379268409684e-05,6.013818710925989e-05
831,12737132,NF2 (Merlin) prevents phosphorylation and subsequent cytoplasmic sequestration of YAP in Drosophila.,"TEAD mediates YAP-dependent gene induction and growth control. The YAP transcription coactivator has been implicated as an oncogene and is amplified in human cancers. Moreover, the functional relationship between YAP and TEAD is conserved in Drosophila Yki (the YAP homolog) and Scalloped (the TEAD homolog).",NOINFO,NOINFO,0.9998950958251953,5.2762268751394004e-05,5.2147563110338524e-05
831,52873726,NF2 (Merlin) prevents phosphorylation and subsequent cytoplasmic sequestration of YAP in Drosophila.,"Regulation of Hippo pathway transcription factor TEAD by p38 MAPK-induced cytoplasmic translocation The current paradigm for regulation of this pathway centres on phosphorylation-dependent nucleocytoplasmic shuttling of YAP/TAZ through a complex network of upstream components. Importantly, stress-induced TEAD inhibition predominates YAP-activating signals and selectively suppresses YAP-driven cancer cell growth.",NOINFO,NOINFO,0.9998096823692322,5.920140029047616e-05,0.00013108777056913823
831,11535539,NF2 (Merlin) prevents phosphorylation and subsequent cytoplasmic sequestration of YAP in Drosophila.,"Mechanosignaling through YAP and TAZ drives fibroblast activation and fibrosis. Here we identify yes-associated protein (YAP) (homolog of drosophila Yki) and transcriptional coactivator with PDZ-binding motif (TAZ) (also known as Wwtr1), transcriptional effectors of the Hippo pathway, as key matrix stiffness-regulated coordinators of fibroblast activation and matrix synthesis. Immortalized fibroblasts conditionally expressing active YAP or TAZ mutant proteins overcome soft matrix limitations on growth and promote fibrosis when adoptively transferred to the murine lung, demonstrating the ability of fibroblast YAP/TAZ activation to drive a profibrotic response in vivo.",NOINFO,NOINFO,0.9997244477272034,0.00015780005196575075,0.00011772601283155382
832,30303335,NFAT4 activation requires IP3R-mediated Ca2+ mobilization.,"Control of NFAT Isoform Activation and NFAT-Dependent Gene Expression through Two Coincident and Spatially Segregated Intracellular Ca2+ Signals NFAT1 is stimulated by sub-plasmalemmal Ca2+ microdomains, whereas NFAT4 additionally requires Ca2+ mobilization from the inner nuclear envelope by nuclear InsP3 receptors. Instead, effective sustained physiological activation of NFAT4 is tightly linked to oscillations in nuclear Ca2+.",SUPPORTS,NOINFO,0.7397862672805786,0.25968942046165466,0.0005243521300144494
832,7869794,NFAT4 activation requires IP3R-mediated Ca2+ mobilization.,"Calicum microdomains form within neutrophils at the neutrophil–tumor cell synapse: role in antibody-dependent target cell apoptosis In immune cells, Ca2+ signaling is an essential step in many forms of activation. These signals were blocked by the intracellular Ca2+ buffer BAPTA.",NOINFO,NOINFO,0.9998425245285034,0.00011820073996204883,3.92075271520298e-05
832,5094468,NFAT4 activation requires IP3R-mediated Ca2+ mobilization.,"Mitochondria as sensors and regulators of calcium signalling Mitochondrial Ca2+ uptake was shown to control intracellular Ca2+ signalling, cell metabolism, cell survival and other cell-type specific functions by buffering cytosolic Ca2+ levels and regulating mitochondrial effectors. Recently, the identity of mitochondrial Ca2+ transporters has been revealed, opening new perspectives for investigation and molecular intervention.",NOINFO,NOINFO,0.999821126461029,0.00014118870603851974,3.763112908927724e-05
832,19079491,NFAT4 activation requires IP3R-mediated Ca2+ mobilization.,"Calcium: Regulation of cell death: the calcium–apoptosis link This crucial question eloquently reflects the dual role of Ca2+ in living organisms – survival factor or ruthless killer. However, more recently it has become clear that cellular Ca2+ overload, or perturbation of intracellular Ca2+ compartmentalization, can cause cytotoxicity and trigger either apoptotic or necrotic cell death.",NOINFO,NOINFO,0.9998419284820557,0.00011591446673264727,4.206350786262192e-05
832,25479072,NFAT4 activation requires IP3R-mediated Ca2+ mobilization.,"Efficient T cell activation requires an optimal dwell-time of interaction between the TCR and the pMHC complex Cytotoxic T cell (CTL) activation by antigen requires the specific detection of peptide–major histo-compatibility class I (pMHC) molecules on the target-cell surface by the T cell receptor (TCR). Using these two independent systems, we show that T cell activation can be impaired by mutations that either decrease or increase the binding half-life of the TCR-pMHC interaction.",NOINFO,NOINFO,0.999803364276886,0.0001590502361068502,3.770403054659255e-05
834,5483793,NOX2-independent pathways can generate peroxynitrite by reacting with nitrogen intermediates.,Altered recognition of antigen is a mechanism of CD8+ T cell tolerance in cancer Nitration of TCR-CD8 is induced by MDSCs through hyperproduction of reactive oxygen species and peroxynitrite during direct cell-cell contact. These data identify a previously unknown mechanism of T-cell tolerance in cancer that is also pertinent to many pathological conditions associated with accumulation of MDSCs.,NOINFO,NOINFO,0.9996671676635742,0.0002939300029538572,3.897162969224155e-05
834,1386103,NOX2-independent pathways can generate peroxynitrite by reacting with nitrogen intermediates.,"An essential role for interferon gamma in resistance to Mycobacterium tuberculosis infection Upon infection with Mycobacterium tuberculosis, although they develop granulomas, gko mice fail to produce reactive nitrogen intermediates and are unable to restrict the growth of the bacilli. In contrast to control mice, gko mice exhibit heightened tissue necrosis and succumb to a rapid and fatal course of tuberculosis that could be delayed, but not prevented, by treatment with exogenous recombinant IFN-gamma.",NOINFO,NOINFO,0.9997263550758362,0.0002273668796988204,4.628269380191341e-05
834,7155555,NOX2-independent pathways can generate peroxynitrite by reacting with nitrogen intermediates.,"Crucial Role of Interferon Consensus Sequence Binding Protein, but neither of Interferon Regulatory Factor 1 nor of Nitric Oxide Synthesis for Protection Against Murine Listeriosis However, the involved signaling pathways and effector mechanisms are still poorly understood. This study investigated mouse strains deficient for the IFN-dependent transcription factors interferon consensus sequence binding protein (ICSBP), interferon regulatory factor (IRF)1 or 2 for their capacity to eliminate Listeria in vivo and in vitro and for production of inducible reactive nitrogen intermediates (RNI) or reactive oxygen intermediates (ROI) in macrophages.",NOINFO,NOINFO,0.9997413754463196,0.00021110619127284735,4.756641646963544e-05
834,16319097,NOX2-independent pathways can generate peroxynitrite by reacting with nitrogen intermediates.,"Mechanisms of endocytosis. These clathrin-independent pathways include the CLIC/GEEC endocytic pathway, arf6-dependent endocytosis, flotillin-dependent endocytosis, macropinocytosis, circular doral ruffles, phagocytosis, and trans-endocytosis. We discuss the functional relevance of distinct endocytic pathways and emphasize the importance of studying these pathways to understand human disease processes.",NOINFO,NOINFO,0.9997584223747253,0.00019184258417226374,4.975275442120619e-05
837,15928989,NR5A2 is important in development of endometrial tissues.,"Liver receptor homolog-1 is essential for pregnancy Germline ablation of Nr5a2 (also called Lrh-1), the gene coding for Lrh-1, in mice is embryonically lethal at gastrulation. Lrh-1 is also expressed in the mouse and human endometrium, and in a primary culture of human endometrial stromal cells, reduction of NR5A2 transcript abundance by RNA interference abrogated decidualization.",SUPPORTS,SUPPORTS,0.0006032356759533286,0.9989073276519775,0.0004894701996818185
837,8551160,NR5A2 is important in development of endometrial tissues.,"Mitochondria: Dynamic Organelles in Disease, Aging, and Development Given these well-established functions, it might be expected that mitochondrial dysfunction would give rise to a simple and predictable set of defects in all tissues. Here we discuss recent work that suggests that the dynamics (fusion and fission) of these organelles is important in development and disease.",NOINFO,NOINFO,0.9997851252555847,0.00017331996059510857,4.1571092879166827e-05
837,25263942,NR5A2 is important in development of endometrial tissues.,"Stromal p16 expression differentiates endometrial polyp from endometrial hyperplasia Endometrial polyps are very common benign endometrial lesions, but their pathogenesis is poorly understood, except for a few studies indicating the possibility of benign stromal neoplasm. Although the histopathological diagnosis of endometrial polyp on a surgical specimen is straightforward, it is often difficult to differentiate endometrial polyp from endometrial hyperplasia on a biopsy or curettage specimen.",NOINFO,NOINFO,0.9997827410697937,0.00017604893946554512,4.12474837503396e-05
837,17631671,NR5A2 is important in development of endometrial tissues.,"Cadherins in brain morphogenesis and wiring. They are important not only for the development of the nervous system but also for its functions and, in turn, for neural disorders. In this review, we discuss the roles of cadherins and related molecules in neural development and function in the vertebrate brain.",NOINFO,NOINFO,0.9997768998146057,0.000171299310750328,5.18367814947851e-05
837,16346504,NR5A2 is important in development of endometrial tissues.,"LncRNA-GAS5 induces PTEN expression through inhibiting miR-103 in endometrial cancer cells However, the expression and mechanism of action of GAS5 were largely poor understood in endometrial carcinoma. CONCLUSION In summary, we demonstrate that GAS5 acts as an tumor suppressor lncRNA in endometrial cancer.",NOINFO,NOINFO,0.9997510313987732,0.00020702503388747573,4.197761882096529e-05
839,1469751,Nanoparticles can be targeted against specific cell types by incorporating aptamers into lipid nanoparticles.,"Aptamer-functionalized lipid nanoparticles targeting osteoblasts as a novel RNA interference–based bone anabolic strategy Here we screened the aptamer CH6 by cell-SELEX, specifically targeting both rat and human osteoblasts, and then we developed CH6 aptamer–functionalized lipid nanoparticles (LNPs) encapsulating osteogenic pleckstrin homology domain-containing family O member 1 (Plekho1) siRNA (CH6-LNPs-siRNA). These results indicate that osteoblast-specific aptamer-functionalized LNPs could act as a new RNAi-based bone anabolic strategy, advancing the targeted delivery selectivity of osteogenic siRNAs from the tissue level to the cellular level.",SUPPORTS,SUPPORTS,0.0006956104189157486,0.9988111257553101,0.0004932616138830781
839,169264,Nanoparticles can be targeted against specific cell types by incorporating aptamers into lipid nanoparticles.,"Analysis of SiO2 nanoparticles binding proteins in rat blood and brain homogenate Hence, exposure to SiO2 nanoparticles is on the increase. Therefore, we investigated these nanoparticles to identify potentially toxic pathways by analyzing the adsorbed protein corona on the surface of SiO2 nanoparticles in the blood and brain of the rat.",NOINFO,NOINFO,0.9998143315315247,0.00015029356291051954,3.535093492246233e-05
839,17327939,Nanoparticles can be targeted against specific cell types by incorporating aptamers into lipid nanoparticles.,"Exploiting lymphatic transport and complement activation in nanoparticle vaccines After intradermal injection, interstitial flow transported ultra-small nanoparticles (25 nm) highly efficiently into lymphatic capillaries and their draining lymph nodes, targeting half of the lymph node–residing dendritic cells, whereas 100-nm nanoparticles were only 10% as efficient. The surface chemistry of these nanoparticles activated the complement cascade, generating a danger signal in situ and potently activating dendritic cells.",NOINFO,NOINFO,0.9997370839118958,0.00022870549582876265,3.4260654501849785e-05
839,6219790,Nanoparticles can be targeted against specific cell types by incorporating aptamers into lipid nanoparticles.,"Cancer Cell Membrane-Coated Nanoparticles for Anticancer Vaccination and Drug Delivery Cell-derived nanoparticles have been garnering increased attention due to their ability to mimic many of the natural properties displayed by their source cells. Herein, we report on the biological functionalization of polymeric nanoparticles with a layer of membrane coating derived from cancer cells.",NOINFO,NOINFO,0.9991163611412048,0.000829544325824827,5.4076939704827964e-05
839,31715818,Nanoparticles can be targeted against specific cell types by incorporating aptamers into lipid nanoparticles.,"New opportunities: the use of nanotechnologies to manipulate and track stem cells. Examples include magnetic nanoparticles and quantum dots for stem cell labeling and in vivo tracking; nanoparticles, carbon nanotubes, and polyplexes for the intracellular delivery of genes/oligonucleotides and protein/peptides; and engineered nanometer-scale scaffolds for stem cell differentiation and transplantation. This review examines the use of nanotechnologies for stem cell tracking, differentiation, and transplantation.",NOINFO,NOINFO,0.9997488856315613,0.00018997644656337798,6.119634781498462e-05
845,17741440,Neutrophil extracellular traps (NETs) are released by ANCA-stimulated neutrophils.,"Netting neutrophils in autoimmune small-vessel vasculitis Here we show that chromatin fibers, so-called neutrophil extracellular traps (NETs), are released by ANCA-stimulated neutrophils and contain the targeted autoantigens proteinase-3 (PR3) and myeloperoxidase (MPO). Deposition of NETs in inflamed kidneys and circulating MPO-DNA complexes suggest that NET formation triggers vasculitis and promotes the autoimmune response against neutrophil components in individuals with SVV.",SUPPORTS,SUPPORTS,0.0006151260458864272,0.9988954067230225,0.0004894643789157271
845,29399239,Neutrophil extracellular traps (NETs) are released by ANCA-stimulated neutrophils.,"Neutrophil extracellular traps: Is immunity the second function of chromatin? Neutrophil extracellular traps (NETs) are made of processed chromatin bound to granular and selected cytoplasmic proteins. NETs are released by white blood cells called neutrophils, maybe as a last resort, to control microbial infections.",NOINFO,NOINFO,0.9994280934333801,0.0005167481722310185,5.516071541933343e-05
845,9878167,Neutrophil extracellular traps (NETs) are released by ANCA-stimulated neutrophils.,"Viable neutrophils release mitochondrial DNA to form neutrophil extracellular traps Neutrophil extracellular traps (NETs) represent extracellular structures able to bind and kill microorganisms. Moreover, neutrophil populations stimulated with GM-CSF and C5a showed increased survival compared with resting neutrophils, which did not generate NETs.",NOINFO,NOINFO,0.9967777132987976,0.0031601563096046448,6.20964783593081e-05
845,36089763,Neutrophil extracellular traps (NETs) are released by ANCA-stimulated neutrophils.,Neutrophil extracellular traps capture and kill Candida albicans yeast and hyphal forms. These neutrophil extracellular traps (NETs) degrade virulence factors and kill Gram positive and negative bacteria. Taken together our data indicate that neutrophils trap and kill ascomycetous yeasts by forming NETs.,NOINFO,NOINFO,0.99918133020401,0.0007793355034664273,3.925819692085497e-05
845,17967608,Neutrophil extracellular traps (NETs) are released by ANCA-stimulated neutrophils.,"PAD4 is essential for antibacterial innate immunity mediated by neutrophil extracellular traps Neutrophils trap and kill bacteria by forming highly decondensed chromatin structures, termed neutrophil extracellular traps (NETs). Unlike PAD4(+/+) neutrophils, PAD4(-/-) neutrophils cannot form NETs after stimulation with chemokines or incubation with bacteria, and are deficient in bacterial killing by NETs.",NOINFO,NOINFO,0.997832715511322,0.002087885979562998,7.950666622491553e-05
847,16787954,New drugs for tuberculosis often do not penetrate the necrotic portion of a tuberculosis lesion in high concentrations.,"The association between sterilizing activity and drug distribution into tuberculosis lesions Rifampicin even accumulates in necrotic caseum, a critical lesion site where persisting tubercle bacilli reside. We propose an alternative working model to prioritize new antibiotic regimens based on quantitative and spatial distribution of TB drugs in the major lesion types found in human lungs.",REFUTES,REFUTES,0.0007382689509540796,0.026492856442928314,0.9727689623832703
847,4424888,New drugs for tuberculosis often do not penetrate the necrotic portion of a tuberculosis lesion in high concentrations.,"The challenge of new drug discovery for tuberculosis Tuberculosis (TB) is more prevalent in the world today than at any other time in human history. A key question is how robust are our approaches to discovering new TB drugs, and what measures could be taken to reduce the long and protracted clinical development of new drugs.",NOINFO,NOINFO,0.9998157620429993,0.00010931488213827834,7.498435297748074e-05
847,33835579,New drugs for tuberculosis often do not penetrate the necrotic portion of a tuberculosis lesion in high concentrations.,Pathology of postprimary tuberculosis in humans and mice: contradiction of long-held beliefs. Approximately 80% of all disease is due to postprimary (secondary) tuberculosis in the lung. These results suggest that reactivation tuberculosis in mice is a valuable model of developing human postprimary tuberculosis.,NOINFO,NOINFO,0.999863862991333,6.477004353655502e-05,7.141439709812403e-05
847,18321590,New drugs for tuberculosis often do not penetrate the necrotic portion of a tuberculosis lesion in high concentrations.,"Resazurin microtiter assay plate: simple and inexpensive method for detection of drug resistance in Mycobacterium tuberculosis. A method for detecting multidrug-resistant Mycobacterium tuberculosis by using a reduction of resazurin is described. The method is simple, inexpensive, and rapid and might be used with other antituberculosis drugs.",NOINFO,NOINFO,0.9998520612716675,8.267952944152057e-05,6.514989217976108e-05
847,16066726,New drugs for tuberculosis often do not penetrate the necrotic portion of a tuberculosis lesion in high concentrations.,"Tumor necrosis factor signaling mediates resistance to mycobacteria by inhibiting bacterial growth and macrophage death. Tumor necrosis factor (TNF), a key effector in controlling tuberculosis, is thought to exert protection by directing formation of granulomas, organized aggregates of macrophages and other immune cells. Loss of TNF signaling causes progression of tuberculosis in humans, and the increased mortality of Mycobacterium tuberculosis-infected mice is associated with disorganized necrotic granulomas, although the precise roles of TNF signaling preceding this endpoint remain undefined.",NOINFO,NOINFO,0.9997310042381287,0.00019447811064310372,7.453995931427926e-05
852,13843341,Non-invasive ventilation use should be decreased if there is inadequate response to conventional treatment.,"Cost effectiveness of ward based non-invasive ventilation for acute exacerbations of chronic obstructive pulmonary disease: economic analysis of randomised controlled trial. Allocation to the group receiving non-invasive ventilation was associated with a reduction in costs of 49362 pounds sterling (78741 dollars; 73109 euros), mainly through reduced use of intensive care units. CONCLUSIONS Non-invasive ventilation is a highly cost effective treatment that both reduced total costs and improved mortality in hospital.",REFUTES,REFUTES,0.0010853257263079286,0.0005696967127732933,0.9983450174331665
852,474325,Non-invasive ventilation use should be decreased if there is inadequate response to conventional treatment.,Non-invasive ventilation in chronic obstructive pulmonary disease patients: helmet versus facial mask To perform a physiological comparison between the helmet and the conventional facial mask in delivering non-invasive ventilation in hypercapnic patients with chronic obstructive pulmonary disease. Non-invasive ventilation improved gas exchange (p< 0.05) and inspiratory effort (p< 0.01) with both interfaces.,NOINFO,NOINFO,0.9997445940971375,0.0001508712739450857,0.00010450547415530309
852,14361849,Non-invasive ventilation use should be decreased if there is inadequate response to conventional treatment.,"A comparison of continuous and bi-level positive airway pressure non-invasive ventilation in patients with acute cardiogenic pulmonary oedema: a meta-analysis IntroductionWe conducted the present study to investigate the potential beneficial and adverse effects of continuous positive airway pressure (CPAP) compared with bi-level positive airway pressure (BiPAP) noninvasive ventilation in patients with cardiogenic pulmonary oedema. The hospital mortality (relative risk [RR] 0.76, 95% confidence interval [CI] 0.32–1.78; P = 0.52; I2 = 0%) and risk for requiring invasive ventilation (RR 0.80, 95% CI 0.33–1.94; P = 0.62; I2 = 0%) were not significantly different between patients treated with CPAP and those treated with BiPAP.",NOINFO,NOINFO,0.9996442794799805,0.0001907000259961933,0.00016503711231052876
852,31634628,Non-invasive ventilation use should be decreased if there is inadequate response to conventional treatment.,"Circulating tumor DNA as a non-invasive substitute to metastasis biopsy for tumor genotyping and personalized medicine in a prospective trial across all tumor types. Cell-free tumor DNA (ctDNA) has the potential to enable non-invasive diagnostic tests for personalized medicine in providing similar molecular information as that derived from invasive tumor biopsies. In the seven other patients, mutation detection from metastasis biopsy failed due to inadequate biopsy material, but was successful in all plasma DNA samples providing three more potential actionable mutations.",NOINFO,NOINFO,0.999880313873291,4.425641236593947e-05,7.54298671381548e-05
852,42836872,Non-invasive ventilation use should be decreased if there is inadequate response to conventional treatment.,"Diverse tumorigenic pathways in ovarian serous carcinoma. Our results demonstrate that K-ras mutations occur in approximately 50% of serous borderline tumors (SBTs), non-invasive micropapillary serous carcinomas (MPSCs), and invasive micropapillary serous carcinomas, which represent a morphological continuum of tumor progression. One pathway involves a stepwise progression from SBT to noninvasive and then invasive MPSC.",NOINFO,NOINFO,0.9998489618301392,8.029216405702755e-05,7.071932486724108e-05
859,1982286,Normal expression of RUNX1 has tumor-promoting effects.,"Reverse engineering of TLX oncogenic transcriptional networks identifies RUNX1 as tumor suppressor in T-ALL Notably, a network structure analysis of this hierarchical network identified RUNX1 as a key mediator of the T-ALL induced by TLX1 and TLX3 and predicted a tumor-suppressor role for RUNX1 in T cell transformation. Overall, these results place TLX1 and TLX3 at the top of an oncogenic transcriptional network controlling leukemia development, show the power of network analyses to identify key elements in the regulatory circuits governing human cancer and identify RUNX1 as a tumor-suppressor gene in T-ALL.",REFUTES,SUPPORTS,0.001027788850478828,0.9985617995262146,0.0004104262625332922
859,22049489,Normal expression of RUNX1 has tumor-promoting effects.,"The long non-coding RNA H19-derived miR-675 modulates human gastric cancer cell proliferation by targeting tumor suppressor RUNX1. Subsequently, the tumor suppressor Runt Domain Transcription Factor1 (RUNX1) was confirmed to be a direct target of miR-675 using a luciferase reporter assay and Western blotting analyses. Moreover, the inverse relationship between the expression of RUNX1 and H19/miR-675 was also revealed in gastric cancer tissues and gastric cancer cell lines.",NOINFO,NOINFO,0.9981691837310791,0.001732347533106804,9.84027428785339e-05
859,25726838,Normal expression of RUNX1 has tumor-promoting effects.,IL-17 promotes tumor development through the induction of tumor promoting microenvironments at tumor sites and myeloid-derived suppressor cells. Further analysis indicated that IL-17 was required for the development and tumor-promoting activity of MDSCs in tumor-bearing mice. IL-17-mediated regulation of MDSCs is a primary mechanism for its tumor-promoting effects.,NOINFO,NOINFO,0.9996247291564941,0.0003237523778807372,5.152609446668066e-05
859,243694,Normal expression of RUNX1 has tumor-promoting effects.,"Blood stem cells emerge from aortic endothelium by a novel type of cell transition The process is polarized not only in the dorso-ventral but also in the rostro-caudal versus medio-lateral direction, and depends on Runx1 expression: in Runx1-deficient embryos, the exit events are initially similar, but much rarer, and abort into violent death of the exiting cell. These results demonstrate that the aortic floor is haemogenic and that HSCs emerge from it into the sub-aortic space, not by asymmetric cell division but through a new type of cell behaviour, which we call an endothelial haematopoietic transition.",NOINFO,NOINFO,0.9997848868370056,0.00017708390078041703,3.807333632721566e-05
859,10812605,Normal expression of RUNX1 has tumor-promoting effects.,Fibroblast heterogeneity in the cancer wound Such cancer-associated fibroblasts (CAFs) modulate the tumor microenvironment and influence the behavior of neoplastic cells in either a tumor-promoting or tumor-inhibiting manner. We discuss the emerging themes of CAF biology in the context of tumorigenesis and therapy.,NOINFO,NOINFO,0.9997921586036682,0.00015904846077319235,4.888748662779108e-05
870,195689316,Obesity decreases life quality.,"Body-mass index and cause-specific mortality in 900 000 adults: collaborative analyses of 57 prospective studies. At 30-35 kg/m(2), median survival is reduced by 2-4 years; at 40-45 kg/m(2), it is reduced by 8-10 years (which is comparable with the effects of smoking). The definite excess mortality below 22.5 kg/m(2) is due mainly to smoking-related diseases, and is not fully explained.",NOINFO,NOINFO,0.9994750618934631,7.42303382139653e-05,0.0004507369885686785
870,37029185,Obesity decreases life quality.,Quality of life in patients with advanced heart failure. A study was designed to measure the quality of life of 134 patients with symptoms of advanced heart failure who were being evaluated for possible heart transplantation. These findings support the inclusion of quality of life as an outcome measure in any evaluation of treatment efficacy and suggest that interventions to improve the quality of life of patients with advanced heart failure need to be targeted at reducing depression and hostility and increasing daily activity levels.,NOINFO,NOINFO,0.9996423721313477,5.759490522905253e-05,0.00030001267441548407
870,43220289,Obesity decreases life quality.,"Psychological Outcome 4 Years after Restrictive Bariatric Surgery The aim of this study was to evaluate the relationship between the course of weight and psychological variables including depression, anxiety, health-related quality of life (HRQOL), and self-esteem up to 4 years after obesity surgery. Statistical analysis revealed significant improvements in depressive symptoms, physical dimension of quality of life, and self-esteem with peak improvements 1 year after surgery.",NOINFO,NOINFO,0.998809814453125,0.00027669433620758355,0.0009134688880294561
870,32421068,Obesity decreases life quality.,"Availability of evidence of benefits on overall survival and quality of life of cancer drugs approved by European Medicines Agency: retrospective cohort study of drug approvals 2009-13 At the time of market approval, there was an improvement in quality of life in seven of 68 indications (10%). in the subsequent postmarketing period there was evidence for extension of life in three (7%) and reported benefit on quality of life in five (11%).",NOINFO,NOINFO,0.9995019435882568,6.20234350208193e-05,0.00043602855294011533
873,1180972,Obesity is determined solely by environmental factors.,"Genetics of obesity in adult adoptees and their biological siblings. An adoption study of genetic effects on obesity in adulthood was carried out in which adoptees separated from their natural parents very early in life were compared with their biological full and half siblings reared by their natural parents. The degree of fatness in adults living in the same environment appears to be influenced by genetic factors independent of sex, which may include polygenic as well as major gene effects on obesity.",REFUTES,SUPPORTS,0.19425323605537415,0.610590398311615,0.19515641033649445
873,19307912,Obesity is determined solely by environmental factors.,"Familial obesity and leanness. Nearly all subjects with familial obesity or leanness had no overt metabolic or pharmacological explanations for their body habitus. Marked within-family clustering of both obesity and leanness is useful diagnostically; therapeutic intervention to reduce obesity, to be most effective, should be family-wide in the many kindreds which share familial obesity.",REFUTES,NOINFO,0.9998070597648621,0.00010699043923523277,8.596923726145178e-05
873,27393799,Obesity is determined solely by environmental factors.,"The body-mass index of twins who have been reared apart. To assess the relative importance of genetic and environmental effects on the body-mass index (weight in kilograms divided by the square of the height in meters), we studied samples of identical and fraternal twins, reared apart or reared together. Of the potential environmental influences, only those unique to the individual and not those shared by family members were important, contributing about 30 percent of the variance.",REFUTES,NOINFO,0.9997182488441467,0.0001535427145427093,0.00012828974286094308
873,29025270,Obesity is determined solely by environmental factors.,"An adoption study of human obesity. We examined the contributions of genetic factors and the family environment to human fatness in a sample of 540 adult Danish adoptees who were selected from a population of 3580 and divided into four weight classes: thin, median weight, overweight, and obese. Furthermore, the relation between biologic parents and adoptees was not confined to the obesity weight class, but was present across the whole range of body fatness - from very thin to very fat.",REFUTES,NOINFO,0.5468738675117493,0.18747802078723907,0.2656480669975281
873,3315558,Obesity is determined solely by environmental factors.,Genetic analysis of human obesity in an Italian sample. An analysis of the genetic factors in obesity has been carried out on a sample of nuclear families from Aosta (N. Italy). Our conclusions are that genetic factors are certainly present.,REFUTES,NOINFO,0.999535083770752,0.00022336238180287182,0.00024151233083102852
873,22843838,Obesity is determined solely by environmental factors.,"[Vitamin D and latitude as environmental factors in multiple sclerosis]. One of the potential factors related to the difference of the prevalence is vitamin D, because the strength of ambient ultraviolet light, which is essential for vitamin D production, decreases with increasing latitude. An approach from environmental and genetic aspects is needed to investigate the association between vitamin D and MS.",NOINFO,NOINFO,0.9998667240142822,5.123746450408362e-05,8.203730976674706e-05
873,31554917,Obesity is determined solely by environmental factors.,"A clinical approach to circadian rhythm sleep disorders. In addition to physiological and environmental factors, maladaptive behaviors often play an important role in the development of many of the circadian rhythm sleep disorders. Because behavioral and environmental factors often are involved in the development of these conditions, a multimodal approach is usually necessary.",NOINFO,NOINFO,0.9998881816864014,5.1539675041567534e-05,6.025598486303352e-05
873,3672261,Obesity is determined solely by environmental factors.,"Natural variation in the parameters of innate immune cells is preferentially driven by genetic factors To identify the relative effects of environmental and genetic factors on variation in the parameters of innate and adaptive immune cells in homeostatic conditions, we combined standardized flow cytometry of blood leukocytes and genome-wide DNA genotyping of 1,000 healthy, unrelated people of Western European ancestry. Both environmental factors and genetic factors influence human immunity.",NOINFO,NOINFO,0.9998699426651001,6.327003211481497e-05,6.669607682852075e-05
873,52805891,Obesity is determined solely by environmental factors.,"Gut Microbiota Is a Key Modulator of Insulin Resistance in TLR 2 Knockout Mice Environmental factors and host genetics interact to control the gut microbiota, which may have a role in the development of obesity and insulin resistance. These changes in gut microbiota were accompanied by an increase in LPS absorption, subclinical inflammation, insulin resistance, glucose intolerance, and later, obesity.",NOINFO,NOINFO,0.9987596273422241,0.0006407932960428298,0.0005996227264404297
879,8426046,Occupancy of ribosomes by IncRNAs do not make functional peptides.,"Ribosome Profiling Provides Evidence that Large Noncoding RNAs Do Not Encode Proteins However, a recent study of ribosome occupancy reported that many large intergenic ncRNAs (lincRNAs) are bound by ribosomes, raising the possibility that they are translated into proteins. Here, we show that classical noncoding RNAs and 5' UTRs show the same ribosome occupancy as lincRNAs, demonstrating that ribosome occupancy alone is not sufficient to classify transcripts as coding or noncoding.",REFUTES,NOINFO,0.9998393058776855,8.267847442766652e-05,7.797322905389592e-05
879,29459383,Occupancy of ribosomes by IncRNAs do not make functional peptides.,"ERAAP synergizes with MHC class I molecules to make the final cut in the antigenic peptide precursors in the endoplasmic reticulum. The major histocompatibility complex class I molecules display peptides (pMHC I) on the cell surface for immune surveillance by CD8(+) T cells. To define the unknown mechanism of ERAAP function in vivo, we analyzed naturally processed peptides in cells with or without appropriate MHC I and ERAAP.",NOINFO,NOINFO,0.9997724890708923,4.013449142803438e-05,0.0001874011941254139
879,24335068,Occupancy of ribosomes by IncRNAs do not make functional peptides.,"Divalent cations differentially regulate integrin alphaIIb cytoplasmic tail binding to beta3 and to calcium- and integrin-binding protein. We have used recombinant or synthetic alphaIIb and beta3 integrin cytoplasmic peptides to study their in vitro complexation and ligand binding capacity by surface plasmon resonance. Since CIB did not stimulate PAC-1 binding to inactive alphaIIbbeta3 nor prevented activated alphaIIbbeta3 occupancy by PAC-1, we conclude that CIB does not regulate alphaIIbbeta3 inside-out signaling, but rather is involved in an alphaIIbbeta3 post-receptor occupancy event.",NOINFO,NOINFO,0.999788224697113,5.464434070745483e-05,0.00015719486691523343
879,22896970,Occupancy of ribosomes by IncRNAs do not make functional peptides.,"Crystal structure of the eukaryotic 60S ribosomal subunit in complex with initiation factor 6. Protein synthesis in all organisms is catalyzed by ribosomes. In comparison to their prokaryotic counterparts, eukaryotic ribosomes are considerably larger and are subject to more complex regulation.",NOINFO,NOINFO,0.9998841285705566,4.785277269547805e-05,6.801250128773972e-05
879,27438378,Occupancy of ribosomes by IncRNAs do not make functional peptides.,"Misread protein creates membrane channels: an essential step in the bactericidal action of aminoglycosides. Among the pleiotropic effects of aminoglycosides, their irreversible uptake and their blockade of initiating ribosomes have appeared to explain their bactericidal action, while the contributions of translational misreading and membrane damage and the mechanism of that damage have remained uncertain. The bactericidal action thus appears to result from the following sequence, in which each step is essential: slight initial entry of the antibiotic; interaction with chain-elongating ribosomes, resulting in misreading; incorporation of misread protein into the membrane, creating abnormal channels; increased (and irreversible) entry through these channels, and hence increased misreading and formation of channels; and, finally, blockade of initiating ribosomes.",NOINFO,NOINFO,0.9998520612716675,6.0489630413940176e-05,8.749771222937852e-05
880,8426046,Occupancy of ribosomes by IncRNAs mirror 5 0-UTRs,"Ribosome Profiling Provides Evidence that Large Noncoding RNAs Do Not Encode Proteins However, a recent study of ribosome occupancy reported that many large intergenic ncRNAs (lincRNAs) are bound by ribosomes, raising the possibility that they are translated into proteins. Here, we show that classical noncoding RNAs and 5' UTRs show the same ribosome occupancy as lincRNAs, demonstrating that ribosome occupancy alone is not sufficient to classify transcripts as coding or noncoding.",SUPPORTS,SUPPORTS,0.1161915734410286,0.8827768564224243,0.0010316085536032915
880,27438378,Occupancy of ribosomes by IncRNAs mirror 5 0-UTRs,"Misread protein creates membrane channels: an essential step in the bactericidal action of aminoglycosides. Among the pleiotropic effects of aminoglycosides, their irreversible uptake and their blockade of initiating ribosomes have appeared to explain their bactericidal action, while the contributions of translational misreading and membrane damage and the mechanism of that damage have remained uncertain. The bactericidal action thus appears to result from the following sequence, in which each step is essential: slight initial entry of the antibiotic; interaction with chain-elongating ribosomes, resulting in misreading; incorporation of misread protein into the membrane, creating abnormal channels; increased (and irreversible) entry through these channels, and hence increased misreading and formation of channels; and, finally, blockade of initiating ribosomes.",NOINFO,NOINFO,0.9998730421066284,8.870404417393729e-05,3.822572034550831e-05
880,40721190,Occupancy of ribosomes by IncRNAs mirror 5 0-UTRs,"Structural features of the interaction of the 3'-untranslated region of mRNA containing exosomal RNA-specific motifs with YB-1, a potential mediator of mRNA sorting. An analysis of the environments of motifs 1-3 in the HEK293 cell mRNA 3' UTRs gained from RNA-seq data led us to conclude that the primary binding sites of YB-1 in the 3' UTRs are hairpins containing some part of the motif along with its specific surroundings; the consensus sequences of these hairpins were derived. Thus, our findings provide a new understanding of the structural basis of the interactions between YB-1 and mRNAs carrying the aforementioned motifs.",NOINFO,NOINFO,0.9998078942298889,0.00014738568279426545,4.468748375074938e-05
880,22896970,Occupancy of ribosomes by IncRNAs mirror 5 0-UTRs,"Crystal structure of the eukaryotic 60S ribosomal subunit in complex with initiation factor 6. Protein synthesis in all organisms is catalyzed by ribosomes. In comparison to their prokaryotic counterparts, eukaryotic ribosomes are considerably larger and are subject to more complex regulation.",NOINFO,NOINFO,0.9998838901519775,7.310939690796658e-05,4.297880150261335e-05
880,20725212,Occupancy of ribosomes by IncRNAs mirror 5 0-UTRs,"Chaperoning 5S RNA assembly. In eukaryotes, three of the four ribosomal RNAs (rRNAs)—the 5.8S, 18S, and 25S/28S rRNAs—are processed from a single pre-rRNA transcript and assembled into ribosomes. Here we report the structural and functional characterization of the Rpf2-Rrs1 complex alone, in complex with the 5S RNA, and within pre-60S ribosomes.",NOINFO,NOINFO,0.9997877478599548,0.00016313779633492231,4.907861148240045e-05
882,14803797,Omnivores produce less trimethylamine N-oxide from dietary I-carnitine than vegetarians.,"Intestinal microbiota metabolism of L-carnitine, a nutrient in red meat, promotes atherosclerosis Intestinal microbiota metabolism of choline and phosphatidylcholine produces trimethylamine (TMA), which is further metabolized to a proatherogenic species, trimethylamine-N-oxide (TMAO). We demonstrate here that metabolism by intestinal microbiota of dietary L-carnitine, a trimethylamine abundant in red meat, also produces TMAO and accelerates atherosclerosis in mice.",REFUTES,REFUTES,0.0001514375035185367,0.00026422832161188126,0.9995843768119812
882,6793674,Omnivores produce less trimethylamine N-oxide from dietary I-carnitine than vegetarians.,"Circulating trimethylamine N‐oxide and the risk of cardiovascular diseases: a systematic review and meta‐analysis of 11 prospective cohort studies Circulating trimethylamine N-oxide (TMAO), a canonical metabolite from gut flora, has been related to the risk of cardiovascular disorders. Further subgroup analysis and meta-regression did not support that the location of the study, follow-up duration, publication year, population characteristics or the samples of TMAO affect the results significantly.",NOINFO,NOINFO,0.9997968077659607,5.671073813573457e-05,0.00014652297249995172
882,33684572,Omnivores produce less trimethylamine N-oxide from dietary I-carnitine than vegetarians.,"Transmission of atherosclerosis susceptibility with gut microbial transplantation. Recent studies indicate both clinical and mechanistic links between atherosclerotic heart disease and intestinal microbial metabolism of certain dietary nutrients producing trimethylamine N-oxide (TMAO). Trimethylamine (TMA) and TMAO levels were initially higher in recipients on choline diet that received cecal microbes from C57BL/6J inbred mice; however, durability of choline diet-dependent differences in TMA/TMAO levels was not maintained to the end of the study.",NOINFO,NOINFO,0.9998012185096741,5.3379197197500616e-05,0.00014538336836267263
882,12709184,Omnivores produce less trimethylamine N-oxide from dietary I-carnitine than vegetarians.,"Vegetarian dietary patterns and mortality in Adventist Health Study 2. The adjusted hazard ratio (HR) for all-cause mortality in all vegetarians combined vs nonvegetarians was 0.88 (95% CI, 0.80-0.97). The adjusted HR for all-cause mortality in vegans was 0.85 (95% CI, 0.73-1.01); in lacto-ovo-vegetarians, 0.91 (95% CI, 0.82-1.00); in pesco-vegetarians, 0.81 (95% CI, 0.69-0.94); and in semi-vegetarians, 0.92 (95% CI, 0.75-1.13) compared with nonvegetarians.",NOINFO,NOINFO,0.9998311996459961,5.073773718322627e-05,0.00011796876788139343
882,35962023,Omnivores produce less trimethylamine N-oxide from dietary I-carnitine than vegetarians.,"tBid induces alterations of mitochondrial fatty acid oxidation flux by malonyl-CoA-independent inhibition of carnitine palmitoyltransferase-1 We have evaluated changes in lipid metabolism on permeabilized hepatocytes treated with truncated Bid (tBid) in the presence of caspase inhibitors and exogenous cytochrome c. The measurement of β-oxidation flux by labeled palmitate demonstrates that tBid inhibits β-oxidation, thereby resulting in the accumulation of palmitoyl-coenzyme A (CoA) and depletion of acetyl-carnitine and acylcarnitines, which is pathognomonic for inhibition of carnitine palmitoyltransferase-1 (CPT-1). The unexpected role of tBid in the regulation of lipid β-oxidation suggests a model in which tBid-induced metabolic decline leads to the accumulation of toxic lipid metabolites such as palmitoyl-CoA, which might become participants in the apoptotic pathway.",NOINFO,NOINFO,0.9998289346694946,6.814170774305239e-05,0.00010289395868312567
887,18855191,Only a minority of cells survive development after differentiation into stress-resistant spores.,"Exploitative and Hierarchical Antagonism in a Cooperative Bacterium Strains were competed against one another in all possible pairwise combinations during starvation-induced development. Intense mutual antagonism appears to be more prevalent in this prokaryotic social species than has been observed in the eukaryotic social slime mold Dictyostelium discoideum, which also exhibits multicellular development.",NOINFO,NOINFO,0.9998408555984497,8.348996198037639e-05,7.57221132516861e-05
887,2140513,Only a minority of cells survive development after differentiation into stress-resistant spores.,"Pleiotropy as a mechanism to stabilize cooperation A spectacular act of cooperation occurs in the social amoeba Dictyostelium discoideum, in which some cells die to form a stalk that holds the other cells aloft as reproductive spores. However, we find that in aggregations containing the wild-type cells, lack of the dimA gene results in exclusion from spores.",NOINFO,NOINFO,0.9998784065246582,7.044569792924449e-05,5.11380894749891e-05
887,33872649,Only a minority of cells survive development after differentiation into stress-resistant spores.,"Secondary aerosolization of viable Bacillus anthracis spores in a contaminated US Senate Office. OBJECTIVE To provide information about the nature and extent of indoor secondary aerosolization of B anthracis spores. RESULTS Viable B anthracis spores reaerosolized under semiquiescent conditions, with a marked increase in reaerosolization during simulated active office conditions.",NOINFO,NOINFO,0.9998830556869507,6.70888985041529e-05,4.9856236728373915e-05
887,13242763,Only a minority of cells survive development after differentiation into stress-resistant spores.,"Interaction between Oct3/4 and Cdx2 Determines Trophectoderm Differentiation The differentiation of TE is a hallmark event in early mammalian development, but molecular mechanisms underlying this first differentiation event remain obscure. This suggests that reciprocal inhibition between lineage-specific transcription factors might be involved in the first differentiation event of mammalian development.",NOINFO,NOINFO,0.9998965263366699,5.044460340286605e-05,5.3072402806719765e-05
903,10648422,PD-1 triggering on monocytes reduces IL-10 production by monocytes.,Programmed death-1–induced interleukin-10 production by monocytes impairs CD4+ T cell activation during HIV infection Triggering of PD-1 expressed on monocytes by PD-L1 expressed on various cell types induced IL-10 production and led to reversible CD4+ T cell dysfunction. We describe a new function for PD-1 whereby microbial products inhibit T cell expansion and function by upregulating PD-1 levels and IL-10 production by monocytes after binding of PD-1 by PD-L1.,REFUTES,REFUTES,0.00015592927229590714,0.00032689431100152433,0.9995170831680298
903,37762357,PD-1 triggering on monocytes reduces IL-10 production by monocytes.,"Potent immunosuppressive activities of cytomegalovirus-encoded interleukin-10. Both purified bacterium-derived recombinant CMV IL-10 and CMV IL-10 expressed in supernatants of human cells were found to inhibit proliferation of mitogen-stimulated peripheral blood mononuclear cells (PBMCs), with specific activity comparable to that of recombinant human IL-10. In addition, CMV IL-10 expressed from human cells inhibited cytokine synthesis, as treatment of stimulated PBMCs and monocytes with CMV IL-10 led to a marked decrease in production of proinflammatory cytokines.",NOINFO,NOINFO,0.9998654127120972,7.557621574960649e-05,5.897388837183826e-05
903,1360607,PD-1 triggering on monocytes reduces IL-10 production by monocytes.,Antioxidants attenuate the plasma cytokine response to exercise in humans. We tested the role of oxidative stress and the potential contribution of monocytes in this cytokine (especially IL-1beta) response in previously untrained individuals. We conclude that in untrained humans oxidative stress is a major stimulus for exercise-induced cytokine production and that monocytes play no role in this process.,NOINFO,NOINFO,0.9998471736907959,7.64656942919828e-05,7.631648622918874e-05
903,8639034,PD-1 triggering on monocytes reduces IL-10 production by monocytes.,"Human IL-10 is produced by both type 1 helper (Th1) and type 2 helper (Th2) T cell clones and inhibits their antigen-specific proliferation and cytokine production. IL-10 gene transcription and IL-10 protein production was assessed in both type 1 (Th1) and type 2 (Th2) CD4+ human T cell clones by polymerase chain reaction and ELISA, respectively. The effect of human IL-10 (h-IL-10) and viral IL-10 (v-IL-10) on the proliferative response and cytokine production by Th1 and Th2 human clones was also investigated.",NOINFO,NOINFO,0.9998706579208374,7.31084292056039e-05,5.6273569498443976e-05
903,43534665,PD-1 triggering on monocytes reduces IL-10 production by monocytes.,"Recombinant human IL-10 prevents the onset of diabetes in the nonobese diabetic mouse. In these studies the effect of IL-10 was determined on three parameters of diabetes: The development of hyperglycemia, the development of insulitis, and the production of insulin by beta cells. Histopathology performed on pancreatic tissue demonstrated that treatment with IL-10 reduced the severity of insulitis, prevented cellular infiltration of islet cells, and promoted normal insulin production by beta cells.",NOINFO,NOINFO,0.9998670816421509,8.957400859799236e-05,4.331515447120182e-05
904,7370282,PDPN promotes efficient motility along stromal surfaces by activating the C-type lectin receptor to rearrange the actin cytoskeleton in dendritic cells.,"Podoplanin-Rich Stromal Networks Induce Dendritic Cell Motility via Activation of the C-type Lectin Receptor CLEC-2 PDPN is expressed by lymphatic endothelial and fibroblastic reticular cells and promotes blood-lymph separation during development by activating the C-type lectin receptor, CLEC-2, on platelets. Thus, activation of CLEC-2 by PDPN rearranges the actin cytoskeleton in DCs to promote efficient motility along stromal surfaces.",SUPPORTS,SUPPORTS,0.0005020828684791923,0.9989582300186157,0.000539709348231554
904,3506723,PDPN promotes efficient motility along stromal surfaces by activating the C-type lectin receptor to rearrange the actin cytoskeleton in dendritic cells.,Formins at the Junction. The actin cytoskeleton and adhesion junctions are physically and functionally coupled at the cell-cell interface between epithelial cells. Formins dynamically shape the actin cytoskeleton and have various functions within cells.,NOINFO,NOINFO,0.9998929500579834,6.735214265063405e-05,3.974925130023621e-05
904,8563659,PDPN promotes efficient motility along stromal surfaces by activating the C-type lectin receptor to rearrange the actin cytoskeleton in dendritic cells.,"Persistence of HIV-1 Receptor-Positive Cells after HSV-2 Reactivation: A Potential Mechanism for Increased HIV-1 Acquisition CD4(+) and CD8(+) T cells and a mixed population of plasmacytoid and myeloid dendritic cells (DCs), including cells expressing the C-type lectin receptor DC-SIGN, persisted at sites of HSV-2 reactivation for months after healing, even with daily antiviral therapy. The CD4(+) T cells that persisted reacted to HSV-2 antigen, were enriched for expression of the chemokine receptor CCR5, and were contiguous to DCs expressing the interleukin-3 receptor CD123 or DC-SIGN.",NOINFO,NOINFO,0.9998722076416016,9.609937114873901e-05,3.169021147186868e-05
904,1539159,PDPN promotes efficient motility along stromal surfaces by activating the C-type lectin receptor to rearrange the actin cytoskeleton in dendritic cells.,"Lifeact: a versatile marker to visualize F-actin Live imaging of the actin cytoskeleton is crucial for the study of many fundamental biological processes, but current approaches to visualize actin have several limitations. Here we describe Lifeact, a 17-amino-acid peptide, which stained filamentous actin (F-actin) structures in eukaryotic cells and tissues.",NOINFO,NOINFO,0.999853253364563,0.00010762414603959769,3.905509220203385e-05
904,2603304,PDPN promotes efficient motility along stromal surfaces by activating the C-type lectin receptor to rearrange the actin cytoskeleton in dendritic cells.,"Siglec-1 Is a Novel Dendritic Cell Receptor That Mediates HIV-1 Trans-Infection Through Recognition of Viral Membrane Gangliosides Dendritic cells (DCs) are essential antigen-presenting cells for the induction of immunity against pathogens. Initial studies identified the C-type lectin DC-SIGN as the HIV-1 binding factor on DCs, which interacts with the viral envelope glycoproteins.",NOINFO,NOINFO,0.9997863173484802,0.000183062584255822,3.065263808821328e-05
907,6923961,PGE 2 promotes intestinal tumor growth by altering the expression of tumor suppressing and DNA repair genes.,"Prostaglandin E2 promotes intestinal tumor growth via DNA methylation Although aberrant DNA methylation is considered to be one of the key ways by which tumor-suppressor and DNA-repair genes are silenced during tumor initiation and progression, the mechanisms underlying DNA methylation alterations in cancer remain unclear. Here we show that prostaglandin E(2) (PGE(2)) silences certain tumor-suppressor and DNA-repair genes through DNA methylation to promote tumor growth.",NOINFO,NOINFO,0.9768428802490234,0.022176818922162056,0.0009802270215004683
907,11915280,PGE 2 promotes intestinal tumor growth by altering the expression of tumor suppressing and DNA repair genes.,"Suppression of intestinal neoplasia by deletion of Dnmt3b Using conditional inactivation of de novo methyltransferase Dnmt3b in Apc(Min/+) mice, we demonstrate that the loss of Dnmt3b has no impact on microadenoma formation, which is considered the earliest stage of intestinal tumor formation. These results support a role for Dnmt3b in the transition stage between microadenoma formation and macroscopic colonic tumor growth and further suggest that Dnmt3b, and by extension de novo methylation, is not required for maintaining tumor growth after this transition stage has occurred.",NOINFO,NOINFO,0.9996073842048645,0.00026997271925210953,0.0001226406602654606
907,17844478,PGE 2 promotes intestinal tumor growth by altering the expression of tumor suppressing and DNA repair genes.,"Autocrine VEGF Signaling Synergizes with EGFR in Tumor Cells to Promote Epithelial Cancer Development It is established that tumor cell-derived VEGF acts on endothelial cells to promote angiogenesis and tumor growth. Surprisingly, complete tumor inhibition occurs in the absence of VEGF in EGFR mutant mice, demonstrating that VEGFR and EGFR synergize in neoplastic cells to promote tumor growth.",NOINFO,NOINFO,0.9998401403427124,0.00012076739949407056,3.905457924702205e-05
907,11968641,PGE 2 promotes intestinal tumor growth by altering the expression of tumor suppressing and DNA repair genes.,"Enhancing circadian clock function in cancer cells inhibits tumor growth Accordingly, B16 proliferation in vitro and tumor growth in vivo was slowed down. CONCLUSIONS Here we demonstrated that the effects of dexamethasone on cell cycle and tumor growth are mediated by the tumor-intrinsic circadian clock.",NOINFO,NOINFO,0.9993501305580139,0.0005597866838797927,9.005380707094446e-05
911,11254556,PKG-la plays an essential role in expression of pain hypersensitivity in PGK-la knockout mice.,"Presynaptically Localized Cyclic GMP-Dependent Protein Kinase 1 Is a Key Determinant of Spinal Synaptic Potentiation and Pain Hypersensitivity Here, we found that Protein Kinase G1 (PKG-I) localized presynaptically in nociceptor terminals plays an essential role in the expression of spinal LTP. Our results thus indicate that presynaptic mechanisms involving an increase in release probability from nociceptors are operational in the expression of synaptic LTP on spinal-PAG projection neurons and that PKG-I localized in presynaptic nociceptor terminals plays an essential role in this process to regulate pain sensitivity.",SUPPORTS,SUPPORTS,0.0004526739357970655,0.998880922794342,0.0006664005341008306
911,14188138,PKG-la plays an essential role in expression of pain hypersensitivity in PGK-la knockout mice.,"Abnormal Spine Morphology and Enhanced LTP in LIMK-1 Knockout Mice Using LIMK-1 knockout mice, we demonstrate a significant role for LIMK-1 in vivo in regulating cofilin and the actin cytoskeleton. The knockout mice also showed altered fear responses and spatial learning.",NOINFO,NOINFO,0.9998283386230469,0.0001395448052790016,3.206235487596132e-05
911,33507866,PKG-la plays an essential role in expression of pain hypersensitivity in PGK-la knockout mice.,"Class III PI3K Vps34 plays an essential role in autophagy and in heart and liver function. Although Vps34 is known to play an essential role in autophagy in yeast, its role in mammals remains elusive. Taken together, our results indicate that Vps34 plays an essential role in regulating functional autophagy and is indispensable for normal liver and heart function.",NOINFO,NOINFO,0.9996488094329834,0.00029709903174079955,5.410575613495894e-05
911,21804115,PKG-la plays an essential role in expression of pain hypersensitivity in PGK-la knockout mice.,"Bone morphogenetic protein signaling in nephron progenitor cells Bone morphogenetic protein (BMP) signaling plays an essential role in many aspects of kidney development, and is a major determinant of outcome in kidney injury. BMP treatment is also an essential component of protocols for differentiation of nephron progenitors from pluripotent stem cells.",NOINFO,NOINFO,0.9996767044067383,0.00027210902771912515,5.1227725634817034e-05
911,10666475,PKG-la plays an essential role in expression of pain hypersensitivity in PGK-la knockout mice.,"The serine protease inhibitor SerpinA3N attenuates neuropathic pain by inhibiting T cell-derived leukocyte elastase Although recent gene expression profiling studies have enabled the identification of novel targets for pain therapy, classical study designs provide unclear results owing to the differential expression of hundreds of genes across sham and nerve-injured groups, which can be difficult to validate, particularly with respect to the specificity of pain modulation. To circumvent this, we used two outbred lines of rats, which are genetically similar except for being genetically segregated as a result of selective breeding for differences in neuropathic pain hypersensitivity.",NOINFO,NOINFO,0.9996511936187744,0.0003171889402437955,3.155968079227023e-05
913,3203590,PPAR-RXRs are inhibited by PPAR ligands.,Unique response pathways are established by allosteric interactions among nuclear hormone receptors These findings suggest that allosteric interactions among heterodimers create complexes with unique properties. We suggest that allostery is a critical feature underlying the generation of diversity in hormone response networks.,NOINFO,NOINFO,0.9998007416725159,9.817932004807517e-05,0.00010109822324011475
913,22478394,PPAR-RXRs are inhibited by PPAR ligands.,"Up-regulation of PPAR-gamma mRNA expression in the liver of obese patients: an additional reinforcing lipogenic mechanism to SREBP-1c induction. OBJECTIVES Liver peroxisome proliferator-activated receptor-γ (PPAR-γ) mRNA expression was measured as a signaling mechanism related to steatosis in obese patients with NAFLD. CONCLUSIONS PPAR-γ is up-regulated in the liver of obese patients with NAFLD, representing an additional reinforcing lipogenic mechanism to SREBP-1c induction in the development of hepatic steatosis.",NOINFO,NOINFO,0.9997215867042542,0.00012434310337994248,0.00015414417430292815
913,712078,PPAR-RXRs are inhibited by PPAR ligands.,Pharmacological correction of a defect in PPARγ signaling ameliorates disease severity in Cftr-deficient mice Treatment of Cftr-deficient mice with the synthetic PPAR-gamma ligand rosiglitazone partially normalizes the altered gene expression pattern associated with Cftr deficiency and reduces disease severity. These studies reveal a reversible defect in PPAR-gamma signaling in Cftr-deficient cells that can be pharmacologically corrected to ameliorate the severity of the cystic fibrosis phenotype in mice.,NOINFO,NOINFO,0.9998555183410645,7.843271305318922e-05,6.604695954592898e-05
913,25328476,PPAR-RXRs are inhibited by PPAR ligands.,"Peroxisome proliferator-activated receptor alpha activation decreases metastatic potential of melanoma cells in vitro via down-regulation of Akt. PURPOSE Peroxisome proliferator-activated receptors (PPAR) regulate lipid and glucose metabolism but their anticancer properties have been recently studied as well. These effects were reversed by PPAR inhibitor, GW9662.",NOINFO,NOINFO,0.9998465776443481,6.180293712532148e-05,9.151739504886791e-05
914,3203590,PPAR-RXRs can be activated by PPAR ligands.,Unique response pathways are established by allosteric interactions among nuclear hormone receptors These findings suggest that allosteric interactions among heterodimers create complexes with unique properties. We suggest that allostery is a critical feature underlying the generation of diversity in hormone response networks.,NOINFO,NOINFO,0.9992935657501221,0.000667327200062573,3.910953819286078e-05
914,712078,PPAR-RXRs can be activated by PPAR ligands.,"Pharmacological correction of a defect in PPARγ signaling ameliorates disease severity in Cftr-deficient mice Here we show that colonic epithelial cells and whole lung tissue from Cftr-deficient mice show a defect in peroxisome proliferator-activated receptor-gamma (PPAR-gamma, encoded by Pparg) function that contributes to a pathological program of gene expression. These studies reveal a reversible defect in PPAR-gamma signaling in Cftr-deficient cells that can be pharmacologically corrected to ameliorate the severity of the cystic fibrosis phenotype in mice.",NOINFO,NOINFO,0.9991422891616821,0.0007597670773975551,9.792322816792876e-05
914,22478394,PPAR-RXRs can be activated by PPAR ligands.,"Up-regulation of PPAR-gamma mRNA expression in the liver of obese patients: an additional reinforcing lipogenic mechanism to SREBP-1c induction. OBJECTIVES Liver peroxisome proliferator-activated receptor-γ (PPAR-γ) mRNA expression was measured as a signaling mechanism related to steatosis in obese patients with NAFLD. CONCLUSIONS PPAR-γ is up-regulated in the liver of obese patients with NAFLD, representing an additional reinforcing lipogenic mechanism to SREBP-1c induction in the development of hepatic steatosis.",NOINFO,NOINFO,0.9980576634407043,0.0016479978803545237,0.00029431781149469316
914,25328476,PPAR-RXRs can be activated by PPAR ligands.,"Peroxisome proliferator-activated receptor alpha activation decreases metastatic potential of melanoma cells in vitro via down-regulation of Akt. PURPOSE Peroxisome proliferator-activated receptors (PPAR) regulate lipid and glucose metabolism but their anticancer properties have been recently studied as well. These effects were reversed by PPAR inhibitor, GW9662.",NOINFO,NOINFO,0.9993541836738586,0.0005730639677494764,7.278579141711816e-05
921,1642727,Participating in six months of physical activity improves cognitive functioning.,"Effect of physical activity on cognitive function in older adults at risk for Alzheimer disease: a randomized trial. CONTEXT Many observational studies have shown that physical activity reduces the risk of cognitive decline; however, evidence from randomized trials is lacking. OBJECTIVE To determine whether physical activity reduces the rate of cognitive decline among older adults at risk.",SUPPORTS,SUPPORTS,0.03810099884867668,0.9491553902626038,0.012743555009365082
921,10010651,Participating in six months of physical activity improves cognitive functioning.,"Nutrition and physical activity guidelines for cancer survivors. To address these concerns, the American Cancer Society (ACS) convened a group of experts in nutrition, physical activity, and cancer survivorship to evaluate the scientific evidence and best clinical practices related to optimal nutrition and physical activity after the diagnosis of cancer. It also discusses select nutrition and physical activity issues such as body weight, food choices, food safety, and dietary supplements; issues related to selected cancer sites; and common questions about diet, physical activity, and cancer survivorship.",NOINFO,NOINFO,0.9998637437820435,7.542861567344517e-05,6.084581764298491e-05
921,26107000,Participating in six months of physical activity improves cognitive functioning.,Extrapulmonary effects of chronic obstructive pulmonary disease on physical activity: a cross-sectional study. RATIONALE Physical activity is reduced in patients with chronic obstructive pulmonary disease (COPD). Physical activity was assessed over 5 to 6 consecutive days by using a multisensor accelerometer armband that records steps per day and the physical activity level (total daily energy expenditure divided by whole-night sleeping energy expenditure).,NOINFO,NOINFO,0.9998414516448975,7.339243165915832e-05,8.513670036336407e-05
921,13083189,Participating in six months of physical activity improves cognitive functioning.,"Determinants of adolescent physical activity and inactivity patterns. OBJECTIVES Despite recognition of the important influence of environmental determinants on physical activity patterns, minimal empirical research has been done to assess the impact of environmental/contextual determinants of physical activity. We define environmental determinants as modifiable factors in the physical environment that impose a direct influence on the opportunity to engage in physical activity.",NOINFO,NOINFO,0.9998724460601807,7.211583579191938e-05,5.5401229474227875e-05
921,6647414,Participating in six months of physical activity improves cognitive functioning.,"Leisure time physical activity and mortality: a detailed pooled analysis of the dose-response relationship. However, the upper limit of longevity benefit or possible harm with more physical activity is unclear. OBJECTIVE To quantify the dose-response association between leisure time physical activity and mortality and define the upper limit of benefit or harm associated with increased levels of physical activity.",NOINFO,NOINFO,0.9997987151145935,0.00011125152377644554,9.009423229144886e-05
922,17077004,Patients in stable partnerships have a faster progression from HIV to AIDS.,"Stable partnership and progression to AIDS or death in HIV infected patients receiving highly active antiretroviral therapy: Swiss HIV cohort study. In an analysis stratified by previous antiretroviral therapy and clinical stage when starting HAART (US Centers for Disease Control and Prevention group A, B, or C), the adjusted hazard ratio for progression to AIDS or death was 0.79 (95% confidence interval 0.63 to 0.98) for participants with a stable partnership compared with those without. CONCLUSIONS A stable partnership is associated with a slower rate of progression to AIDS or death in HIV infected patients receiving HAART.",REFUTES,SUPPORTS,0.0004386697255540639,0.9987057447433472,0.0008555251406505704
922,11230569,Patients in stable partnerships have a faster progression from HIV to AIDS.,Towards an improved investment approach for an effective response to HIV/AIDS. Substantial changes are needed to achieve a more targeted and strategic approach to investment in the response to the HIV/AIDS epidemic that will yield long-term dividends. We propose a strategic investment framework that is intended to support better management of national and international HIV/AIDS responses than exists with the present system.,NOINFO,NOINFO,0.9998165965080261,0.00010657434177119285,7.691268547205254e-05
922,9161988,Patients in stable partnerships have a faster progression from HIV to AIDS.,Immune Activation with HIV Vaccines The development of a safe and effective HIV vaccine is perhaps the most important and challenging goal remaining in HIV-AIDS research. But the results of two vaccine concepts based on recombinant adenovirus serotype-5 (rAd5) (3–5) pointed to a potential major problem—that such vaccines might increase susceptibility to HIV infection.,NOINFO,NOINFO,0.9998512268066406,0.00010130099690286443,4.738617644761689e-05
922,28821565,Patients in stable partnerships have a faster progression from HIV to AIDS.,"Concentrations of tenofovir and emtricitabine in saliva: implications for preexposure prophylaxis of oral HIV acquisition. To prevent acquisition of HIV through oral sex, drugs used for preexposure prophylaxis (Prep) need to diffuse in saliva. We measured tenofovir (TFV) and emtricitabine (FTC) concentrations simultaneously in the plasma and saliva of 41 HIV-infected patients under stable antiretroviral treatment.",NOINFO,NOINFO,0.999685525894165,0.0002401375095359981,7.439112960128114e-05
922,22227889,Patients in stable partnerships have a faster progression from HIV to AIDS.,Caregiver burden in HIV-positive and HIV-negative partners of men with AIDS. This study examines factors associated with caregiver burden in 82 HIV-positive (HIV+) and 162 HIV-negative (HIV-) partners of men with AIDS. Comparisons of HIV+ caregivers with 61 HIV+ partners of healthy men indicated that most differences between HIV+ and HIV- caregivers were associated with HIV seropositivity rather than caregiving.,NOINFO,NOINFO,0.9998378753662109,0.00010410776303615421,5.805798355140723e-05
936,5483793,Peroxynitrite is required for nitration of TCR/CD8.,Altered recognition of antigen is a mechanism of CD8+ T cell tolerance in cancer Nitration of TCR-CD8 is induced by MDSCs through hyperproduction of reactive oxygen species and peroxynitrite during direct cell-cell contact. Molecular modeling suggests specific sites of nitration that might affect the conformational flexibility of TCR-CD8 and its interaction with pMHC.,SUPPORTS,SUPPORTS,0.000542845984455198,0.9988937973976135,0.000563369074370712
936,23100962,Peroxynitrite is required for nitration of TCR/CD8.,"Nitric oxide synthase generates superoxide and nitric oxide in arginine-depleted cells leading to peroxynitrite-mediated cellular injury. Nitrotyrosine, a specific nitration product of peroxynitrite, accumulated in L-Arg-depleted cells but not in control cells. Thus, with reduced L-Arg availability NOS elicits cytotoxicity by generating .O2- and NO that interact to form the potent oxidant peroxynitrite.",NOINFO,NOINFO,0.9997395873069763,0.00021359427773859352,4.6828881750116125e-05
936,20457190,Peroxynitrite is required for nitration of TCR/CD8.,"Biochemical differences in the alphabeta T cell receptor.CD3 surface complex between CD8+ and CD4+ human mature T lymphocytes. In contrast to all other TCR.CD3-specific monoclonal antibodies, RW2-8C8 stained CD8(+) better than it did CD4(+) T cells, and the difference was dependent on glycosylation of the TCR.CD3 complex but independent of T cell activation or differentiation. Finally, immunoprecipitation studies on purified primary CD4(+) and CD8(+) T cells revealed the existence of TCR glycosylation differences between the two.",NOINFO,NOINFO,0.9998624324798584,9.277866774937138e-05,4.4777290895581245e-05
936,18758057,Peroxynitrite is required for nitration of TCR/CD8.,"NSOM/QD-Based Direct Visualization of CD3-Induced and CD28-Enhanced Nanospatial Coclustering of TCR and Coreceptor in Nanodomains in T Cell Activation Such nano-spatial co-clustering of CD3 and CD4 or CD3 and CD8 appeared to be an intrinsic event of TCR/CD3 ligation, not purely limited to MHC engagement, and be driven by Lck phosphorylation. These nanoscale findings provide new insights into TCR/CD3 interaction with CD4 or CD8 co-receptor in T-cell activation.",NOINFO,NOINFO,0.9998540878295898,0.00010616282816044986,3.9747708797222e-05
936,24069089,Peroxynitrite is required for nitration of TCR/CD8.,TCR stimulation with modified anti-CD3 mAb expands CD8+ T cell population and induces CD8+CD25+ Tregs. Here we show that the anti-CD3 mAb caused activation of CD8+ T cells that was similar in vitro and in vivo and induced regulatory CD8+CD25+ T cells. The regulatory CD8+CD25+ cells were CTLA4 and Foxp3 and required contact for inhibition.,NOINFO,NOINFO,0.9997981190681458,0.0001559731172164902,4.583620830089785e-05
956,12956194,Pleiotropic coupling of GLP-1R to intracellular effectors promotes distinct profiles of cellular signaling.,The Extracellular Surface of the GLP-1 Receptor Is a Molecular Trigger for Biased Agonism Critical to the exploitation of signal bias is an understanding of the molecular events coupling ligand binding to intracellular signaling. Our data reveal that peptide agonists can engage different elements of the receptor extracellular face to achieve effector coupling and biased signaling providing a foundation for rational design of biased agonists.,NOINFO,NOINFO,0.9995961785316467,0.00035765173379331827,4.627666567103006e-05
956,3127341,Pleiotropic coupling of GLP-1R to intracellular effectors promotes distinct profiles of cellular signaling.,"Polymorphism and ligand dependent changes in human glucagon-like peptide-1 receptor (GLP-1R) function: allosteric rescue of loss of function mutation. However, regulation of GLP-1R function is complex with multiple endogenous peptides that interact with the receptor, including full-length (1-37) and truncated (7-37) forms of GLP-1 that can exist in an amidated form (GLP-1(1-36)NH₂ and GLP-1(7-36)NH₂) and the related peptide oxyntomodulin. In addition, the GLP-1R possesses exogenous agonists, including exendin-4, and the allosteric modulator, compound 2 (6,7-dichloro-2-methylsulfonyl-3-tert-butylaminoquinoxaline).",NOINFO,NOINFO,0.9998430013656616,0.00011843188258353621,3.852436930174008e-05
956,31107919,Pleiotropic coupling of GLP-1R to intracellular effectors promotes distinct profiles of cellular signaling.,"Differential Requirement of the Extracellular Domain in Activation of Class B G Protein-coupled Receptors. In one group, represented by corticotrophin-releasing factor receptor 1 (CRF1R), parathyroid hormone receptor (PTH1R), and pituitary adenylate cyclase activating polypeptide type 1 receptor (PAC1R), the ECD requirement for high affinity hormone binding can be bypassed by induced proximity and mass action effects, whereas in the other group, represented by glucagon receptor (GCGR) and glucagon-like peptide-1 receptor (GLP-1R), the ECD is required for signaling even when the hormone is covalently linked to the TMD. Furthermore, the activation of GLP-1R by small molecules that interact with the intracellular side of the receptor is dependent on the presence of its ECD, suggesting a direct role of the ECD in GLP-1R activation.",NOINFO,NOINFO,0.9997103810310364,0.0002556313993409276,3.399312845431268e-05
956,11090688,Pleiotropic coupling of GLP-1R to intracellular effectors promotes distinct profiles of cellular signaling.,Genetic variability in GLP-1 receptor is associated with inter-individual differences in weight lowering potential of liraglutide in obese women with PCOS: a pilot study The potential role of genetic variability of GLP-1R on body weight response to GLP-1 RAs in obese women with polycystic ovary syndrome (PCOS) has not yet been evaluated. They were genotyped for common GLP-1R single nucleotide polymorphisms (SNPs) rs6923761 and rs10305420.,NOINFO,NOINFO,0.9998264908790588,0.0001392722624586895,3.426371768000536e-05
957,123859,Podocytes are motile and migrate in the presence of injury.,"Tracking the fate of glomerular epithelial cells in vivo using serial multiphoton imaging in novel mouse models with fluorescent lineage tags Podocytes are critical in the maintenance of a healthy glomerular filter; however, they have been difficult to study in the intact kidney because of technical limitations. In podocin-GFP mice, podocytes formed sporadic multicellular clusters after unilateral ureteral ligation and migrated into the parietal Bowman's capsule.",SUPPORTS,NOINFO,0.9996747970581055,0.0002829480799846351,4.230362537782639e-05
957,13492264,Podocytes are motile and migrate in the presence of injury.,"Summary Scanning electron microscopy revealed that laminin induced a modified morphology of podocytes with process formation, which was more extensive in the presence of GBM. Under high magnification, podocytes appeared ruffled.",NOINFO,NOINFO,0.9996597766876221,0.00028239176026545465,5.7821336667984724e-05
957,28207326,Podocytes are motile and migrate in the presence of injury.,"VEGF and podocytes in diabetic nephropathy. Vascular endothelial growth factor-A (VEGF-A) is a protein secreted by podocytes that is necessary for survival of endothelial cells, podocytes, and mesangial cells. Recent findings on these pathogenic molecular mechanisms provide new potential targets for therapy for diabetic renal disease.",NOINFO,NOINFO,0.9998188614845276,0.00013845754438079894,4.264155722921714e-05
957,16355392,Podocytes are motile and migrate in the presence of injury.,"Modification of kidney barrier function by the urokinase receptor Gene transfer studies reveal a prerequisite for uPAR expression in podocytes, but not in endothelial cells, for the development of LPS-mediated proteinuria. Mechanistically, uPAR is required to activate αvβ3 integrin in podocytes, promoting cell motility and activation of the small GTPases Cdc42 and Rac1.",NOINFO,SUPPORTS,0.0679822564125061,0.9307084083557129,0.0013093617744743824
957,14591894,Podocytes are motile and migrate in the presence of injury.,"A talin-dependent LFA-1 focal zone is formed by rapidly migrating T lymphocytes Cells such as fibroblasts and endothelial cells migrate through the coordinated responses of discrete integrin-containing focal adhesions and complexes. In contrast, little is known about the organization of integrins on the highly motile T lymphocyte.",NOINFO,NOINFO,0.9998146891593933,0.00014146380999591202,4.390912363305688e-05
960,8780599,Polymeal nutrition reduces cardiovascular mortality.,"The Polymeal: a more natural, safer, and probably tastier (than the Polypill) strategy to reduce cardiovascular disease by more than 75%. METHODS Data on the ingredients of the Polymeal were taken from the literature. RESULTS Combining the ingredients of the Polymeal would reduce cardiovascular disease events by 76%.",SUPPORTS,REFUTES,0.0010818126611411572,0.4916556477546692,0.5072624683380127
960,25355575,Polymeal nutrition reduces cardiovascular mortality.,"High cardiovascular mortality in Russia cannot be explained by the classical risk factors. The Arkhangelsk study 2000 Though the cardiovascular mortality is high in Russia, the calculated risk for coronary heart disease (the Framingham risk score and the Norwegian risk score) was lower in all age groups of men and women in Arkhangelsk compared with studies from the Western Europe and USA. Our data suggest that high cardiovascular mortality in Russia may be driven not only by the classic risk factors for coronary heart disease.",NOINFO,NOINFO,0.9996951818466187,0.00010845110955415294,0.00019637958030216396
960,6525844,Polymeal nutrition reduces cardiovascular mortality.,"Impact of aortic stiffness on survival in end-stage renal disease. On the basis of Cox analyses, 2 factors emerged as predictors of all-cause and cardiovascular mortality: age and aortic PWV. 0 versus <9.4 m/s was 5.4 (95% CI, 2.4 to 11.9) for all-cause mortality and 5.9 (95% CI, 2.3 to 15.5) for cardiovascular mortality.",NOINFO,NOINFO,0.9998026490211487,9.760592365637422e-05,9.972561383619905e-05
960,43128141,Polymeal nutrition reduces cardiovascular mortality.,Enteral nutrition in the critically ill patient. Timing and route of nutrition provided to critically ill patients can affect their outcome. Early enteral nutrition has been shown to decrease specifically infectious morbidity in the critically ill patient.,NOINFO,NOINFO,0.9998288154602051,9.49756577028893e-05,7.616617949679494e-05
960,202259,Polymeal nutrition reduces cardiovascular mortality.,"Effect of lowering blood pressure on cardiovascular events and mortality in patients on dialysis: a systematic review and meta-analysis of randomised controlled trials BACKGROUND Patients undergoing dialysis have a substantially increased risk of cardiovascular mortality and morbidity. Blood pressure lowering treatment was associated with lower risks of cardiovascular events (RR 0.71, 95% CI 0.55-0.92; p=0.009), all-cause mortality (RR 0.80, 0.66-0.96; p=0.014), and cardiovascular mortality (RR 0.71, 0.50-0.99; p=0.044) than control regimens.",NOINFO,NOINFO,0.9995496869087219,0.0003689877048600465,8.121430437313393e-05
967,8997410,Pretreatment with the Arp2/3 inhibitor CK-666 affects lamelliopodia formation.,"Arp2/3 complex inhibition radically alters lamellipodial actin architecture, suspended cell shape, and the cell spreading process Recent studies have investigated the dendritic actin cytoskeleton of the cell edge's lamellipodial (LP) region by experimentally decreasing the activity of the actin filament nucleator and branch former, the Arp2/3 complex. Here we extend these studies via pharmacological inhibition of the Arp2/3 complex in sea urchin coelomocytes, cells that possess an unusually broad LP region and display correspondingly exaggerated centripetal flow.",SUPPORTS,NOINFO,0.9997424483299255,0.00022297281248029321,3.4529548429418355e-05
967,2119889,Pretreatment with the Arp2/3 inhibitor CK-666 affects lamelliopodia formation.,"Characterization of two classes of small molecule inhibitors of Arp2/3 complex CK-0944636 binds between Arp2 and Arp3, where it appears to block movement of Arp2 and Arp3 into their active conformation. CK-0993548 inserts into the hydrophobic core of Arp3 and alters its conformation.",NOINFO,NOINFO,0.9997739195823669,0.00019372823589947075,3.237523924326524e-05
967,12631697,Pretreatment with the Arp2/3 inhibitor CK-666 affects lamelliopodia formation.,"Activation of fast skeletal muscle troponin as a potential therapeutic approach for treating neuromuscular diseases We developed a small-molecule fast-skeletal-troponin activator, CK-2017357, as a means to increase muscle strength by amplifying the response of muscle when neural input is otherwise diminished secondary to neuromuscular disease. Binding selectively to the fast-skeletal-troponin complex, CK-2017357 slows the rate of calcium release from troponin C and sensitizes muscle to calcium.",NOINFO,NOINFO,0.9998470544815063,0.00011866389831993729,3.426442344789393e-05
967,22767022,Pretreatment with the Arp2/3 inhibitor CK-666 affects lamelliopodia formation.,"Abi1 is essential for the formation and activation of a WAVE2 signalling complex WAVE2 belongs to a family of proteins that mediates actin reorganization by relaying signals from Rac to the Arp2/3 complex, resulting in lamellipodia protrusion. WAVE2 displays Arp2/3-dependent actin nucleation activity in vitro, and does not bind directly to Rac.",NOINFO,NOINFO,0.99960857629776,0.0003538347373250872,3.762312917388044e-05
967,86694016,Pretreatment with the Arp2/3 inhibitor CK-666 affects lamelliopodia formation.,"Molecular mechanisms of invadopodium formation: the role of the N-WASP–Arp2/3 complex pathway and cofilin RNA interference and dominant-negative mutant expression analyses revealed that neural WASP (N-WASP), Arp2/3 complex, and their upstream regulators, Nck1, Cdc42, and WIP, are necessary for invadopodium formation. These results indicate that EGF receptor signaling regulates invadopodium formation through the N-WASP–Arp2/3 pathway and cofilin is necessary for the stabilization and maturation of invadopodia.",NOINFO,NOINFO,0.9995730519294739,0.0003966492076870054,3.0229961339500733e-05
971,46695481,Primary cervical cancer screening with HPV detection has higher longitudinal sensitivity than conventional cytology to detect cervical intraepithelial neoplasia grade 2.,"Human papillomavirus and Papanicolaou tests to screen for cervical cancer. BACKGROUND Screening for cervical cancer based on testing for human papillomavirus (HPV) increases the sensitivity of detection of high-grade (grade 2 or 3) cervical intraepithelial neoplasia, but whether this gain represents overdiagnosis or protection against future high-grade cervical epithelial neoplasia or cervical cancer is unknown. CONCLUSIONS The addition of an HPV test to the Pap test to screen women in their mid-30s for cervical cancer reduces the incidence of grade 2 or 3 cervical intraepithelial neoplasia or cancer detected by subsequent screening examinations.",SUPPORTS,SUPPORTS,0.0009159569744952023,0.998600423336029,0.0004836190491914749
971,27873158,Primary cervical cancer screening with HPV detection has higher longitudinal sensitivity than conventional cytology to detect cervical intraepithelial neoplasia grade 2.,"Efficacy of human papillomavirus testing for the detection of invasive cervical cancers and cervical intraepithelial neoplasia: a randomised controlled trial. BACKGROUND Human papillomavirus (HPV) testing is known to be more sensitive, but less specific than cytology for detecting cervical intraepithelial neoplasia (CIN). We assessed the efficacy of cervical-cancer screening policies that are based on HPV testing.",SUPPORTS,SUPPORTS,0.0010510579450055957,0.9984884262084961,0.0004605204740073532
971,28617573,Primary cervical cancer screening with HPV detection has higher longitudinal sensitivity than conventional cytology to detect cervical intraepithelial neoplasia grade 2.,"Evidence regarding human papillomavirus testing in secondary prevention of cervical cancer. A summary is given from recent meta-analyses and systematic reviews on 3 possible clinical applications of human papillomavirus (HPV) testing: triage of women with equivocal or low-grade cytologic abnormalities; prediction of the therapeutic outcome after treatment of cervical intraepithelial neoplasia (CIN) lesions, and last not but not least, primary screening for cervical cancer and pre-cancer. After conservative treatment of cervical pre-cancer, HPV testing picks up more quickly, with higher sensitivity and not lower specificity, residual or recurrent high-grade CIN than follow-up cytology.",SUPPORTS,SUPPORTS,0.0009655511821620166,0.9985957741737366,0.00043862141319550574
971,9764256,Primary cervical cancer screening with HPV detection has higher longitudinal sensitivity than conventional cytology to detect cervical intraepithelial neoplasia grade 2.,"Human papillomavirus testing for the detection of high-grade cervical intraepithelial neoplasia and cancer: final results of the POBASCAM randomised controlled trial. BACKGROUND Human papillomavirus (HPV) testing is more sensitive for the detection of high-grade cervical lesions than is cytology, but detection of HPV by DNA screening in two screening rounds 5 years apart has not been assessed. The aim of this study was to assess whether HPV DNA testing in the first screen decreases detection of cervical intraepithelial neoplasia (CIN) grade 3 or worse, CIN grade 2 or worse, and cervical cancer in the second screening.",SUPPORTS,SUPPORTS,0.0007684252341277897,0.9987553358078003,0.000476195098599419
971,27446873,Primary cervical cancer screening with HPV detection has higher longitudinal sensitivity than conventional cytology to detect cervical intraepithelial neoplasia grade 2.,"Rate of cervical cancer, severe intraepithelial neoplasia, and adenocarcinoma in situ in primary HPV DNA screening with cytology triage: randomised study within organised screening programme. OBJECTIVE To assess the performance and impact of primary human papillomavirus (HPV) DNA screening with cytology triage compared with conventional cytology on cervical cancer and severe pre-cancerous lesions. MAIN OUTCOME MEASURES Rate of cervical cancer, cervical intraepithelial neoplasia (CIN) grade III, and adenocarcinoma in situ (as a composite outcome referred to as CIN III+) during 2003-7 through record linkage between files from the screening registry and the national cancer registry.",NOINFO,NOINFO,0.9971104860305786,0.002830925863236189,5.858211079612374e-05
971,829646,Primary cervical cancer screening with HPV detection has higher longitudinal sensitivity than conventional cytology to detect cervical intraepithelial neoplasia grade 2.,A cohort study of the risk of cervical intraepithelial neoplasia grade 2 or 3 in relation to papillomavirus infection. RESULTS Cervical intraepithelial neoplasia grade 2 or 3 was confirmed by biopsy in 28 women. All 24 cases of cervical intraepithelial neoplasia grade 2 or 3 among HPV-positive women were detected within 24 months after the first positive test for HPV.,NOINFO,NOINFO,0.9976874589920044,0.002256112638860941,5.637046342599206e-05
971,23136735,Primary cervical cancer screening with HPV detection has higher longitudinal sensitivity than conventional cytology to detect cervical intraepithelial neoplasia grade 2.,"Short term persistence of human papillomavirus and risk of cervical precancer and cancer: population based cohort study OBJECTIVE To evaluate the cumulative incidence of cervical intraepithelial neoplasia II or worse (grade II+) or cervical intraepithelial neoplasia grade III+ after short term persistence of prevalently detected carcinogenic human papillomavirus (HPV). Short term persistence of HPV 16 strongly predicted cervical intraepithelial neoplasia grade II+, with a three year cumulative incidence of 40.8% (26.4% to 55.1%).",NOINFO,NOINFO,0.9991278052330017,0.0008344288216903806,3.7752219213871285e-05
971,6561200,Primary cervical cancer screening with HPV detection has higher longitudinal sensitivity than conventional cytology to detect cervical intraepithelial neoplasia grade 2.,Efficacy of HPV DNA testing with cytology triage and/or repeat HPV DNA testing in primary cervical cancer screening. BACKGROUND Primary cervical screening with both human papillomavirus (HPV) DNA testing and cytological examination of cervical cells with a Pap test (cytology) has been evaluated in randomized clinical trials. The main outcome measures were sensitivity for detection of cervical intraepithelial neoplasia grade 3 or worse (CIN3+) within 6 months of enrollment or at colposcopy for women with a persistent type-specific HPV infection and the number of screening tests and positive predictive value (PPV) for each screening strategy.,NOINFO,NOINFO,0.7478612661361694,0.2517282962799072,0.0004104114486835897
975,5304891,Primary pro-inflammatory cytokines induce secondary pro- and anti-inflammatory mediators.,"Inter-individual variability and genetic influences on cytokine responses to bacteria and fungi To systematically describe cytokine responses elicited by distinct pathogens and to determine the effect of genetic variation on cytokine production, we profiled cytokines produced by peripheral blood mononuclear cells from 197 individuals of European origin from the 200 Functional Genomics (200FG) cohort in the Human Functional Genomics Project (http://www.humanfunctionalgenomics.org), obtained over three different years. Furthermore, the cytokine QTLs that we identified were enriched among SNPs previously associated with infectious diseases and heart diseases.",NOINFO,NOINFO,0.9991169571876526,0.0008426082786172628,4.034387893625535e-05
975,34378726,Primary pro-inflammatory cytokines induce secondary pro- and anti-inflammatory mediators.,Interferon gamma in autoimmunity: A complicated player on a complex stage. Early views of autoimmune disease cast IFNγ as a prototypic pro-inflammatory factor. It is now clear that IFNγ is capable of both pro- and anti-inflammatory activities with the functional outcome dependent on the physiological and pathological setting examined.,NOINFO,NOINFO,0.9989847540855408,0.0008457942167297006,0.00016950021381489933
975,3475317,Primary pro-inflammatory cytokines induce secondary pro- and anti-inflammatory mediators.,"Inflammatory signaling in human Tuberculosis granulomas is spatially organized We found that the centers of granulomas have a pro-inflammatory environment that is characterized by the presence of antimicrobial peptides, reactive oxygen species and pro-inflammatory eicosanoids. Although the balance between systemic pro- and anti-inflammatory signals is crucial to TB disease outcome, here we find that these signals are physically segregated within each granuloma.",NOINFO,NOINFO,0.9988778233528137,0.0010722063016146421,5.000105011276901e-05
975,4454788,Primary pro-inflammatory cytokines induce secondary pro- and anti-inflammatory mediators.,"Pro-resolving lipid mediators are leads for resolution physiology Advances in our understanding of the mechanisms that bring about the resolution of acute inflammation have uncovered a new genus of pro-resolving lipid mediators that include the lipoxin, resolvin, protectin and maresin families, collectively called specialized pro-resolving mediators. In animal experiments, the mediators evoke anti-inflammatory and novel pro-resolving mechanisms, and enhance microbial clearance.",NOINFO,NOINFO,0.9997023940086365,0.0002660721947904676,3.143825597362593e-05
982,2988714,Proteins synthesized at the growth cone are ubiquitinated at a higher rate than proteins from the cell body.,"Coupled local translation and degradation regulate growth cone collapse Inhibition of RhoA degradation is sufficient to remove the protein-synthesis requirement for Sema3A-induced growth cone collapse. Thus, local protein degradation is a major feature of growth cones and creates a requirement for local translation to replenish proteins needed to maintain growth cone responses.",SUPPORTS,NOINFO,0.9994487166404724,0.0004555929626803845,9.568416862748563e-05
982,33912020,Proteins synthesized at the growth cone are ubiquitinated at a higher rate than proteins from the cell body.,"Thioredoxin mediates oxidation-dependent phosphorylation of CRMP2 and growth cone collapse. Semaphorin3A (Sema3A) is a repulsive guidance molecule for axons, which acts by inducing growth cone collapse through phosphorylation of CRMP2 (collapsin response mediator protein 2). Here, we show a role for CRMP2 oxidation and thioredoxin (TRX) in the regulation of CRMP2 phosphorylation and growth cone collapse.",NOINFO,NOINFO,0.9998171925544739,0.00014397282211575657,3.8825517549412325e-05
982,6609935,Proteins synthesized at the growth cone are ubiquitinated at a higher rate than proteins from the cell body.,"Differential regulation of actin microfilaments by human MICAL proteins. The Drosophila melanogaster MICAL protein is essential for the neuronal growth cone machinery that functions through plexin- and semaphorin-mediated axonal signaling. Moreover, we provide evidence that the generation of reactive oxygen species by MICAL proteins is crucial for their actin-regulatory function.",NOINFO,NOINFO,0.9998812675476074,7.736968109384179e-05,4.141300087212585e-05
982,23160444,Proteins synthesized at the growth cone are ubiquitinated at a higher rate than proteins from the cell body.,"Two-tiered coupling between flowing actin and immobilized N-cadherin/catenin complexes in neuronal growth cones. We cultured primary neurons on N-cadherin-coated micropatterned substrates, and imaged adhesion and cytoskeletal proteins at the ventral surface of growth cones using single particle tracking combined to photoactivated localization microscopy (sptPALM). Such a combination of short- and long-lived interactions between the motile actin network and spatially restricted adhesive complexes represents a two-tiered clutch mechanism likely to sustain dynamic environment sensing and provide the force necessary for growth cone migration.",NOINFO,NOINFO,0.9998762607574463,8.060861728154123e-05,4.314668331062421e-05
982,27569370,Proteins synthesized at the growth cone are ubiquitinated at a higher rate than proteins from the cell body.,"Emerging mechanisms in morphogen-mediated axon guidance. Early in animal development, gradients of secreted morphogenic molecules, such as Sonic hedgehog (Shh), Wnt and TGFbeta/Bmp family members, regulate cell proliferation and determine the fate and phenotype of the target cells by activating well-characterized signalling pathways, which ultimately control gene transcription. A key question then is whether morphogen signalling at the growth cone uses similar mechanisms and intracellular pathway components to those described for morphogen-mediated cell specification.",NOINFO,NOINFO,0.9998935461044312,6.426790787372738e-05,4.214791988488287e-05
985,6828370,Pseudogene PTENP1 regulates the expression of PTEN by functioning as an miRNA decoy.,"A coding-independent function of gene and pseudogene mRNAs regulates tumour biology As a model for the protein-coding-independent role of RNAs, we describe the functional relationship between the mRNAs produced by the PTEN tumour suppressor gene and its pseudogene PTENP1 and the critical consequences of this interaction. We find that PTENP1 is biologically active as it can regulate cellular levels of PTEN and exert a growth-suppressive role.",SUPPORTS,NOINFO,0.9979648590087891,0.0019454313442111015,8.975351374829188e-05
985,34071621,Pseudogene PTENP1 regulates the expression of PTEN by functioning as an miRNA decoy.,"Nuclear PTEN functions as an essential regulator of SRF-dependent transcription to control smooth muscle differentiation Here we report that the lipid and protein phosphatase, PTEN, has a novel role in the nucleus by functioning as an indispensible regulator with SRF to maintain the differentiated SM phenotype. Overall decreased expression of PTEN was observed in intimal SMCs of human atherosclerotic lesions underlying the potential clinical importance of these findings.",NOINFO,NOINFO,0.9996612071990967,0.00028683917480520904,5.193211109144613e-05
985,16346504,Pseudogene PTENP1 regulates the expression of PTEN by functioning as an miRNA decoy.,"LncRNA-GAS5 induces PTEN expression through inhibiting miR-103 in endometrial cancer cells And we found that the expression of PTEN was up-regulated when endometrial cancer cells overexpressed GAS5. Through inhibiting the expression of miR-103, GAS5 significantly enhanced the expression of PTEN to promote cancer cell apoptosis, and, thus, could be an important mediator in the pathogenesis of endometrial cancer.",NOINFO,NOINFO,0.9997579455375671,0.0001673279912211001,7.468770490959287e-05
985,16364639,Pseudogene PTENP1 regulates the expression of PTEN by functioning as an miRNA decoy.,"An Extensive MicroRNA-Mediated Network of RNA-RNA Interactions Regulates Established Oncogenic Pathways in Glioblastoma siRNA silencing of 13 miR-mediated PTEN regulators, whose locus deletions are predictive of PTEN expression variability, was sufficient to downregulate PTEN in a 3'UTR-dependent manner and to increase tumor cell growth rates. Thus, miR-mediated interactions provide a mechanistic, experimentally validated rationale for the loss of PTEN expression in a large number of glioma samples with an intact PTEN locus.",NOINFO,NOINFO,0.9997351765632629,0.00018886395264416933,7.586212450405583e-05
985,2356950,Pseudogene PTENP1 regulates the expression of PTEN by functioning as an miRNA decoy.,"Epigenetic regulation of miR-184 by MBD1 governs neural stem cell proliferation and differentiation. Here, we show that MBD1 regulates the expression of several microRNAs in aNSCs and, specifically, that miR-184 is directly repressed by MBD1. We further found that miR-184 regulates the expression of Numblike (Numbl), a known regulator of brain development, by binding to the 3'-UTR of Numbl mRNA and affecting its translation.",NOINFO,NOINFO,0.9997221827507019,0.00017128993931692094,0.00010656427912181243
993,16472469,Pyridostatin destabilizes the G - quadruplex in the telomeric region.,"Targeting BRCA1 and BRCA2 Deficiencies with G-Quadruplex-Interacting Compounds G-quadruplex (G4)-forming genomic sequences, including telomeres, represent natural replication fork barriers. Treatment with the G4-stabilizing compound pyridostatin (PDS) increases telomere fragility in BRCA2-deficient cells, suggesting that G4 formation drives telomere instability.",REFUTES,SUPPORTS,0.00043342026765458286,0.9944936633110046,0.005072903819382191
993,25842866,Pyridostatin destabilizes the G - quadruplex in the telomeric region.,"In vitro generated antibodies specific for telomeric guanine-quadruplex DNA react with Stylonychia lemnae macronuclei. Most eukaryotic telomeres contain a repeating motif with stretches of guanine residues that form a 3'-terminal overhang extending beyond the telomeric duplex region. The replication band, the region where replication and telomere elongation take place, was also not stained, suggesting that the guanine-quadruplex is resolved during replication.",NOINFO,NOINFO,0.9998829364776611,4.5041353587294e-05,7.197587547125295e-05
993,26607366,Pyridostatin destabilizes the G - quadruplex in the telomeric region.,"Rational design of acridine-based ligands with selectivity for human telomeric quadruplexes. These effects were further explored with a series of competition experiments, which confirmed that binding to duplex DNA is very low even at high duplex:telomeric quadruplex ratios. Selectivity to the c-kit quadruplexes is more complex, with some evidence of their stabilization at increasing excess over human telomeric quadruplex DNA.",NOINFO,NOINFO,0.9998941421508789,6.579201726708561e-05,4.006105154985562e-05
993,26118532,Pyridostatin destabilizes the G - quadruplex in the telomeric region.,The different biological effects of telomestatin and TMPyP4 can be attributed to their selectivity for interaction with intramolecular or intermolecular G-quadruplex structures. The next important issue is the selectivity of G-quadruplex-interactive agents for the different types of G-quadruplex structures. Telomestatin is able to stabilize G-quadruplex structures that are formed from duplex human telomeric DNA as well as from single-stranded DNA.,NOINFO,NOINFO,0.9998360872268677,0.00011523658758960664,4.8604008043184876e-05
993,6386930,Pyridostatin destabilizes the G - quadruplex in the telomeric region.,"Insights into G-quadruplex specific recognition by the DEAH-box helicase RHAU: Solution structure of a peptide-quadruplex complex. However, the structural basis for specific G-quadruplex recognition by proteins has not been understood. Here we identified an 18-amino acid G-quadruplex-binding domain of RHAU and determined the structure of this peptide bound to a parallel DNA G-quadruplex.",NOINFO,NOINFO,0.999826967716217,8.2839083916042e-05,9.027291525853798e-05
1012,9745001,Radioiodine treatment of non-toxic multinodular goitre reduces thyroid volume.,Radioiodine treatment of multinodular non-toxic goitre. OBJECTIVE To investigate the long term effect of radioactive iodine on thyroid function and size in patients with non-toxic multinodular goitre. CONCLUSIONS A substantial reduction in thyroid volume accompanied by a low incidence of hypothyroidism and few side effects makes the use of radioactive iodine an attractive alternative to surgery in selected cases of non-toxic multinodular goitre.,SUPPORTS,REFUTES,0.0004138622316531837,0.03501463308930397,0.9645715951919556
1012,26026009,Radioiodine treatment of non-toxic multinodular goitre reduces thyroid volume.,Magnetic resonance imaging for volume estimation of large multinodular goitres: a comparison with scintigraphy. 21 years) with a multinodular goitre larger than 100 ml. It is concluded that MR imaging can be used for in vivo thyroid volume estimation in large multinodular goitres.,NOINFO,NOINFO,0.9988190531730652,0.00014270981773734093,0.0010381425963714719
1012,43122426,Radioiodine treatment of non-toxic multinodular goitre reduces thyroid volume.,"131-I radioiodine therapy for hyperthyroidism in patients with Graves' disease, uninodular goitre and multinodular goitre. We studied 201 consecutive patients who received a relatively fixed dose of radioiodine for the treatment of hyperthyroidism between the years 1981-6. Patients with a multinodular goitre (21) were initially treated with a mean (SE) dose of 613 (77) MBq 131-I with a remission rate of 79% at 6 months and a cumulative relapse rate of 26% at 1 year and 39% at 5 years.",NOINFO,NOINFO,0.999607264995575,0.00010029205441242084,0.00029248077771626413
1012,6751418,Radioiodine treatment of non-toxic multinodular goitre reduces thyroid volume.,"Dosimetry and risk estimates of radioiodine therapy for large, multinodular goiters. 1.4 Gy (thyroid), 1.2 +/- However, for elderly patients and patients with cardiopulmonary disease, the advantages of noninvasive radioiodine treatment will outweight the life-time risk of this mode of therapy.",NOINFO,NOINFO,0.9997710585594177,8.496460213791579e-05,0.0001439661718904972
1012,37912677,Radioiodine treatment of non-toxic multinodular goitre reduces thyroid volume.,"Dose-response study on thyrotoxic patients undergoing positron emission tomography and radioiodine therapy Since positron emission tomography (PET) has been available at this hospital, the radiation dose to the thyroid has been calculated with an accuracy of ∼20%, the thyroid mass being determined from an iodine-124 PET scan. Further 131I therapy will only be considered if patients are still toxic at 12 months.",NOINFO,NOINFO,0.999833345413208,7.396745786536485e-05,9.259494254365563e-05
1014,6277638,Rapamycin decreases the concentration of triacylglycerols in fruit flies.,"Mechanisms of Life Span Extension by Rapamycin in the Fruit Fly Drosophila melanogaster Increase in life span by rapamycin was associated with increased resistance to both starvation and paraquat. Rapamycin could increase life span of weak insulin/Igf signaling (IIS) pathway mutants and of flies with life span maximized by dietary restriction, indicating additional mechanisms.",NOINFO,NOINFO,0.9998594522476196,5.627294012811035e-05,8.431085734628141e-05
1014,13162391,Rapamycin decreases the concentration of triacylglycerols in fruit flies.,"Funnel trap for the capture of phlebotomine sand flies (Diptera: Psychodidae) from tree holes. A funnel trap that fitted over holes leading into hollow trees was used to capture adult phlebotomine sand flies, Lutzomyia shannoni Dyar, on Ossabaw Island, Chatham County, Ga. These insects rested in hollow trees during the day and were collected by funnel traps as they egressed from the tree holes at night. Using this trap, greater than 100 healthy L. shannoni ++were captured per night by a single investigator during July and August 1988 when adult flies were abundant on the island.",NOINFO,NOINFO,0.9998698234558105,5.8744226407725364e-05,7.141481910366565e-05
1014,34760396,Rapamycin decreases the concentration of triacylglycerols in fruit flies.,"Human and other faeces as breeding media of the trachoma vector Musca sorbens. After adjusting for mass of medium, the greatest number of flies emerged from human faeces (1426 flies/kg). Of all flies emerging from faeces 81% were M. sorbens.",NOINFO,NOINFO,0.9998292922973633,5.726913150283508e-05,0.00011344923404976726
1014,18557974,Rapamycin decreases the concentration of triacylglycerols in fruit flies.,"British Journal of Nutrition (2003), 89, 295–301 q The Authors 2003 DOI: 10.1079/BJN2002776 Plasma homocysteine concentration is decreased by dietary intervention* The low-folate diet contained one serving of both vegetables and fruit/d, while during the high-folate diet the subjects ate at least seven servings of vegetables, berries, and citrus fruit/d. In conclusion, a diet high in fresh berries, citrus fruit, and vegetables effectively increases serum and RBC folate and decreases plasma homocysteine.",NOINFO,NOINFO,0.999808132648468,8.171269291779026e-05,0.00011017141514457762
1019,11603066,Rapid phosphotransfer rates govern fidelity in two component systems,"Using Structural Information to Change the Phosphotransfer Specificity of a Two-Component Chemotaxis Signalling Complex Some bacteria have over 150 different two-component pathways, and the specificity of the phosphotransfer reactions within these systems is tightly controlled to prevent unwanted crosstalk. Introduction of this methionine and an adjacent alanine residue into a range of noncognate CheYs, dramatically changed their specificity, allowing protein interaction and rapid phosphotransfer from CheA(3)-P. The structure presented here has allowed us to identify specificity determinants for the CheA-CheY interaction and subsequently to successfully reengineer phosphotransfer signalling.",SUPPORTS,NOINFO,0.9979706406593323,0.0019246559822931886,0.00010472834401298314
1019,1225513,Rapid phosphotransfer rates govern fidelity in two component systems,Specificity Residues Determine Binding Affinity for Two-Component Signal Transduction Systems UNLABELLED Two-component systems (TCS) comprise histidine kinases and their cognate response regulators and allow bacteria to sense and respond to a wide variety of signals. The data indicate that preferential binding affinity is the basis for signaling fidelity in bacterial two-component systems.,NOINFO,NOINFO,0.9996904134750366,0.0002658092707861215,4.3817999539896846e-05
1019,9875570,Rapid phosphotransfer rates govern fidelity in two component systems,"DNA replication fidelity Here we review our current understanding of replication fidelity, with emphasis on structural and biochemical studies of DNA polymerases that provide new insights into the importance of hydrogen bonding, base pair geometry, and substrate-induced conformational changes to fidelity. We highlight common features that are relevant to the fidelity of any DNA synthesis reaction, and consider why fidelity varies depending on the enzymes, the error, and the local sequence environment.",NOINFO,NOINFO,0.9998430013656616,0.00011889541201526299,3.8075551856309175e-05
1019,196664003,Rapid phosphotransfer rates govern fidelity in two component systems,"Signaling architectures that transmit unidirectional information despite retroactivity We find that single stage phosphorylation and phosphotransfer systems that transmit signals from a kinase show a stringent design trade-off that hampers their ability to overcome retroactivity. By contrast, phosphotransfer systems, and single and double phosphorylation cycles that transmit signals from a substrate are unable to mitigate retroactivity effects, even when cascaded, and hence are not well suited for unidirectional information transmission.",NOINFO,NOINFO,0.9997908473014832,0.00016060906636994332,4.8506975872442126e-05
1019,6847208,Rapid phosphotransfer rates govern fidelity in two component systems,"Autoinduction and signal transduction in the regulation of staphylococcal virulence. The accessory genes of Staphylococcus aureus, including those involved in pathogenesis, are controlled by a complex regulatory network that includes at least four two-component systems, one of which, agr, is a quorum sensor, an alternative sigma factor and a large set of transcription factors, including at least two of the superantigen genes, tst and seb. To address this hypothesis, it will be necessary to understand in considerable detail the regulatory interactions among the organism's numerous controlling systems.",NOINFO,NOINFO,0.9998915195465088,7.113793981261551e-05,3.73409129679203e-05
1020,9433958,Rapid up-regulation and higher basal expression of interferon-induced genes increase survival of granule cell neurons that are infected by West Nile virus.,"Differential innate immune response programs in neuronal subtypes determine susceptibility to infection in the brain by positive stranded RNA viruses By transducing cortical neurons with genes that were expressed more highly in granule cell neurons, we identified three interferon-stimulated genes (ISGs; Ifi27, Irg1 and Rsad2 (also known as Viperin)) that mediated the antiviral effects against different neurotropic viruses. Moreover, we found that the epigenetic state and microRNA (miRNA)-mediated regulation of ISGs correlates with enhanced antiviral response in granule cell neurons.",SUPPORTS,NOINFO,0.9997537732124329,0.0002127645566361025,3.346756420796737e-05
1020,10559501,Rapid up-regulation and higher basal expression of interferon-induced genes increase survival of granule cell neurons that are infected by West Nile virus.,"Beta interferon controls West Nile virus infection and pathogenesis in mice. Studies with mice lacking the common plasma membrane receptor for type I interferon (IFN-αβR(-)(/)(-)) have revealed that IFN signaling restricts tropism, dissemination, and lethality after infection with West Nile virus (WNV) or several other pathogenic viruses. Consistent with a direct role for IFN-β in control of WNV replication, viral titers in ex vivo cultures of macrophages, dendritic cells, fibroblasts, and cerebellar granule cell neurons, but not cortical neurons, from IFN-β(-)(/)(-) mice were greater than in wild-type cells.",NOINFO,NOINFO,0.9997171759605408,0.0002453603083267808,3.748052768060006e-05
1020,38376189,Rapid up-regulation and higher basal expression of interferon-induced genes increase survival of granule cell neurons that are infected by West Nile virus.,"A Live Attenuated Chimeric West Nile Virus Vaccine, rWN/DEN4&Dgr;30, Is Well Tolerated and Immunogenic in Flavivirus-Naive Older Adult Volunteers West Nile virus (WNV) is a major cause of mosquito-borne illness in the United States. A chimeric live attenuated West Nile virus vaccine, rWN/DEN4&Dgr;30, was shown to be safe and immunogenic in healthy adults aged 18–50 years.",NOINFO,NOINFO,0.9998062252998352,0.00015147110389079899,4.2309187847422436e-05
1020,12885341,Rapid up-regulation and higher basal expression of interferon-induced genes increase survival of granule cell neurons that are infected by West Nile virus.,"A C-Type Lectin Collaborates with a CD45 Phosphatase Homolog to Facilitate West Nile Virus Infection of Mosquitoes West Nile virus (WNV) is the most common arthropod-borne flavivirus in the United States; however, the vector ligand(s) that participate in infection are not known. A similar phenomenon was also observed in Culex quinquefasciatus, a natural vector of WNV, further demonstrating that these genes participate in WNV infection.",NOINFO,NOINFO,0.9998559951782227,0.00010595588537398726,3.807604662142694e-05
1020,34287602,Rapid up-regulation and higher basal expression of interferon-induced genes increase survival of granule cell neurons that are infected by West Nile virus.,"Genetic variation in West Nile virus from naturally infected mosquitoes and birds suggests quasispecies structure and strong purifying selection. Intrahost genetic diversity was analysed in naturally infected mosquitoes and birds to determine whether West Nile virus (WNV) exists in nature as a quasispecies and to quantify selective pressures within and between hosts. WNV was sampled from ten infected birds and ten infected mosquito pools collected on Long Island, NY, USA, during the peak of the 2003 WNV transmission season.",NOINFO,NOINFO,0.9998196959495544,0.0001381874899379909,4.2144805775024e-05
1021,9433958,Rapid up-regulation and higher basal expression of interferon-induced genes reduce survival of granule cell neurons that are infected by West Nile virus.,"Differential innate immune response programs in neuronal subtypes determine susceptibility to infection in the brain by positive stranded RNA viruses By transducing cortical neurons with genes that were expressed more highly in granule cell neurons, we identified three interferon-stimulated genes (ISGs; Ifi27, Irg1 and Rsad2 (also known as Viperin)) that mediated the antiviral effects against different neurotropic viruses. Moreover, we found that the epigenetic state and microRNA (miRNA)-mediated regulation of ISGs correlates with enhanced antiviral response in granule cell neurons.",REFUTES,NOINFO,0.999868631362915,7.935828762128949e-05,5.194288678467274e-05
1021,10559501,Rapid up-regulation and higher basal expression of interferon-induced genes reduce survival of granule cell neurons that are infected by West Nile virus.,"Beta interferon controls West Nile virus infection and pathogenesis in mice. Studies with mice lacking the common plasma membrane receptor for type I interferon (IFN-αβR(-)(/)(-)) have revealed that IFN signaling restricts tropism, dissemination, and lethality after infection with West Nile virus (WNV) or several other pathogenic viruses. Consistent with a direct role for IFN-β in control of WNV replication, viral titers in ex vivo cultures of macrophages, dendritic cells, fibroblasts, and cerebellar granule cell neurons, but not cortical neurons, from IFN-β(-)(/)(-) mice were greater than in wild-type cells.",NOINFO,NOINFO,0.9998478889465332,0.00010472061694599688,4.729356078314595e-05
1021,38376189,Rapid up-regulation and higher basal expression of interferon-induced genes reduce survival of granule cell neurons that are infected by West Nile virus.,"A Live Attenuated Chimeric West Nile Virus Vaccine, rWN/DEN4&Dgr;30, Is Well Tolerated and Immunogenic in Flavivirus-Naive Older Adult Volunteers West Nile virus (WNV) is a major cause of mosquito-borne illness in the United States. A chimeric live attenuated West Nile virus vaccine, rWN/DEN4&Dgr;30, was shown to be safe and immunogenic in healthy adults aged 18–50 years.",NOINFO,NOINFO,0.9998515844345093,8.219644951168448e-05,6.61758313071914e-05
1021,12885341,Rapid up-regulation and higher basal expression of interferon-induced genes reduce survival of granule cell neurons that are infected by West Nile virus.,"A C-Type Lectin Collaborates with a CD45 Phosphatase Homolog to Facilitate West Nile Virus Infection of Mosquitoes West Nile virus (WNV) is the most common arthropod-borne flavivirus in the United States; however, the vector ligand(s) that participate in infection are not known. A similar phenomenon was also observed in Culex quinquefasciatus, a natural vector of WNV, further demonstrating that these genes participate in WNV infection.",NOINFO,NOINFO,0.9998738765716553,7.721813744865358e-05,4.889148476650007e-05
1021,34287602,Rapid up-regulation and higher basal expression of interferon-induced genes reduce survival of granule cell neurons that are infected by West Nile virus.,"Genetic variation in West Nile virus from naturally infected mosquitoes and birds suggests quasispecies structure and strong purifying selection. Intrahost genetic diversity was analysed in naturally infected mosquitoes and birds to determine whether West Nile virus (WNV) exists in nature as a quasispecies and to quantify selective pressures within and between hosts. WNV was sampled from ten infected birds and ten infected mosquito pools collected on Long Island, NY, USA, during the peak of the 2003 WNV transmission season.",NOINFO,NOINFO,0.9998182654380798,0.00011773705045925453,6.401252903742716e-05
1024,5373138,Recurrent mutations occur frequently within CTCF anchor sites adjacent to oncogenes.,"3D Chromosome Regulatory Landscape of Human Pluripotent Cells. To devise this map, we identified transcriptional enhancers and insulators in these cells and placed them within the context of cohesin-associated CTCF-CTCF loops using cohesin ChIA-PET data. The CTCF anchor regions we identified are conserved across species, influence gene expression, and are a frequent site of mutations in cancer cells, underscoring their functional importance in cellular regulation.",SUPPORTS,NOINFO,0.999810516834259,0.00015206457464955747,3.748402377823368e-05
1024,24995939,Recurrent mutations occur frequently within CTCF anchor sites adjacent to oncogenes.,"Specific sites in the C terminus of CTCF interact with the SA2 subunit of the cohesin complex and are required for cohesin-dependent insulation activity. Expression in vivo of CTCF mutants lacking the C-terminal domain, or with mutations at sites within it required for SA2 binding, disrupts the normal expression profile of the imprinted genes IGF2-H19 and also results in a loss of insulation activity. Taken together, our results demonstrate that specific sites on the C terminus of CTCF are essential for cohesin binding and insulator function.",NOINFO,NOINFO,0.9996786117553711,0.00023184022575151175,8.955712110036984e-05
1024,14530534,Recurrent mutations occur frequently within CTCF anchor sites adjacent to oncogenes.,"Comprehensive Identification and Annotation of Cell Type-Specific and Ubiquitous CTCF-Binding Sites in the Human Genome While CTCF has been implicated in diverse regulatory functions, CTCF has only been studied in a limited number of cell types across human genome. Thus, it is not clear whether the identified cell type-specific differences in CTCF-binding sites are functionally significant.",NOINFO,NOINFO,0.9998193383216858,0.00012705584231298417,5.358909038477577e-05
1024,8494570,Recurrent mutations occur frequently within CTCF anchor sites adjacent to oncogenes.,"Characterization of constitutive CTCF/cohesin loci: a possible role in establishing topological domains in mammalian genomes RESULTS We systematically analysed the genomic, transcriptomic and epigenetic profiles of the CTCF binding sites in 56 human cell lines from ENCODE. We identified ~24,000 CTCF sites (referred to as constitutive sites) that were bound in more than 90% of the cell lines.",NOINFO,NOINFO,0.9997650980949402,0.00016732918447814882,6.760711403330788e-05
1024,4312169,Recurrent mutations occur frequently within CTCF anchor sites adjacent to oncogenes.,"Driver mutations in histone H3.3 and chromatin remodelling genes in paediatric glioblastoma Recurrent mutations in H3F3A, which encodes the replication-independent histone 3 variant H3.3, were observed in 31% of tumours, and led to amino acid substitutions at two critical positions within the histone tail (K27M, G34R/G34V) involved in key regulatory post-translational modifications. This is, to our knowledge, the first report to highlight recurrent mutations in a regulatory histone in humans, and our data suggest that defects of the chromatin architecture underlie paediatric and young adult GBM pathogenesis.",NOINFO,NOINFO,0.9997890591621399,0.00015627662651240826,5.4751213610870764e-05
1029,13923140,Reduced responsiveness to interleukin-2 in regulatory T cells is associated with greater resistance to autoimmune diseases such as Type 1 Diabetes.,"Interleukin-2 gene variation impairs regulatory T cell function and causes autoimmunity Autoimmune diseases are thought to result from imbalances in normal immune physiology and regulation. Reduced IL-2 production achieved by either genetic mechanism correlates with reduced function of CD4+ CD25+ regulatory T cells, which are critical for maintaining immune homeostasis.",REFUTES,SUPPORTS,0.0011565213790163398,0.9984049201011658,0.00043853759416379035
1029,13940200,Reduced responsiveness to interleukin-2 in regulatory T cells is associated with greater resistance to autoimmune diseases such as Type 1 Diabetes.,"Large-scale genetic fine mapping and genotype-phenotype associations implicate polymorphism in the IL2RA region in type 1 diabetes Here, we have localized the type 1 diabetes (T1D) association in the interleukin 2 receptor alpha (IL2RA) gene region to two independent groups of SNPs, spanning overlapping regions of 14 and 40 kb, encompassing IL2RA intron 1 and the 5′ regions of IL2RA and RBM17 (odds ratio = 2.04, 95% confidence interval = 1.70–2.45; P = 1.92 × 10−28; control frequency = 0.635). Furthermore, we have associated IL2RA T1D susceptibility genotypes with lower circulating levels of the biomarker, soluble IL-2RA (P = 6.28 × 10−28), suggesting that an inherited lower immune responsiveness predisposes to T1D.",REFUTES,NOINFO,0.7922107577323914,0.2072668820619583,0.0005223636399023235
1029,11899391,Reduced responsiveness to interleukin-2 in regulatory T cells is associated with greater resistance to autoimmune diseases such as Type 1 Diabetes.,"Type 1 diabetes-associated IL2RA variation lowers IL-2 signaling and contributes to diminished CD4+CD25+ regulatory T cell function. Numerous reports have demonstrated that CD4(+)CD25(+) regulatory T cells (Tregs) from individuals with a range of human autoimmune diseases, including type 1 diabetes, are deficient in their ability to control autologous proinflammatory responses when compared with nondiseased, control individuals. We addressed this by examining the impact of an IL2RA haplotype associated with type 1 diabetes on Treg fitness and suppressive function.",REFUTES,SUPPORTS,0.0011397781781852245,0.99847012758255,0.0003900688316207379
1029,7115651,Reduced responsiveness to interleukin-2 in regulatory T cells is associated with greater resistance to autoimmune diseases such as Type 1 Diabetes.,"Key role for IL-21 in experimental autoimmune uveitis. Whereas IL-2 promotes development of regulatory T cells and confers protection from autoimmune disease, IL-21 promotes differentiation of Th17 cells and is implicated in several autoimmune diseases, including type 1 diabetes and systemic lupus erythematosus. However, the roles of IL-21 and IL-2 in CNS autoimmune diseases such as multiple sclerosis and uveitis have been controversial.",NOINFO,NOINFO,0.9994052648544312,0.0005032895714975893,9.147699893219396e-05
1029,33535222,Reduced responsiveness to interleukin-2 in regulatory T cells is associated with greater resistance to autoimmune diseases such as Type 1 Diabetes.,"Recipient-type specific CD4+CD25+ regulatory T cells favor immune reconstitution and control graft-versus-host disease while maintaining graft-versus-leukemia. CD4+CD25+ regulatory T cells (Treg's) play a pivotal role in preventing organ-specific autoimmune diseases and in inducing tolerance to allogeneic organ transplants. Preferential survival of specific regulatory T cells, but not of irrelevant regulatory T cells, was observed in grafted animals.",NOINFO,NOINFO,0.9998618364334106,0.00010189737076871097,3.6190984246786684e-05
1029,2388819,Reduced responsiveness to interleukin-2 in regulatory T cells is associated with greater resistance to autoimmune diseases such as Type 1 Diabetes.,"In Vitro–expanded Antigen-specific Regulatory T Cells Suppress Autoimmune Diabetes The low number of CD4+ CD25+ regulatory T cells (Tregs), their anergic phenotype, and diverse antigen specificity present major challenges to harnessing this potent tolerogenic population to treat autoimmunity and transplant rejection. In this study, we describe a robust method to expand antigen-specific Tregs from autoimmune-prone nonobese diabetic mice.",NOINFO,NOINFO,0.9997796416282654,0.00018022325821220875,4.013477882836014e-05
1029,120626,Reduced responsiveness to interleukin-2 in regulatory T cells is associated with greater resistance to autoimmune diseases such as Type 1 Diabetes.,Mechanisms linking obesity to insulin resistance and type 2 diabetes Obesity is associated with an increased risk of developing insulin resistance and type 2 diabetes. Abnormalities in β-cell function are therefore critical in defining the risk and development of type 2 diabetes.,NOINFO,NOINFO,0.9998685121536255,9.479410800850019e-05,3.676114647532813e-05
1041,25254425,Replacement of histone H2A with H2A.Z slows gene activation in yeasts by stabilizing +1 nucleosomes.,"Nucleosome stability mediated by histone variants H3.3 and H2A.Z. We report here that H3.3 nucleosomes isolated from vertebrates, regardless of whether they are partnered with H2A or H2A.Z, are unusually sensitive to salt-dependent disruption, losing H2A/H2B or H2A.Z/H2B dimers. Intriguingly, NCPs containing H3 and H2A.Z are at least as stable as H3/H2A NCPs.",REFUTES,SUPPORTS,0.0005524439038708806,0.9988420605659485,0.0006055570556782186
1041,16626264,Replacement of histone H2A with H2A.Z slows gene activation in yeasts by stabilizing +1 nucleosomes.,"Genome-Wide Dynamics of Htz1, a Histone H2A Variant that Poises Repressed/Basal Promoters for Activation through Histone Loss Here, we determined the genome-wide localization and dynamics of Htz1, the yeast histone H2A variant. Furthermore, Htz1 promotes full gene activation but does not generally impact repression.",NOINFO,NOINFO,0.9995809197425842,0.0003657702764030546,5.326330938260071e-05
1041,9451052,Replacement of histone H2A with H2A.Z slows gene activation in yeasts by stabilizing +1 nucleosomes.,"Stepwise Histone Replacement by SWR1 Requires Dual Activation with Histone H2A.Z and Canonical Nucleosome This incorporation is mediated by the conserved SWR1 complex, which replaces histone H2A in canonical nucleosomes with H2A.Z in an ATP-dependent manner. The ATPase activity of SWR1 is specifically stimulated by H2A-containing nucleosomes without ensuing histone H2A eviction.",NOINFO,NOINFO,0.9994945526123047,0.000469617749331519,3.589614789234474e-05
1041,5966635,Replacement of histone H2A with H2A.Z slows gene activation in yeasts by stabilizing +1 nucleosomes.,"Crystal structure of a nucleosome core particle containing the variant histone H2A.Z Activation of transcription within chromatin has been correlated with the incorporation of the essential histone variant H2A.Z into nucleosomes. This altered surface may lead to changes in higher order structure, and/or could result in the association of specific nuclear proteins with H2A.Z. Finally, incorporation of H2A.Z and H2A within the same nucleosome is unlikely, due to significant changes in the interface between the two H2A.Z–H2B dimers.",NOINFO,NOINFO,0.9993546605110168,0.0005775588797405362,6.784385186620057e-05
1041,15778034,Replacement of histone H2A with H2A.Z slows gene activation in yeasts by stabilizing +1 nucleosomes.,"Variant Histone H2A.Z Is Globally Localized to the Promoters of Inactive Yeast Genes and Regulates Nucleosome Positioning We have identified 4,862 small regions—typically one or two nucleosomes wide—decorated with H2A.Z. Those “Z loci” are predominantly found within specific nucleosomes in the promoter of inactive genes all across the genome. Within HZAD domains, the regions where H2A.Z shows an antisilencing function, H2A.Z is localized in a wider pattern, suggesting that the variant histone regulates a silencing and transcriptional activation via different mechanisms.",NOINFO,NOINFO,0.9993273019790649,0.0006330692558549345,3.9726764953229576e-05
1049,12486491,Ribosomopathies have a low degree of cell and tissue specific pathology.,"Ribosome-Mediated Specificity in Hox mRNA Translation and Vertebrate Tissue Patterning Here we identify mutations of the Ribosomal Protein L38 (Rpl38) gene in mice exhibiting surprising tissue-specific patterning defects, including pronounced homeotic transformations of the axial skeleton. Our data reveal that RPL38 facilitates 80S complex formation on these mRNAs as a regulatory component of the ribosome to confer transcript-specific translational control.",REFUTES,NOINFO,0.6255672574043274,0.1724039912223816,0.20202872157096863
1049,24737389,Ribosomopathies have a low degree of cell and tissue specific pathology.,"Growth control and ribosomopathies. Recent discoveries of causative mutations and deletions in genes linked to ribosome biogenesis have defined a group of similar pathologies termed ribosomopathies. In this review, we summarize recent advances in understanding the mechanisms underlying the pathologies of ribosomopathies and discuss the relationship between ribosome production and tumorigenesis.",NOINFO,NOINFO,0.9988061189651489,0.00043871381785720587,0.0007550741429440677
1049,39559521,Ribosomopathies have a low degree of cell and tissue specific pathology.,"Control of central and peripheral tolerance by Aire. The negative selection of self-reactive thymocytes depends on the expression of tissue-specific antigens by medullary thymic epithelial cells. In these peripheral sites, Aire was found to regulate the expression of a group of tissue-specific antigens that is distinct from those expressed in the thymus.",NOINFO,NOINFO,0.9963907599449158,0.0014633116079494357,0.002145804464817047
1049,2754534,Ribosomopathies have a low degree of cell and tissue specific pathology.,"DNA methylation status predicts cell type-specific enhancer activity. We observe a global enrichment of CpG density for pre-programmed elements, and implicate their demethylated state in the maintenance of open chromatin in a tissue-specific manner. The findings present a unique link between tissue-specific chromatin accessibility, DNA methylation and transcription factor binding and show that DNA methylation can be an integral component of gene regulation by nuclear receptors.",NOINFO,NOINFO,0.965589702129364,0.011735082603991032,0.022675253450870514
1049,8925851,Ribosomopathies have a low degree of cell and tissue specific pathology.,"Review article Ribosomopathies compose a collection of disorders in which genetic abnormalities cause impaired ribosome biogenesis and function, resulting in specific clinical phenotypes. The p53 pathway provides a surveillance mechanism for protein translation as well as genome integrity and is activated by defects in ribosome biogenesis; this pathway appears to be a critical mediator of many of the clinical features of ribosomopathies.",NOINFO,NOINFO,0.9984702467918396,0.00044634361984208226,0.0010833439882844687
1062,20381484,S-nitrosylated GAPDH physiologically transnitrosylates histone deacetylases.,"GAPDH Mediates Nitrosylation of Nuclear Proteins Glyceraldehyde-3-phosphate dehydrogenase (GAPDH) is physiologically nitrosylated at its Cys 150 residue. Here, we show that SNO-GAPDH physiologically transnitrosylates nuclear proteins, including the deacetylating enzyme sirtuin-1 (SIRT1), histone deacetylase-2 (HDAC2) and DNA-activated protein kinase (DNA-PK).",SUPPORTS,SUPPORTS,0.0005365365650504827,0.9989216327667236,0.0005418018554337323
1062,25748308,S-nitrosylated GAPDH physiologically transnitrosylates histone deacetylases.,"The diverse functions of GAPDH: views from different subcellular compartments. In addition to the cytoplasm where the majority of GAPDH is located under the basal condition, GAPDH is also found in the particulate fractions, such as the nucleus, the mitochondria, and the small vesicular fractions. This includes mechanistic descriptions of how S-nitrosylation of GAPDH under oxidative stress may lead to cell death/dysfunction via nuclear translocation of GAPDH, which is counteracted by a cytosolic GOSPEL.",NOINFO,NOINFO,0.9996428489685059,0.00031196395866572857,4.520677975961007e-05
1062,665817,S-nitrosylated GAPDH physiologically transnitrosylates histone deacetylases.,"Histone deacetylases (HDACs) in frontotemporal lobar degeneration. Epigenetic factors such as histone regulation by histone deacetylases (HDAC) may play a role in the dysregulation of transcriptional activity, thought to underpin the neurodegenerative process. CONCLUSIONS Dysregulation of HDAC4 and/or HDAC6 could play a role in the pathogenesis of FTLD-tau associated with Pick bodies, although their lack of immunostaining implies that such changes do not contribute directly to the formation of Pick bodies.",NOINFO,NOINFO,0.9998924732208252,6.389236659742892e-05,4.365599306765944e-05
1062,18678095,S-nitrosylated GAPDH physiologically transnitrosylates histone deacetylases.,"Vesicular Glycolysis Provides On-Board Energy for Fast Axonal Transport Purified motile vesicles showed GAPDH enzymatic activity and produced ATP. Although detaching GAPDH from vesicles reduced transport, targeting GAPDH to vesicles was sufficient to promote FAT in GAPDH deficient neurons.",NOINFO,NOINFO,0.999826967716217,0.00013237647362984717,4.068918860866688e-05
1062,43156471,S-nitrosylated GAPDH physiologically transnitrosylates histone deacetylases.,"Genomewide analysis of nucleosome density histone acetylation and HDAC function in fission yeast. We have conducted a genomewide investigation into the enzymatic specificity, expression profiles, and binding locations of four histone deacetylases (HDACs), representing the three different phylogenetic classes in fission yeast (Schizosaccharomyces pombe). By directly comparing nucleosome density, histone acetylation patterns and HDAC binding in both intergenic and coding regions with gene expression profiles, we found that Sir2 (class III) and Hos2 (class I) have a role in preventing histone loss; Clr6 (class I) is the principal enzyme in promoter-localized repression.",NOINFO,NOINFO,0.9998818635940552,7.966993871377781e-05,3.845069295493886e-05
1086,39281140,Sildenafil improves erectile function in men who experience sexual dysfunction as a result of the use of SSRI antidepressants.,"Treatment of antidepressant-associated sexual dysfunction with sildenafil: a randomized controlled trial. OBJECTIVE To assess the efficacy of sildenafil citrate in men with sexual dysfunction associated with the use of selective and nonselective serotonin reuptake inhibitor (SRI) antidepressants. CONCLUSION In our study, sildenafil effectively improved erectile function and other aspects of sexual function in men with sexual dysfunction associated with the use of SRI antidepressants.",SUPPORTS,SUPPORTS,0.00043526035733520985,0.998715877532959,0.000848876079544425
1086,3981244,Sildenafil improves erectile function in men who experience sexual dysfunction as a result of the use of SSRI antidepressants.,"Psychobiological Protective Factors Modifying the Association Between Age and Sexual Health in Men: Findings From the Men’s Health 40+ Study Sexual health severely decreases with age. For males older than 40 years, erectile dysfunction (ED) is the most common sexual disorder.",NOINFO,NOINFO,0.999647855758667,0.0002801908412948251,7.195895159384236e-05
1086,5691302,Sildenafil improves erectile function in men who experience sexual dysfunction as a result of the use of SSRI antidepressants.,"Antidepressant use and risk of adverse outcomes in older people: population based cohort study Hazard ratios were calculated for antidepressant class (tricyclic and related antidepressants, selective serotonin reuptake inhibitors, other antidepressants), dose, and duration of use and for commonly prescribed individual drugs. Tricyclic antidepressants did not have the highest hazard ratio for any of the outcomes.",NOINFO,NOINFO,0.9998574256896973,9.647407568991184e-05,4.6108300011837855e-05
1086,5835149,Sildenafil improves erectile function in men who experience sexual dysfunction as a result of the use of SSRI antidepressants.,"Hepatitis C virus infection in a large cohort of homosexually active men: independent associations with HIV-1 infection and injecting drug use but not sexual behaviour. OBJECTIVE To determine the prevalence and risk factors for hepatitis C virus (HCV) infection in a cohort of homosexually active men, with particular reference to assessing sexual transmission. MAIN OUTCOME MEASURES Prevalence of HCV antibody and its association with human immunodeficiency virus type 1 (HIV-1) infection and other STDs, number of sexual partners, sexual practices and recreational drug use.",NOINFO,NOINFO,0.9998107552528381,0.00013498518092092127,5.422031972557306e-05
1086,27466734,Sildenafil improves erectile function in men who experience sexual dysfunction as a result of the use of SSRI antidepressants.,"Development and validation of QRISK3 risk prediction algorithms to estimate future risk of cardiovascular disease: prospective cohort study We also considered erectile dysfunction diagnosis or treatment in men. The inclusion of additional clinical variables in QRISK3 (chronic kidney disease, a measure of systolic blood pressure variability (standard deviation of repeated measures), migraine, corticosteroids, SLE, atypical antipsychotics, severe mental illness, and erectile dysfunction) can help enable doctors to identify those at most risk of heart disease and stroke.",NOINFO,NOINFO,0.9997628331184387,0.0001956272026291117,4.165143764112145e-05
1088,37549932,Silencing of Bcl2 is important for the maintenance and progression of tumors.,"Antiapoptotic BCL-2 is required for maintenance of a model leukemia. However, it remains uncertain whether apoptotic defects are essential for tumor maintenance. This suggests a generalizable model in which aberrations inherent to cancer generate tonic death signals that would otherwise kill the cell if not opposed by a requisite apoptotic defect(s).",REFUTES,NOINFO,0.9983305335044861,0.0015992919215932488,7.019939948804677e-05
1088,14863011,Silencing of Bcl2 is important for the maintenance and progression of tumors.,"Bcl2 Regulation by the Melanocyte Master Regulator Mitf Modulates Lineage Survival and Melanoma Cell Viability BCL2's regulation by Mitf was verified in melanocytes and melanoma cells and by chromatin immunoprecipitation of the BCL2 promoter. Mitf also regulates BCL2 in osteoclasts, and both Mitf(mi/mi) and Bcl2(-/-) mice exhibit severe osteopetrosis.",NOINFO,NOINFO,0.9995318651199341,0.00043391765211708844,3.425362228881568e-05
1088,11915280,Silencing of Bcl2 is important for the maintenance and progression of tumors.,"Suppression of intestinal neoplasia by deletion of Dnmt3b Aberrant gene silencing accompanied by DNA methylation is associated with neoplastic progression in many tumors that also show global loss of DNA methylation. Interestingly, many large adenomas showed regions with Dnmt3b inactivation, indicating that Dnmt3b is required for initial outgrowth of macroscopic adenomas but is not required for their maintenance.",NOINFO,NOINFO,0.9997944235801697,0.00016635650536045432,3.920563904102892e-05
1088,3840043,Silencing of Bcl2 is important for the maintenance and progression of tumors.,"Inhibition of Apoptosis Overcomes Stage-Related Compatibility Barriers to Chimera Formation in Mouse Embryos. Here we show that transient promotion of cell survival through expression of the anti-apoptotic gene BCL2 enables EpiSCs and Sox17+ endoderm progenitors to integrate into blastocysts and contribute to chimeric embryos. In addition, BCL2 expression enabled rat EpiSCs to contribute to mouse embryonic chimeras, thereby forming interspecies chimeras that could survive to adulthood.",NOINFO,NOINFO,0.9997215867042542,0.0002368852583458647,4.148734296904877e-05
1088,5765455,Silencing of Bcl2 is important for the maintenance and progression of tumors.,"Reactive oxygen species, DNA damage, and error-prone repair: a model for genomic instability with progression in myeloid leukemia? Using our two-step mouse model for myeloid leukemic disease progression involving overexpression of human mutant NRAS and BCL2 genes, we show that there is a stepwise increase in the frequency of DNA damage leading to an increased frequency of error-prone repair of double-strand breaks (DSB) by nonhomologous end-joining. Importantly, RAC1, an essential component of the ROS-producing NADPH oxidase, is downstream of RAS, and we show that ROS production in NRAS/BCL2 mice is in part dependent on RAC1 activity.",NOINFO,NOINFO,0.9997959733009338,0.00017030179151333869,3.373147774254903e-05
1089,17628888,Smc5/6 engagment drives the activation of SUMO E3 ligase Mms21 by ATP-dependent remolding.,"ATPase-Dependent Control of the Mms21 SUMO Ligase during DNA Repair Here we show that the SUMO ligase and the chromosome disjunction functions of Mms21 depend on its docking to an intact and active Smc5/6 complex, indicating that the Smc5/6-Mms21 complex operates as a large SUMO ligase in vivo. In spite of the physical distance separating the E3 and the nucleotide-binding domains in Smc5/6, Mms21-dependent sumoylation requires binding of ATP to Smc5, a step that is part of the ligase mechanism that assists Ubc9 function.",SUPPORTS,SUPPORTS,0.00045882476842962205,0.9987055063247681,0.0008357067708857358
1089,23577014,Smc5/6 engagment drives the activation of SUMO E3 ligase Mms21 by ATP-dependent remolding.,"A SUMO-Dependent Protein Network Regulates Chromosome Congression during Oocyte Meiosis We show that SUMO E3 ligase GEI-17/PIAS is required for KLP-19 recruitment to the RC, and proteomic analysis identified KLP-19 as a SUMO substrate in vivo. Thus, dynamic SUMO modification and the presence of SIMs in RC components generate a SUMO-SIM network that facilitates assembly of the RC.",NOINFO,NOINFO,0.9997732043266296,0.00018270299187861383,4.407914821058512e-05
1089,7915836,Smc5/6 engagment drives the activation of SUMO E3 ligase Mms21 by ATP-dependent remolding.,"The SMC5/6 complex maintains telomere length in ALT cancer cells through SUMOylation of telomere-binding proteins The MMS21 SUMO ligase of the SMC5/6 complex SUMOylates multiple telomere-binding proteins, including TRF1 and TRF2. Depletion of SMC5/6 subunits by RNA interference inhibits telomere HR, causing telomere shortening and senescence in ALT cells.",NOINFO,NOINFO,0.9996737241744995,0.0002905075380112976,3.576260860427283e-05
1089,7645565,Smc5/6 engagment drives the activation of SUMO E3 ligase Mms21 by ATP-dependent remolding.,"Identifying and Characterizing Interplay between Hepatitis B Virus X Protein and Smc5/6 It was recently shown that transcription from the HBV genome (covalently-closed circular DNA, cccDNA) is inhibited by the structural maintenance of chromosome 5/6 complex (Smc5/6), and that a key function of HBx is to redirect the DNA-damage binding protein 1 (DDB1) E3 ubiquitin ligase to target this complex for degradation. In this review, we discuss in detail how the interplay between HBx and Smc5/6 was identified and characterized.",NOINFO,NOINFO,0.9998183846473694,0.00014341170026455075,3.822362850769423e-05
1089,21948782,Smc5/6 engagment drives the activation of SUMO E3 ligase Mms21 by ATP-dependent remolding.,"Function and regulation of SUMO proteases Recent advances include the discovery of two novel classes of SUMO proteases, insights regarding SUMO protease specificity, and revelations of previously unappreciated SUMO protease functions in several key cellular pathways. These developments, together with new connections between SUMO proteases and the recently discovered SUMO-targeted ubiquitin ligases (STUbLs), make this an exciting period to study these enzymes.",NOINFO,NOINFO,0.9998613595962524,0.00010574970656307414,3.28879505104851e-05
1099,7662206,Statins decrease blood cholesterol.,A Century of Cholesterol and Coronaries: From Plaques to Genes to Statins A century of research has revealed the essential causative agent: cholesterol-carrying low-density lipoprotein (LDL). LDL is controlled by specific receptors (LDLRs) in liver that remove it from blood.,NOINFO,NOINFO,0.9966807961463928,0.0030063288286328316,0.00031286742887459695
1099,21557614,Statins decrease blood cholesterol.,"Pleiotropic effects of statins. Statins are potent inhibitors of cholesterol biosynthesis. However, the overall benefits observed with statins appear to be greater than what might be expected from changes in lipid levels alone, suggesting effects beyond cholesterol lowering.",NOINFO,NOINFO,0.9348786473274231,0.06430638581514359,0.0008150505600497127
1099,7454794,Statins decrease blood cholesterol.,"Statins in the primary prevention of cardiovascular disease Statins are widely used in the evidence-based lowering of cardiovascular disease (CVD) risk. Firstly, evidence suggests that, in primary prevention, statins substantially decrease CVD morbidity, but only moderately reduce CVD mortality.",NOINFO,SUPPORTS,0.05227922648191452,0.946333646774292,0.0013870852999389172
1099,24005548,Statins decrease blood cholesterol.,"The HMG-CoA reductase inhibitor simvastatin activates the protein kinase Akt and promotes angiogenesis in normocholesterolemic animals. Recent studies suggest that statins can function to protect the vasculature in a manner that is independent of their lipid-lowering activity. Therefore, activation of Akt represents a mechanism that can account for some of the beneficial side effects of statins, including the promotion of new blood vessel growth.",NOINFO,SUPPORTS,0.13399989902973175,0.8631876111030579,0.0028124882373958826
1100,7662206,Statins increase blood cholesterol.,A Century of Cholesterol and Coronaries: From Plaques to Genes to Statins A century of research has revealed the essential causative agent: cholesterol-carrying low-density lipoprotein (LDL). LDL is controlled by specific receptors (LDLRs) in liver that remove it from blood.,NOINFO,NOINFO,0.9978389143943787,0.0020696285646408796,9.151218546321616e-05
1100,21557614,Statins increase blood cholesterol.,"Pleiotropic effects of statins. Statins are potent inhibitors of cholesterol biosynthesis. However, the overall benefits observed with statins appear to be greater than what might be expected from changes in lipid levels alone, suggesting effects beyond cholesterol lowering.",NOINFO,NOINFO,0.9127593636512756,0.08632108569145203,0.0009195063030347228
1100,7454794,Statins increase blood cholesterol.,"Statins in the primary prevention of cardiovascular disease Statins are widely used in the evidence-based lowering of cardiovascular disease (CVD) risk. Therefore, the prescription of statins for primary prevention should be individualized on the basis of clinical judgment, particularly for low-risk individuals.",NOINFO,SUPPORTS,0.060213107615709305,0.9382194876670837,0.001567453844472766
1100,24005548,Statins increase blood cholesterol.,"The HMG-CoA reductase inhibitor simvastatin activates the protein kinase Akt and promotes angiogenesis in normocholesterolemic animals. Recent studies suggest that statins can function to protect the vasculature in a manner that is independent of their lipid-lowering activity. Therefore, activation of Akt represents a mechanism that can account for some of the beneficial side effects of statins, including the promotion of new blood vessel growth.",NOINFO,NOINFO,0.6395949721336365,0.3580802083015442,0.0023248314391821623
1104,3898784,Stroke patients with prior use of direct oral anticoagulants have a lower risk of in-hospital mortality than stroke patients with prior use of warfarin.,"Association of Intracerebral Hemorrhage Among Patients Taking Non–Vitamin K Antagonist vs Vitamin K Antagonist Oral Anticoagulants With In-Hospital Mortality Compared with patients with prior use of warfarin, patients with prior use of NOACs had a lower risk of in-hospital mortality (ARD, −5.7% [97.5% CI, −7.3% to −4.2%]; AOR, 0.75 [97.5% CI, 0.69 to 0.81]). Prior use of NOACs, compared with prior use of warfarin, was associated with lower risk of in-hospital mortality.",SUPPORTS,REFUTES,0.00017357090837322176,0.000547314528375864,0.9992790818214417
1104,20554003,Stroke patients with prior use of direct oral anticoagulants have a lower risk of in-hospital mortality than stroke patients with prior use of warfarin.,"Effects of Thiazolidinediones on Stroke Recovery: A Case-Matched Controlled Study Thirty stroke patients with type 2 diabetes admitted for acute inpatient stroke rehabilitation receiving pioglitazone or rosiglitazone were matched for age, sex, initial FIMTM score and interval post-stroke with 30 stroke patients with type 2 diabetes not receiving thiazolidinediones. Use of thiazolidinediones was associated with enhanced functional recovery in stroke patients with type 2 diabetes.",NOINFO,NOINFO,0.9998238682746887,7.225330773508176e-05,0.00010390316310804337
1104,4910408,Stroke patients with prior use of direct oral anticoagulants have a lower risk of in-hospital mortality than stroke patients with prior use of warfarin.,Low drug levels and thrombotic complications in high‐risk atrial fibrillation patients treated with direct oral anticoagulants Essentials Direct oral anticoagulants (DOACs) do not require laboratory monitoring currently. SUMMARY Background Direct oral anticoagulants (DOACs) are administered at fixed doses without the need for dose adjustment according to laboratory testing.,NOINFO,NOINFO,0.9997603297233582,0.00012779496319126338,0.00011190099758096039
1104,16180601,Stroke patients with prior use of direct oral anticoagulants have a lower risk of in-hospital mortality than stroke patients with prior use of warfarin.,"Serum Soluble Corin Deficiency Predicts Major Disability within 3 Months after Acute Stroke However, whether it is associated with stroke prognosis has not yet been studied. METHODS We followed 522 stroke patients for 3 months to identify major disability, death and vascular events.",NOINFO,NOINFO,0.9997661709785461,8.028551383176818e-05,0.00015355006325989962
1104,14566771,Stroke patients with prior use of direct oral anticoagulants have a lower risk of in-hospital mortality than stroke patients with prior use of warfarin.,Stroke and migraine--the spectrum of cause and effect. The relationship of migraine and stroke is complex. True migraine-induced stroke is rare.,NOINFO,NOINFO,0.9998175501823425,6.854136881884187e-05,0.00011389192513888702
1107,20532591,Subcutaneous fat depots undergo extensive browning processes after cold exposure.,"Tracking adipogenesis during white adipose tissue development, expansion and regeneration During cold-induced 'browning' of subcutaneous fat, most 'beige' adipocytes stem from de novo–differentiated adipocytes. Our results highlight the extensive differences in adipogenic potential in various fat depots.",SUPPORTS,SUPPORTS,0.0005927450838498771,0.998941957950592,0.00046525095240212977
1107,29381091,Subcutaneous fat depots undergo extensive browning processes after cold exposure.,"Brown and white adipose tissues: intrinsic differences in gene expression and response to cold exposure in mice We explored the plasticity of different white adipose tissue depots in acquiring a brown phenotype by cold exposure. For example, neuregulin 4 was more highly expressed in brown adipose tissue and upregulated in white fat upon cold exposure, and cell studies showed that it is a neurite outgrowth-promoting adipokine, indicative of a role in increasing adipose tissue innervation in response to cold.",NOINFO,SUPPORTS,0.0021230378188192844,0.9974397420883179,0.0004372588009573519
1107,14865329,Subcutaneous fat depots undergo extensive browning processes after cold exposure.,Brown Fat and Browning for the Treatment of Obesity and Related Metabolic Disorders Prolonged cold exposure and beta adrenergic agonists can induce browning of white adipose tissue. Increasing browning may also be an efficient way to increase whole brown fat activity.,NOINFO,SUPPORTS,0.042342718690633774,0.9569167494773865,0.0007405619253404438
1107,32955023,Subcutaneous fat depots undergo extensive browning processes after cold exposure.,"Pdgfrβ+ Mural Preadipocytes Contribute to Adipocyte Hyperplasia Induced by High-Fat-Diet Feeding and Prolonged Cold Exposure in Adult Mice. Interestingly, Pdgfrβ(+) cells do not significantly contribute to the initial cold-induced recruitment of beige adipocytes in WAT; it is only after prolonged cold exposure that these cells differentiate into beige adipocytes. These results provide genetic evidence for a mural cell origin of white adipocytes in obesity and suggest that beige adipogenesis may originate from multiple sources.",NOINFO,NOINFO,0.9993769526481628,0.0005559879937209189,6.705493433400989e-05
1107,970012,Subcutaneous fat depots undergo extensive browning processes after cold exposure.,"Cold Exposure Promotes Atherosclerotic Plaque Growth and Instability via UCP1-Dependent Lipolysis Molecular mechanisms underlying the cold-associated high cardiovascular risk remain unknown. In two genetic mouse knockout models (apolipoprotein E(-/-) [ApoE(-/-)] and LDL receptor(-/-) [Ldlr(-/-)] mice), persistent cold exposure stimulated atherosclerotic plaque growth by increasing lipid deposition.",NOINFO,NOINFO,0.9998534917831421,0.00011147513578180224,3.500876482576132e-05
1110,13770184,Suboptimal nutrition is not predictive of chronic disease,"Global, regional, and national comparative risk assessment of 79 behavioural, environmental and occupational, and metabolic risks or clusters of risks, 1990–2015: a systematic analysis for the Global Burden of Disease Study 2015 BACKGROUND The Global Burden of Diseases, Injuries, and Risk Factors Study 2015 provides an up-to-date synthesis of the evidence for risk factor exposure and the attributable burden of disease. METHODS We used the comparative risk assessment framework developed for previous iterations of the Global Burden of Disease Study to estimate attributable deaths, disability-adjusted life-years (DALYs), and trends in exposure by age group, sex, year, and geography for 79 behavioural, environmental and occupational, and metabolic risks or clusters of risks from 1990 to 2015.",REFUTES,NOINFO,0.9998420476913452,5.80582236580085e-05,9.992452396545559e-05
1110,43128141,Suboptimal nutrition is not predictive of chronic disease,Enteral nutrition in the critically ill patient. Timing and route of nutrition provided to critically ill patients can affect their outcome. Early enteral nutrition has been shown to decrease specifically infectious morbidity in the critically ill patient.,NOINFO,NOINFO,0.9998323917388916,7.557372009614483e-05,9.205389505950734e-05
1110,756887,Suboptimal nutrition is not predictive of chronic disease,"A comparison of cancer screening practices in cancer survivors and in the general population: the Korean national health and nutrition examination survey (KNHANES) 2001–2007 The study is a cross-sectional analysis of 15,556 adults ≥30 years old who participated in the 2001, 2005, and 2007 Korean National Health and Nutrition Examination Surveys (KNHANES). Still, screening rates even among survivors were suboptimal, emphasizing the need for a more systematic approach to second primary cancer screening and prevention.",NOINFO,NOINFO,0.9998447895050049,6.060744999558665e-05,9.460689761908725e-05
1110,24396137,Suboptimal nutrition is not predictive of chronic disease,"Blood pressure, salivary cortisol, and inflammatory cytokine outcomes in senior female cancer survivors enrolled in a tai chi chih randomized controlled trial Therefore, interventions that reduce chronic disease risk factors (i.e., blood pressure, chronic inflammation, and cortisol) are important in this population. Tai chi chih (TCC) is a mind-body exercise associated with reductions in chronic disease risk factors, but has not been examined with older cancer survivors.",NOINFO,NOINFO,0.999840497970581,7.997846114449203e-05,7.951120642246678e-05
1110,10010651,Suboptimal nutrition is not predictive of chronic disease,"Nutrition and physical activity guidelines for cancer survivors. To address these concerns, the American Cancer Society (ACS) convened a group of experts in nutrition, physical activity, and cancer survivorship to evaluate the scientific evidence and best clinical practices related to optimal nutrition and physical activity after the diagnosis of cancer. The report discusses nutrition and physical activity guidelines during the continuum of cancer care, briefly highlighting important issues during cancer treatment and for patients with advanced cancer, but focusing largely on the needs of the population of individuals who are disease free or who have stable disease following their recovery from treatment.",NOINFO,NOINFO,0.9998797178268433,6.108493107603863e-05,5.920554758631624e-05
1121,4456756,Synaptic activity enhances local release of brain derived neurotrophic factor from postsynaptic dendrites.,"Autocrine BDNF–TrkB signalling within a single dendritic spine Brain-derived neurotrophic factor (BDNF) and its receptor TrkB are crucial for many forms of neuronal plasticity, including structural long-term potentiation (sLTP), which is a correlate of an animal’s learning. We confirm the presence of postsynaptic BDNF using electron microscopy to localize endogenous BDNF to dendrites and spines of hippocampal CA1 pyramidal neurons.",SUPPORTS,SUPPORTS,0.019091304391622543,0.9772863984107971,0.003622351447120309
1121,23076291,Synaptic activity enhances local release of brain derived neurotrophic factor from postsynaptic dendrites.,"Pituitary adenylate cyclase-activating polypeptide (PACAP(1-38)) enhances N-methyl-D-aspartate receptor function and brain-derived neurotrophic factor expression via RACK1. Nuclear RACK1 in turn was found to regulate the expression of brain-derived neurotrophic factor induced by PACAP(1-38). This in turn leads to NMDA receptor phosphorylation, enhanced activity mediated by Fyn, and to the induction of brain-derived neurotrophic factor expression by RACK1.",NOINFO,NOINFO,0.9995552897453308,0.0004005345981568098,4.415570219862275e-05
1121,10790846,Synaptic activity enhances local release of brain derived neurotrophic factor from postsynaptic dendrites.,"A rapamycin-sensitive signaling pathway contributes to long-term synaptic plasticity in the hippocampus. In cultured hippocampal neurons, these proteins are present in dendrites and are often found near the presynaptic protein, synapsin I. At synaptic sites, their distribution completely overlaps with a postsynaptic protein, PSD-95. Rapamycin also blocks the synaptic potentiation induced by brain-derived neurotrophic factor in hippocampal slices.",NOINFO,NOINFO,0.9976194500923157,0.0023173645604401827,6.312762707239017e-05
1121,19571273,Synaptic activity enhances local release of brain derived neurotrophic factor from postsynaptic dendrites.,"Infralimbic BDNF/TrkB enhancement of GluN2B currents facilitates extinction of a cocaine-conditioned place preference. Brain-derived neurotrophic factor (BDNF) regulates synaptic activity and behavioral flexibility, and reduction of BDNF strongly predicts psychiatric disorders and cognitive dysfunction. Here we demonstrate that activation of a primary BDNF target, the tropomyosin-related kinase B (TrkB) receptor, enhances the amplitude and prolongs the decay kinetics of N-methyl-d-aspartate receptor (NMDAR) currents in male rat infralimbic prefrontal pyramidal neurons.",NOINFO,NOINFO,0.9994664788246155,0.0004916609614156187,4.180205723969266e-05
1121,15590539,Synaptic activity enhances local release of brain derived neurotrophic factor from postsynaptic dendrites.,"Dual Regulation of miRNA Biogenesis Generates Target Specificity in Neurotrophin-Induced Protein Synthesis The induction of protein synthesis by brain-derived neurotrophic factor (BDNF) critically contributes to enduring modifications of synaptic function, but how BDNF selectively affects only a minority of expressed mRNAs is poorly understood. Our data establish that specificity in BDNF-regulated translation depends upon a two-part posttranscriptional control of miRNA biogenesis that generally enhances mRNA repression in association with GW182 while selectively derepressing and increasing translation of specific mRNAs.",NOINFO,NOINFO,0.9997777342796326,0.00018558098236098886,3.675781044876203e-05
1130,17997584,T regulatory cells (tTregs) lacking αvβ8 are more adept at suppressing pathogenic T-cell responses during active inflammation.,"Integrin αvβ8-Mediated TGF-β Activation by Effector Regulatory T Cells Is Essential for Suppression of T-Cell-Mediated Inflammation However, Treg cells lacking expression of integrin αvβ8 were unable to suppress pathogenic T cell responses during active inflammation. Thus, our results identify a mechanism by which Treg cells suppress exuberant immune responses, highlighting a key role for effector Treg-cell-mediated activation of latent TGF-β in suppression of self-harmful T cell responses during active inflammation.",REFUTES,SUPPORTS,0.0006075712735764682,0.9982573390007019,0.0011350925778970122
1130,4380287,T regulatory cells (tTregs) lacking αvβ8 are more adept at suppressing pathogenic T-cell responses during active inflammation.,"Response to self antigen imprints regulatory memory in tissues Immune homeostasis in tissues is achieved through a delicate balance between pathogenic T-cell responses directed at tissue-specific antigens and the ability of the tissue to inhibit these responses. Here we show that upon expression of self antigen in a peripheral tissue, thymus-derived regulatory T cells (Treg cells) become activated, proliferate and differentiate into more potent suppressors, which mediate resolution of organ-specific autoimmunity in mice.",NOINFO,NOINFO,0.9998238682746887,0.00014313265273813158,3.30154289258644e-05
1130,5811042,T regulatory cells (tTregs) lacking αvβ8 are more adept at suppressing pathogenic T-cell responses during active inflammation.,"The NLRP12 Sensor Negatively Regulates Autoinflammatory Disease by Modulating Interleukin-4 Production in T Cells. Here, we have demonstrated a crucial role for NLRP12 in negatively regulating pathogenic T cell responses. Nlrp12(-/-) mice responded to antigen immunization with hyperinflammatory T cell responses.",NOINFO,NOINFO,0.9996436834335327,0.0003101416805293411,4.6098441089270636e-05
1130,10190778,T regulatory cells (tTregs) lacking αvβ8 are more adept at suppressing pathogenic T-cell responses during active inflammation.,"Maternal alloantigens promote the development of tolerogenic fetal regulatory T cells in utero. Here, we show that the human fetal immune system takes advantage of an additional mechanism: the generation of regulatory T cells (Tregs) that suppress fetal immune responses. These findings reveal a form of antigen-specific tolerance in humans, induced in utero and probably active in regulating immune responses after birth.",NOINFO,NOINFO,0.9998536109924316,0.00011039182572858408,3.604958692449145e-05
1130,22647695,T regulatory cells (tTregs) lacking αvβ8 are more adept at suppressing pathogenic T-cell responses during active inflammation.,"Autoimmune T cell responses in the central nervous system Autoreactive T cell responses have a crucial role in central nervous system (CNS) diseases such as multiple sclerosis. This Review focuses on recent progress in delineating the pathogenic mechanisms, regulation and interplay between these different T cell subsets in CNS autoimmunity.",NOINFO,NOINFO,0.9998569488525391,0.00010678701073629782,3.6190805985825136e-05
1132,33499189,TCR/CD3 microdomains are a required to induce the immunologic synapse to activate T cells.,"Full activation of the T cell receptor requires both clustering and conformational changes at CD3. T cell receptor (TCR-CD3) triggering involves both receptor clustering and conformational changes at the cytoplasmic tails of the CD3 subunits. By using well-defined ligands, we showed that induction of the conformational change requires both multivalent engagement and the mobility restriction of the TCR-CD3 imposed by the plasma membrane.",SUPPORTS,SUPPORTS,0.0006395881064236164,0.9988301396369934,0.0005302371573634446
1132,9283422,TCR/CD3 microdomains are a required to induce the immunologic synapse to activate T cells.,"T cell receptor-proximal signals are sustained in peripheral microclusters and terminated in the central supramolecular activation cluster. We propose that TCR signaling is sustained by stabilized microclusters and is terminated in the cSMAC, a structure from which TCR are sorted for degradation. Our studies reveal a role for F-actin in TCR signaling beyond microcluster formation.",NOINFO,NOINFO,0.9997667670249939,0.0001863052893895656,4.692170841735788e-05
1132,2714623,TCR/CD3 microdomains are a required to induce the immunologic synapse to activate T cells.,"Recruitment of Nck by CD3ϵ Reveals a Ligand-Induced Conformational Change Essential for T Cell Receptor Signaling and Synapse Formation Although it has long been speculated that TCR-CD3 may undergo a conformational change, confirmation is still lacking. Finally, by interfering with Nck-CD3 epsilon association in vivo, we demonstrate that TCR-CD3 recruitment of Nck is critical for maturation of the immune synapse and for T cell activation.",NOINFO,NOINFO,0.9983929991722107,0.0014893421903252602,0.00011756922322092578
1132,20457190,TCR/CD3 microdomains are a required to induce the immunologic synapse to activate T cells.,"Biochemical differences in the alphabeta T cell receptor.CD3 surface complex between CD8+ and CD4+ human mature T lymphocytes. Blue native gels (BN-PAGE) demonstrated the existence of a heterogeneous population of TCR.CD3 in these cells. In contrast to all other TCR.CD3-specific monoclonal antibodies, RW2-8C8 stained CD8(+) better than it did CD4(+) T cells, and the difference was dependent on glycosylation of the TCR.CD3 complex but independent of T cell activation or differentiation.",NOINFO,NOINFO,0.999713122844696,0.0002247150259790942,6.203654629644006e-05
1132,18758057,TCR/CD3 microdomains are a required to induce the immunologic synapse to activate T cells.,"NSOM/QD-Based Direct Visualization of CD3-Induced and CD28-Enhanced Nanospatial Coclustering of TCR and Coreceptor in Nanodomains in T Cell Activation Such nano-spatial co-clustering of CD3 and CD4 or CD3 and CD8 appeared to be an intrinsic event of TCR/CD3 ligation, not purely limited to MHC engagement, and be driven by Lck phosphorylation. These nanoscale findings provide new insights into TCR/CD3 interaction with CD4 or CD8 co-receptor in T-cell activation.",NOINFO,SUPPORTS,0.03396053612232208,0.965348482131958,0.0006909426883794367
1137,33370,TNFAIP3 is a tumor suppressor in glioblastoma.,"Targeting A20 Decreases Glioma Stem Cell Survival and Tumor Growth We determined that A20 (TNFAIP3), a regulator of cell survival and the NF-kappaB pathway, is overexpressed in GSCs relative to non-stem glioblastoma cells at both the mRNA and protein levels. Although inactivating mutations in A20 in lymphoma suggest A20 can act as a tumor suppressor, similar point mutations have not been identified through glioma genomic sequencing: in fact, our data suggest A20 may function as a tumor enhancer in glioma through promotion of GSC survival.",REFUTES,REFUTES,0.0001338881702395156,0.00040285123395733535,0.9994632601737976
1137,6923961,TNFAIP3 is a tumor suppressor in glioblastoma.,"Prostaglandin E2 promotes intestinal tumor growth via DNA methylation Although aberrant DNA methylation is considered to be one of the key ways by which tumor-suppressor and DNA-repair genes are silenced during tumor initiation and progression, the mechanisms underlying DNA methylation alterations in cancer remain unclear. Here we show that prostaglandin E(2) (PGE(2)) silences certain tumor-suppressor and DNA-repair genes through DNA methylation to promote tumor growth.",NOINFO,NOINFO,0.9997835755348206,0.00010070234566228464,0.00011568151967367157
1137,29366489,TNFAIP3 is a tumor suppressor in glioblastoma.,"Deleted in liver cancer-1 (DLC-1): a tumor suppressor not just for liver. Deleted in liver cancer 1 (DLC-1), as its name implied, was originally isolated as a potential tumor suppressor gene often deleted in hepatocellular carcinoma. Re-expression of DLC-1 in cancer cells regulates the structure of actin cytoskeleton and focal adhesions and significantly inhibits cell growth, supporting its role as a tumor suppressor.",NOINFO,NOINFO,0.999882698059082,4.539460496744141e-05,7.183542038546875e-05
1137,18600579,TNFAIP3 is a tumor suppressor in glioblastoma.,"Development of a novel mouse glioma model using lentiviral vectors Cell type- or region-specific expression of activated forms of the oncoproteins Harvey-Ras and AKT in fewer than 60 glial fibrillary acidic protein–positive cells in the hippocampus, subventricular zone or cortex of mice heterozygous for the gene encoding the tumor suppressor Tp53 were tested. Mice developed glioblastoma multiforme when transduced either in the subventricular zone or the hippocampus.",NOINFO,NOINFO,0.9998350143432617,6.302116526057944e-05,0.00010189463500864804
1137,470625,TNFAIP3 is a tumor suppressor in glioblastoma.,"Identification of p18 INK4c as a tumor suppressor gene in glioblastoma multiforme. In the case of glioblastoma multiforme (GBM), these alterations are most commonly due to homozygous deletion of p16(INK4a) and less commonly due to genomic amplifications of individual genes encoding cyclins or cdks. These studies identify p18(INK4c) as a GBM tumor suppressor gene, revealing an additional mechanism leading to aberrant activation of cyclin/cdk complexes in this terrible malignancy.",NOINFO,NOINFO,0.9998795986175537,5.390725709730759e-05,6.656657933490351e-05
1140,12009265,Taking 400mg of α-tocopheryl acetate helps to prevent prostate cancer.,"Vitamins E and C in the prevention of prostate and total cancer in men: the Physicians' Health Study II randomized controlled trial. RESULTS During a mean follow-up of 8.0 years, there were 1008 confirmed incident cases of prostate cancer and 1943 total cancers. Stratification by various cancer risk factors demonstrated no significant modification of the effect of vitamin E on prostate cancer risk or either agent on total cancer risk.",REFUTES,SUPPORTS,0.0004020816704723984,0.9975540041923523,0.002043934538960457
1140,8512633,Taking 400mg of α-tocopheryl acetate helps to prevent prostate cancer.,"The lncRNAs PCGEM1 and PRNCR1 are not implicated in castration resistant prostate cancer In prostate cancer, several lncRNAs have been nominated as critical actors in disease pathogenesis. Here, we sought to evaluate whether PCGEM1 and PRNCR1 are associated with prostate cancer.",NOINFO,NOINFO,0.9998692274093628,9.116266301134601e-05,3.9593345718458295e-05
1140,22180793,Taking 400mg of α-tocopheryl acetate helps to prevent prostate cancer.,"Monoclonal antibody targeting of N-cadherin inhibits prostate cancer growth, metastasis and castration resistance Monoclonal antibodies against the ectodomain of N-cadherin reduced proliferation, adhesion and invasion of prostate cancer cells in vitro. These data indicate that N-cadherin is a major cause of both prostate cancer metastasis and castration resistance.",NOINFO,NOINFO,0.9998397827148438,0.00011501216067699715,4.512746454565786e-05
1140,25513319,Taking 400mg of α-tocopheryl acetate helps to prevent prostate cancer.,"Coactivator SRC-2-dependent metabolic reprogramming mediates prostate cancer survival and metastasis. Moreover, SRC-2 inhibition in murine models severely attenuated the survival, growth, and metastasis of prostate cancer. Together, these results suggest that the SRC-2 pathway has potential as a therapeutic target for prostate cancer.",NOINFO,NOINFO,0.9998206496238708,0.00013657769886776805,4.280852954252623e-05
1140,10024681,Taking 400mg of α-tocopheryl acetate helps to prevent prostate cancer.,"Epigenetic-induced repression of microRNA-205 is associated with MED1 activation and a poorer prognosis in localized prostate cancer Here we show in prostate cancer that miRNA-205 (miR-205) transcription is commonly repressed and the MIR-205 locus is hypermethylated. Overexpression of miR-205 in prostate cancer cells negatively affects cell viability, consistent with a tumor suppressor function.",NOINFO,NOINFO,0.9997585415840149,0.00018997828010469675,5.14324419782497e-05
1144,10071552,Taxation of sugar-sweetened beverages had no effect on the incidence rate of type II diabetes in India.,Averting Obesity and Type 2 Diabetes in India through Sugar-Sweetened Beverage Taxation: An Economic-Epidemiologic Modeling Study BACKGROUND Taxing sugar-sweetened beverages (SSBs) has been proposed in high-income countries to reduce obesity and type 2 diabetes. CONCLUSION Sustained SSB taxation at a high tax rate could mitigate rising obesity and type 2 diabetes in India among both urban and rural subpopulations.,REFUTES,REFUTES,0.00022334275126922876,0.0003294351336080581,0.9994471669197083
1144,9822397,Taxation of sugar-sweetened beverages had no effect on the incidence rate of type II diabetes in India.,"Sugar-sweetened beverages, weight gain, and incidence of type 2 diabetes in young and middle-aged women. CONTEXT Sugar-sweetened beverages like soft drinks and fruit punches contain large amounts of readily absorbable sugars and may contribute to weight gain and an increased risk of type 2 diabetes, but these relationships have been minimally addressed in adults. OBJECTIVE To examine the association between consumption of sugar-sweetened beverages and weight change and risk of type 2 diabetes in women.",NOINFO,NOINFO,0.9988833069801331,0.00021466542966663837,0.0009020118159241974
1144,12224536,Taxation of sugar-sweetened beverages had no effect on the incidence rate of type II diabetes in India.,"Trends in sugar-sweetened beverage consumption among youth and adults in the United States: 1999-2010. BACKGROUND Reducing sugar-sweetened beverage (SSB) consumption is a recommended strategy to promote optimal health. SSBs included soda, fruit drinks, sports and energy drinks, sweetened coffee and tea, and other sweetened beverages.",NOINFO,NOINFO,0.9998052716255188,7.25347563275136e-05,0.00012218668416608125
1144,3770750,Taxation of sugar-sweetened beverages had no effect on the incidence rate of type II diabetes in India.,Sugar-sweetened beverages and weight gain in children and adults: a systematic review and meta-analysis. BACKGROUND The relation between sugar-sweetened beverages (SSBs) and body weight remains controversial. CONCLUSION Our systematic review and meta-analysis of prospective cohort studies and RCTs provides evidence that SSB consumption promotes weight gain in children and adults.,NOINFO,NOINFO,0.9998114705085754,6.0605427279369906e-05,0.00012805133883375674
1144,33960383,Taxation of sugar-sweetened beverages had no effect on the incidence rate of type II diabetes in India.,"The role of oral antidiabetic agents: why and when to use an early-phase insulin secretion agent in Type II diabetes mellitus Postchallenge and postprandial hyperglycaemic peaks seem to be prospective determinants of vascular damage in early Type II diabetes. Currently, there is no overall accepted standard approach for the pharmacological management of Type II diabetes.",NOINFO,NOINFO,0.9998786449432373,4.841658301302232e-05,7.296636613318697e-05
1146,13906581,Teaching hospitals do not provide better care than non-teaching hospitals.,"Patient Outcomes with Teaching Versus Nonteaching Healthcare: A Systematic Review Background  Extensive debate exists in the healthcare community over whether outcomes of medical care at teaching hospitals and other healthcare units are better or worse than those at the respective nonteaching ones. Differences were seen for some diagnoses (e.g., significantly better survival for breast cancer and cerebrovascular accidents in teaching hospitals and significantly better survival from cholecystectomy in nonteaching hospitals), but these were small in magnitude.",SUPPORTS,REFUTES,0.00016278425755444914,0.0002657776640262455,0.9995715022087097
1146,28738741,Teaching hospitals do not provide better care than non-teaching hospitals.,"Adult T-cell leukemia/lymphoma in London: clinical experience of 21 cases. Between 1981 and 1995, 21 cases presented to 2 inner London teaching hospitals where 17% of the population are of Afro-Caribbean origin. The poor prognosis of acute and lymphoma types of ATLL highlight the need for new approaches to treatment such as zidovudine and alpha-interferon, incorporating prophylaxis against CNS disease and opportunistic infections.",NOINFO,NOINFO,0.9998694658279419,5.432951365946792e-05,7.616927177878097e-05
1146,20746604,Teaching hospitals do not provide better care than non-teaching hospitals.,"The effectiveness of right heart catheterization in the initial care of critically ill patients. SUPPORT Investigators. OBJECTIVE To examine the association between the use of right heart catheterization (RHC) during the first 24 hours of care in the intensive care unit (ICU) and subsequent survival, length of stay, intensity of care, and cost of care. SETTING Five US teaching hospitals between 1989 and 1994.",NOINFO,NOINFO,0.9997727274894714,7.182751869549975e-05,0.00015536109276581556
1146,16495649,Teaching hospitals do not provide better care than non-teaching hospitals.,"Ethnographic study of incidence and severity of intravenous drug errors. SETTING 10 wards in a teaching and non-teaching hospital in the United Kingdom. A combination of reducing the amount of preparation on the ward, training, and technology to administer slow bolus doses would probably have the greatest effect on error rates.",NOINFO,NOINFO,0.9996523857116699,0.00016311570652760565,0.00018447365437168628
1146,17626822,Teaching hospitals do not provide better care than non-teaching hospitals.,"Home birth and barriers to referring women with obstetric complications to hospitals: a mixed-methods study in Zahedan, southeastern Iran Training midwives and persuading mothers and significant others who make decisions about the value of referring women to hospitals at the onset of life-threatening complications are central factors to increasing the use of available hospitals. The hospitals must be safe, comfortable and attractive environments for parturition and should give appropriate consideration to the ethical and cultural concerns of the women.",NOINFO,NOINFO,0.9998482465744019,5.966802564216778e-05,9.205535752698779e-05
1150,11369420,Tetraspanin-3 is a causative factor in the development of acute myelogenous leukemia,"Tetraspanin 3 Is Required for the Development and Propagation of Acute Myelogenous Leukemia. Acute Myelogenous Leukemia (AML) is an aggressive cancer that strikes both adults and children and is frequently resistant to therapy. Here, we show that Tetraspanin 3 is a target of the RNA binding protein Musashi 2, which plays a key role in AML.",SUPPORTS,SUPPORTS,0.0005028467858210206,0.9985260367393494,0.0009711575112305582
1150,8427306,Tetraspanin-3 is a causative factor in the development of acute myelogenous leukemia,"Isolation of a Fusion Transcript, AMLl IETO, With Similarity to We have developed a restriction map of the chromosome 21 breakpoint region involved in t(8;21)(q22;q22.3) acute myelogenous leukemia (AML) and have isolated a genomic junction clone containing chromosome 8 and 21 material. A striking similarity (67% identity over 387 bp, with a corresponding 69% amino acid identity) was detected between AML1 and the Drosophila segmentation gene, runt.",NOINFO,NOINFO,0.9998365640640259,0.0001175094730569981,4.583797272061929e-05
1150,5765455,Tetraspanin-3 is a causative factor in the development of acute myelogenous leukemia,"Reactive oxygen species, DNA damage, and error-prone repair: a model for genomic instability with progression in myeloid leukemia? Myelodysplastic syndromes (MDS) comprise a heterogeneous group of disorders characterized by ineffective hematopoiesis, with an increased propensity to develop acute myelogenous leukemia (AML). These data suggest treatment strategies that target RAS/RAC pathways and ROS production in human MDS/AML.",NOINFO,NOINFO,0.999847412109375,0.0001159150997409597,3.654561078292318e-05
1150,1617327,Tetraspanin-3 is a causative factor in the development of acute myelogenous leukemia,"Bone progenitor dysfunction induces myelodysplasia and secondary leukemia Myelodysplasia resulted and acute myelogenous leukaemia emerged that had acquired several genetic abnormalities while having intact Dicer1. Therefore, perturbation of specific mesenchymal subsets of stromal cells can disorder differentiation, proliferation and apoptosis of heterologous cells, and disrupt tissue homeostasis.",NOINFO,NOINFO,0.9998422861099243,0.00012631645950023085,3.138130341540091e-05
1150,25832301,Tetraspanin-3 is a causative factor in the development of acute myelogenous leukemia,"Tetraspanin 7 (TSPAN7) expression is upregulated in multiple myeloma patients and inhibits myeloma tumour development in vivo. BACKGROUND Increased expression of the tetraspanin TSPAN7 has been observed in a number of cancers; however, it is unclear how TSPAN7 plays a role in cancer progression. CONCLUSION These results suggest that elevated TSPAN7 may be associated with better outcomes for up to 50% of MM patients.",NOINFO,NOINFO,0.9998408555984497,0.0001150122843682766,4.408213499118574e-05
1163,15305881,The DdrB protein from Deinococcus radiodurans is an alternative SSB.,"The structure of DdrB from Deinococcus: a new fold for single-stranded DNA binding proteins Here, we report the 2.8 A structure of DdrB, a single-stranded DNA (ssDNA) binding protein unique to Deinococcus spp. Possible mechanisms of DdrB action in damage recovery are discussed.",SUPPORTS,SUPPORTS,0.029540227726101875,0.6723324656486511,0.29812729358673096
1163,8065561,The DdrB protein from Deinococcus radiodurans is an alternative SSB.,Specific and cooperative binding of E. coli single-stranded DNA binding protein to mRNA. The binding inhibited in vitro expression of ssb and bla but not nusA. This inhibition takes place at a physiological concentration of SSB. The function of the protein in gene regulation is discussed.,NOINFO,NOINFO,0.9998335838317871,0.00010189448948949575,6.451557419495657e-05
1163,10071552,The DdrB protein from Deinococcus radiodurans is an alternative SSB.,"Averting Obesity and Type 2 Diabetes in India through Sugar-Sweetened Beverage Taxation: An Economic-Epidemiologic Modeling Study We then incorporated SSB sales trends, body mass index (BMI), and diabetes incidence data stratified by age, sex, income, and urban/rural residence into a validated microsimulation of caloric consumption, glycemic load, overweight/obesity prevalence, and type 2 diabetes incidence among Indian subpopulations facing a 20% SSB excise tax. The 20% SSB tax was anticipated to reduce overweight and obesity prevalence by 3.0% (95% CI 1.6%-5.9%) and type 2 diabetes incidence by 1.6% (95% CI 1.2%-1.9%) among various Indian subpopulations over the period 2014-2023, if SSB consumption continued to increase linearly in accordance with secular trends.",NOINFO,NOINFO,0.9998593330383301,7.7217016951181e-05,6.339305400615558e-05
1163,799586,The DdrB protein from Deinococcus radiodurans is an alternative SSB.,"Role of the Single-Stranded DNA–Binding Protein SsbB in Pneumococcal Transformation: Maintenance of a Reservoir for Genetic Plasticity Bacteria encode a single-stranded DNA (ssDNA) binding protein (SSB) crucial for genome maintenance. In Bacillus subtilis and Streptococcus pneumoniae, an alternative SSB, SsbB, is expressed uniquely during competence for genetic transformation, but its precise role has been disappointingly obscure.",NOINFO,NOINFO,0.999578058719635,0.00038595221121795475,3.603965160436928e-05
1163,1914588,The DdrB protein from Deinococcus radiodurans is an alternative SSB.,"Characterization of a single-stranded DNA-binding protein from Pseudomonas aeruginosa PAO1. Single-stranded DNA-binding protein (SSB) plays an important role in DNA metabolism, such as in DNA replication, repair, and recombination, and is essential for cell survival. We characterized the single-stranded DNA (ssDNA)-binding properties of Pseudomonas aeruginosa PAO1 SSB (PaSSB) by using fluorescence quenching measurements and electrophoretic mobility shift analysis (EMSA).",NOINFO,NOINFO,0.9998660087585449,7.812774856574833e-05,5.5944547057151794e-05
1175,31272411,The PPR MDA5 has two N-terminal CARD domains.,"Immune signaling by RIG-I-like receptors. The RIG-I-like receptors (RLRs) RIG-I, MDA5, and LGP2 play a major role in pathogen sensing of RNA virus infection to initiate and modulate antiviral immunity. Understanding the processes of RLR signaling and response will provide insights to guide RLR-targeted therapeutics for antiviral and immune-modifying applications.",NOINFO,NOINFO,0.9997367262840271,0.0001866639213403687,7.66067169024609e-05
1175,16058322,The PPR MDA5 has two N-terminal CARD domains.,"MDA5 and PTPN2, two candidate genes for type 1 diabetes, modify pancreatic β-cell responses to the viral by-product double-stranded RNA PIC increased MDA5 and PTPN2 mRNA expression, which was inhibited by the specific siRNAs. These findings indicate that changes in MDA5 and PTPN2 expression modify beta-cell responses to dsRNA.",NOINFO,NOINFO,0.9997138381004333,0.00021234092127997428,7.381429895758629e-05
1175,2566674,The PPR MDA5 has two N-terminal CARD domains.,"Ribose 2′-O-methylation provides a molecular signature for the distinction of self and non-self mRNA dependent on the RNA sensor Mda5 Notably, the induction of type I interferon by viruses deficient in 2′-O-methyltransferase was dependent on the cytoplasmic RNA sensor Mda5. This link between Mda5-mediated sensing of viral RNA and 2′-O-methylation of mRNA suggests that RNA modifications such as 2′-O-methylation provide a molecular signature for the discrimination of self and non-self mRNA.",NOINFO,NOINFO,0.9998227953910828,0.00013393632252700627,4.322872337070294e-05
1175,10627801,The PPR MDA5 has two N-terminal CARD domains.,"Loss of DExD/H box RNA helicase LGP2 manifests disparate antiviral responses. A third helicase gene, Lgp2, is homologous to Rig-I and Mda5 but lacks a caspase activation and recruitment domain. However, mice lacking LGP2 were observed to exhibit a defect in type I IFN production in response to infection by the encephalomyocarditis virus, the replication of which activates MDA5-dependent innate immune responses.",NOINFO,NOINFO,0.9998230338096619,0.0001371125690639019,3.9902031858218834e-05
1179,31272411,The PRR MDA5 has a central DExD/H RNA helices domain.,"Immune signaling by RIG-I-like receptors. The RIG-I-like receptors (RLRs) RIG-I, MDA5, and LGP2 play a major role in pathogen sensing of RNA virus infection to initiate and modulate antiviral immunity. The RLRs detect viral RNA ligands or processed self RNA in the cytoplasm to trigger innate immunity and inflammation and to impart gene expression that serves to control infection.",NOINFO,NOINFO,0.9998680353164673,9.098467853618786e-05,4.101000740774907e-05
1179,2566674,The PRR MDA5 has a central DExD/H RNA helices domain.,"Ribose 2′-O-methylation provides a molecular signature for the distinction of self and non-self mRNA dependent on the RNA sensor Mda5 Notably, the induction of type I interferon by viruses deficient in 2′-O-methyltransferase was dependent on the cytoplasmic RNA sensor Mda5. This link between Mda5-mediated sensing of viral RNA and 2′-O-methylation of mRNA suggests that RNA modifications such as 2′-O-methylation provide a molecular signature for the discrimination of self and non-self mRNA.",NOINFO,NOINFO,0.999847412109375,0.00011345129314577207,3.913121690857224e-05
1179,10627801,The PRR MDA5 has a central DExD/H RNA helices domain.,"Loss of DExD/H box RNA helicase LGP2 manifests disparate antiviral responses. The DExD/H box RNA helicase retinoic acid-inducible gene I (RIG-I) and the melanoma differentiation-associated gene 5 (MDA5) are key intracellular receptors that recognize virus infection to produce type I IFN. A third helicase gene, Lgp2, is homologous to Rig-I and Mda5 but lacks a caspase activation and recruitment domain.",NOINFO,NOINFO,0.9992116689682007,0.000741494121029973,4.680415440816432e-05
1179,16058322,The PRR MDA5 has a central DExD/H RNA helices domain.,"MDA5 and PTPN2, two candidate genes for type 1 diabetes, modify pancreatic β-cell responses to the viral by-product double-stranded RNA PIC increased MDA5 and PTPN2 mRNA expression, which was inhibited by the specific siRNAs. These findings indicate that changes in MDA5 and PTPN2 expression modify beta-cell responses to dsRNA.",NOINFO,NOINFO,0.9998201727867126,0.00012981520558241755,5.004822014598176e-05
1180,31272411,The PRR MDA5 is a sensor of RNA virus infection.,"Immune signaling by RIG-I-like receptors. The RIG-I-like receptors (RLRs) RIG-I, MDA5, and LGP2 play a major role in pathogen sensing of RNA virus infection to initiate and modulate antiviral immunity. The RLRs detect viral RNA ligands or processed self RNA in the cytoplasm to trigger innate immunity and inflammation and to impart gene expression that serves to control infection.",SUPPORTS,NOINFO,0.9994912147521973,0.00045694911386817694,5.182197128306143e-05
1180,10627801,The PRR MDA5 is a sensor of RNA virus infection.,"Loss of DExD/H box RNA helicase LGP2 manifests disparate antiviral responses. Our data further indicate that Lgp2-/- mice exhibited resistance to lethal vesicular stomatitis virus infection, a virus whose replicative RNA intermediates are recognized specifically by RIG-I rather than by MDA5 to trigger the production of type I IFN. Collectively, our data indicate a disparate regulatory role for LGP2 in the triggering of innate immune signaling pathways following RNA virus infection.",NOINFO,NOINFO,0.9998064637184143,0.00015905073087196797,3.453175668255426e-05
1180,44366096,The PRR MDA5 is a sensor of RNA virus infection.,RIG-I-mediated antiviral responses to single-stranded RNA bearing 5'-phosphates. Double-stranded RNA (dsRNA) produced during viral replication is believed to be the critical trigger for activation of antiviral immunity mediated by the RNA helicase enzymes retinoic acid-inducible gene I (RIG-I) and melanoma differentiation-associated gene 5 (MDA5). We showed that influenza A virus infection does not generate dsRNA and that RIG-I is activated by viral genomic single-stranded RNA (ssRNA) bearing 5'-phosphates.,NOINFO,NOINFO,0.9998495578765869,0.00010953230230370536,4.084936881554313e-05
1180,2566674,The PRR MDA5 is a sensor of RNA virus infection.,"Ribose 2′-O-methylation provides a molecular signature for the distinction of self and non-self mRNA dependent on the RNA sensor Mda5 Notably, the induction of type I interferon by viruses deficient in 2′-O-methyltransferase was dependent on the cytoplasmic RNA sensor Mda5. This link between Mda5-mediated sensing of viral RNA and 2′-O-methylation of mRNA suggests that RNA modifications such as 2′-O-methylation provide a molecular signature for the discrimination of self and non-self mRNA.",NOINFO,NOINFO,0.9989122152328491,0.0010474045993760228,4.033560981042683e-05
1180,4402497,The PRR MDA5 is a sensor of RNA virus infection.,"Innate immunity induced by composition-dependent RIG-I recognition of hepatitis C virus RNA Innate immune defences are essential for the control of virus infection and are triggered through host recognition of viral macromolecular motifs known as pathogen-associated molecular patterns (PAMPs). Hepatitis C virus (HCV) is an RNA virus that replicates in the liver, and infects 200 million people worldwide.",NOINFO,NOINFO,0.9998631477355957,9.953705739462748e-05,3.733985067810863e-05
1185,16737210,The US health care system can save up to $750 million if 7% of patients waiting for kidney transplants participate in the optimized national kidney paired donation program.,"Kidney paired donation and optimizing the use of live donor organs. Kidney paired donation (KPD) offers incompatible donor/recipient pairs the opportunity to match for compatible transplants. Even if only 7% of patients awaiting kidney transplantation participated in an optimized national KPD program, the health care system could save as much as $750 million.",SUPPORTS,SUPPORTS,0.0021001833956688643,0.9973588585853577,0.0005409542936831713
1185,41774099,The US health care system can save up to $750 million if 7% of patients waiting for kidney transplants participate in the optimized national kidney paired donation program.,"Call to Develop a Standard Acquisition Charge Model for Kidney Paired Donation We propose a Medicare Demonstration Project to develop a standard acquisition charge for kidney paired donation. To expand access to kidney paired donation for more patients, we propose a model to reimburse paired donation expenses analogous to the proven strategy used for over 30 years to pay for deceased donor solid organ transplantation in America.",NOINFO,NOINFO,0.9996210336685181,0.0002668311062734574,0.00011210415686946362
1185,21859699,The US health care system can save up to $750 million if 7% of patients waiting for kidney transplants participate in the optimized national kidney paired donation program.,Successful three-way kidney paired donation with cross-country live donor allograft transport. Providing transplantation opportunities for patients with incompatible live donors through kidney paired donation (KPD) is seen as one of the important strategies for easing the crisis in organ availability. It has been estimated that an additional 1000-2000 transplants per year could be accomplished if a national KPD program were implemented in the United States.,NOINFO,NOINFO,0.9998583793640137,9.914852125803009e-05,4.247699325787835e-05
1185,21203899,The US health care system can save up to $750 million if 7% of patients waiting for kidney transplants participate in the optimized national kidney paired donation program.,"Managing finances of shipping living donor kidneys for donor exchanges. Kidney donor exchanges enable recipients with immunologically incompatible donors to receive compatible living donor grafts; however, the financial management of these exchanges, especially when an organ is shipped, is complex and thus has the potential to impede the broader implementation of donor exchange programs. Representatives from transplant centers that utilize the National Kidney Registry database to facilitate donor exchange transplants developed a financial model applicable to paired donor exchanges and donor chain transplants.",NOINFO,NOINFO,0.9998421669006348,0.00010410821414552629,5.380006041377783e-05
1185,20491205,The US health care system can save up to $750 million if 7% of patients waiting for kidney transplants participate in the optimized national kidney paired donation program.,"Prison health care: a review of the literature. Prison is designed with punishment, correction and rehabilitation to the community in mind and these goals may conflict with the aims of health care. Health promotion and the health of the community outside prisons are desirable aims of prison health care.",NOINFO,NOINFO,0.9998823404312134,6.57912387396209e-05,5.184224937693216e-05
1187,52873726,The YAP1 and TEAD complex tanslocates into the nucleus where it interacts with transcription factors and DNA-binding proteins that modulate target gene transcription.,"Regulation of Hippo pathway transcription factor TEAD by p38 MAPK-induced cytoplasmic translocation YAP/TAZ are transcription co-activators that regulate gene expression primarily through interaction with the TEA domain DNA-binding family of transcription factors (TEAD). However, unlike other transcription factors, such as SMAD, NF-κB, NFAT and STAT, the regulation of TEAD nucleocytoplasmic shuttling has been largely overlooked.",SUPPORTS,SUPPORTS,0.0015236868057399988,0.997755229473114,0.0007211458287201822
1187,12737132,The YAP1 and TEAD complex tanslocates into the nucleus where it interacts with transcription factors and DNA-binding proteins that modulate target gene transcription.,TEAD mediates YAP-dependent gene induction and growth control. Here we demonstrate that the TEAD family transcription factors are essential in mediating YAP-dependent gene expression. CTGF is identified as a direct YAP target gene important for cell growth.,NOINFO,NOINFO,0.9917032122612,0.008179019205272198,0.00011769736011046916
1187,5116145,The YAP1 and TEAD complex tanslocates into the nucleus where it interacts with transcription factors and DNA-binding proteins that modulate target gene transcription.,A library of yeast transcription factor motifs reveals a widespread function for Rsc3 in targeting nucleosome exclusion at promoters. The sequence specificity of DNA-binding proteins is the primary mechanism by which the cell recognizes genomic features. We obtained binding specificities for 112 DNA-binding proteins representing 19 distinct structural classes.,NOINFO,NOINFO,0.9997356534004211,0.00019677149248309433,6.76051204209216e-05
1187,3893473,The YAP1 and TEAD complex tanslocates into the nucleus where it interacts with transcription factors and DNA-binding proteins that modulate target gene transcription.,TAL effectors are remote controls for gene activation. TAL (transcription activator-like) effectors constitute a novel class of DNA-binding proteins with predictable specificity. Rearrangement of repeat modules allows design of proteins with desired DNA-binding specificities.,NOINFO,NOINFO,0.9998518228530884,8.715657168067992e-05,6.108322850195691e-05
1187,40667066,The YAP1 and TEAD complex tanslocates into the nucleus where it interacts with transcription factors and DNA-binding proteins that modulate target gene transcription.,"Subcellular steroid/nuclear receptor dynamics. Therefore, steroid/nuclear receptors are ligand-dependent transcription factors. This focal organization could involve more complex events than simple DNA binding sites for transcription.",NOINFO,NOINFO,0.9998255372047424,0.00012171280104666948,5.275859439279884e-05
1191,30655442,The amount of publicly available DNA data doubles every 10 years.,"The EMBL nucleotide sequence database. DNA and RNA sequences are directly submitted from researchers and genome sequencing groups and collected from the scientific literature and patent applications (Fig. 1). EBI's network services allow access to the most up-to-date data collection via Internet and World Wide Web interface, providing database searching and sequence similarity facilities plus access to a large number of additional databases.",NOINFO,NOINFO,0.9998499155044556,5.955169763183221e-05,9.045148181030527e-05
1191,24979644,The amount of publicly available DNA data doubles every 10 years.,"Frozen robust multiarray analysis (fRMA). This is accomplished by utilizing information from the large publicly available microarray databases. Then, with new data sets, these are used in concert with information from the new arrays to normalize and summarize the data.",NOINFO,NOINFO,0.9998341798782349,7.21130782039836e-05,9.368650353280827e-05
1191,7396492,The amount of publicly available DNA data doubles every 10 years.,Thawing Frozen Robust Multi-array Analysis (fRMA) The frozen parameter estimates required by this algorithm are generated using a large database of publicly available arrays. The frmaTools package is freely available as part of the Bioconductor project.,NOINFO,NOINFO,0.9998015761375427,9.89494365057908e-05,9.953092376235873e-05
1191,42291761,The amount of publicly available DNA data doubles every 10 years.,"Preventing deaths by drowning in children in the United Kingdom: have we made progress in 10 years? Population based incidence study. Over the past 10 years there have been initiatives on children's safety in water, particularly swimming. We obtained similar information for 1998-9 to identify changes that have …",NOINFO,NOINFO,0.9998793601989746,4.701873695012182e-05,7.36824658815749e-05
1194,11419230,The arm density of TatAd complexes is due to structural rearrangements within Class1 TatAd complexes such as the 'charge zipper mechanism'.,"Folding and Self-Assembly of the TatA Translocation Pore Based on a Charge Zipper Mechanism The sequence of charges in the DCR is complementary to the charge pattern on the APH, suggesting that the protein can be ""zipped up"" by a ladder of seven salt bridges. Similar ""charge zippers"" are proposed for other membrane-associated proteins, e.g., the biofilm-inducing peptide TisB, the human antimicrobial peptide dermcidin, and the pestiviral E(RNS) protein.",NOINFO,NOINFO,0.999854326248169,8.349108247784898e-05,6.21666040387936e-05
1194,15548965,The arm density of TatAd complexes is due to structural rearrangements within Class1 TatAd complexes such as the 'charge zipper mechanism'.,"Structural Rearrangements of NR1/NR2A NMDA Receptors during Allosteric Inhibition Here, we identify the ABD dimer interface as a major structural determinant that permits coupling between the NTDs and the channel gate. Conformational rearrangements at the ABD dimer interface thus appear to be a key mechanism conserved in all iGluR subfamilies, but have evolved to fulfill different functions: fast desensitization at AMPA and kainate receptors, allosteric inhibition at NMDARs.",NOINFO,NOINFO,0.9997847676277161,0.00016897459863685071,4.619508399628103e-05
1194,22042345,The arm density of TatAd complexes is due to structural rearrangements within Class1 TatAd complexes such as the 'charge zipper mechanism'.,"Structural analysis of multiprotein complexes by cross-linking, mass spectrometry, and database searching. Most protein complexes are inaccessible to high resolution structural analysis. Our approach is especially useful to address complexes that are difficult in addressing by standard structural methods.",NOINFO,NOINFO,0.999850869178772,7.751858356641605e-05,7.169297168729827e-05
1194,35256900,The arm density of TatAd complexes is due to structural rearrangements within Class1 TatAd complexes such as the 'charge zipper mechanism'.,Subcapsular encounter and complement-dependent transport of immune complexes by lymph node B cells It is also unclear how immune complexes are transported to follicular dendritic cells. B cells captured immune complexes by a complement receptor–dependent mechanism from macrophage processes that penetrated the follicle and transported the complexes to follicular dendritic cells.,NOINFO,NOINFO,0.999882698059082,5.897490700590424e-05,5.828782741446048e-05
1196,25649714,The availability of safe places to study is effective at decreasing homelessness.,"Mental health problems of homeless children and families: longitudinal study. DESIGN Cross sectional, longitudinal study. Local strategies for rapid rehousing into permanent accommodation, effective social support and health care for parents and children, and protection from violence and intimidation should be developed and implemented.",NOINFO,NOINFO,0.9997833371162415,0.00010909804404946044,0.00010761662269942462
1196,154243324,The availability of safe places to study is effective at decreasing homelessness.,"From youth to adult homelessness The findings confirm that the longer people are homeless, the more difficult it becomes to get out of homelessness. However, the social adaptation account overstates the extent to which people accept homelessness as a 'way of life'.",NOINFO,NOINFO,0.999796450138092,8.48009658511728e-05,0.00011865788110299036
1196,31019903,The availability of safe places to study is effective at decreasing homelessness.,Homelessness and health. Homelessness affects tens of thousands of canadians and has important health implications. More research is needed to identify better ways to deliver care to this population.,NOINFO,NOINFO,0.9998348951339722,6.10821953159757e-05,0.00010410745744593441
1196,33135135,The availability of safe places to study is effective at decreasing homelessness.,The impact of homelessness on children. This article reviews and critiques community-based research on the effects of homelessness on children. Public policy initiatives are needed to meet the needs of homeless children.,NOINFO,NOINFO,0.9998094439506531,6.155970186227933e-05,0.00012905542098451406
1197,25649714,The availability of safe places to study is not effective at decreasing homelessness.,"Mental health problems of homeless children and families: longitudinal study. DESIGN Cross sectional, longitudinal study. Local strategies for rapid rehousing into permanent accommodation, effective social support and health care for parents and children, and protection from violence and intimidation should be developed and implemented.",NOINFO,NOINFO,0.9997280240058899,8.348053961526603e-05,0.00018849408661480993
1197,154243324,The availability of safe places to study is not effective at decreasing homelessness.,"From youth to adult homelessness The findings confirm that the longer people are homeless, the more difficult it becomes to get out of homelessness. However, the social adaptation account overstates the extent to which people accept homelessness as a 'way of life'.",NOINFO,NOINFO,0.999771773815155,6.695053889416158e-05,0.00016123460954986513
1197,31019903,The availability of safe places to study is not effective at decreasing homelessness.,Homelessness and health. Homelessness affects tens of thousands of canadians and has important health implications. More research is needed to identify better ways to deliver care to this population.,NOINFO,NOINFO,0.9998088479042053,5.265477011562325e-05,0.00013845616194885224
1197,33135135,The availability of safe places to study is not effective at decreasing homelessness.,The impact of homelessness on children. This article reviews and critiques community-based research on the effects of homelessness on children. Public policy initiatives are needed to meet the needs of homeless children.,NOINFO,NOINFO,0.9997798800468445,5.113304723636247e-05,0.0001689737691776827
1199,16760369,The benefits of colchicine were achieved with effective widespread use of secondary prevention strategies such as high-dose statins.,"Comparative determinants of 4-year cardiovascular event rates in stable outpatients at risk of or with atherothrombosis. In addition, in multivariable modeling, the presence of diabetes (hazard ratio [HR], 1.44; 95% CI, 1.36-1.53; P < .001), an ischemic event in the previous year (HR, 1.71; 95% CI, 1.57-1.85; P < .001), and polyvascular disease (HR, 1.99; 95% CI, 1.78-2.24; P < .001) each were associated with a significantly higher risk of the primary end point. CONCLUSION Clinical descriptors can assist clinicians in identifying high-risk patients within the broad range of risk for outpatients with atherothrombosis.",NOINFO,NOINFO,0.9998598098754883,7.889397238614038e-05,6.132279668236151e-05
1199,7454794,The benefits of colchicine were achieved with effective widespread use of secondary prevention strategies such as high-dose statins.,"Statins in the primary prevention of cardiovascular disease The use of these drugs for secondary prevention of CVD is well founded, but their expanding use in primary prevention—in individuals without documented CVD—has raised some concerns. Data clearly support the use of statins for primary prevention in high-risk individuals, in whom the strategy is cost-effective and the benefits exceed the risks.",NOINFO,NOINFO,0.9994685053825378,0.00046595101593993604,6.550761463586241e-05
1199,21557614,The benefits of colchicine were achieved with effective widespread use of secondary prevention strategies such as high-dose statins.,"Pleiotropic effects of statins. In clinical trials, statins are beneficial in the primary and secondary prevention of coronary heart disease. However, the overall benefits observed with statins appear to be greater than what might be expected from changes in lipid levels alone, suggesting effects beyond cholesterol lowering.",NOINFO,NOINFO,0.9998742341995239,8.664931374369189e-05,3.905591074726544e-05
1199,8708082,The benefits of colchicine were achieved with effective widespread use of secondary prevention strategies such as high-dose statins.,"The prevention of type 2 diabetes Whether diabetes-prevention strategies also ultimately prevent the development of diabetic vascular complications is unknown, but cardiovascular risk factors are favorably affected. Widespread application has, however, been limited by local financial considerations, even though cost-effectiveness might be achieved at the population level.",NOINFO,NOINFO,0.9997186064720154,0.00023412476002704352,4.719517892226577e-05
1200,3441524,The binding orientation of the ML-SA1 activator at hTRPML2 is different from the binding orientation of the ML-SA1 activator at hTRPML1.,"Human TRPML1 channel structures in open and closed conformations Several aromatic and hydrophobic residues in pore helix 1, helices S5 and S6, and helix S6 of a neighbouring subunit, form a hydrophobic cavity to house the agonist, suggesting a distinct agonist-binding site from that found in TRPV1, a TRP channel from a different subfamily. Our work reveals the regulatory mechanism of TRPML channels, facilitates better understanding of TRP channel activation, and provides insights into the molecular basis of mucolipidosis type IV pathogenesis.",NOINFO,NOINFO,0.9995207786560059,0.0001833717687986791,0.0002959028643090278
1200,4391685,The binding orientation of the ML-SA1 activator at hTRPML2 is different from the binding orientation of the ML-SA1 activator at hTRPML1.,"Experimental and theoretical study of mitotic spindle orientation The architecture and adhesiveness of a cell microenvironment is a critical factor for the regulation of spindle orientation in vivo. Using a combination of theory and experiments, we have investigated spindle orientation in HeLa (human) cells.",NOINFO,NOINFO,0.999861478805542,5.84005429118406e-05,8.013650221982971e-05
1200,15472716,The binding orientation of the ML-SA1 activator at hTRPML2 is different from the binding orientation of the ML-SA1 activator at hTRPML1.,"Differential activation of DNA-PK based on DNA strand orientation and sequence bias In addition, we assessed the effect of the position and strand orientation of cisplatin adducts on kinase activation. DNA-PK kinase activity was measured and the results reveal that DNA strand orientation and sequence bias dramatically influence kinase activation, only a portion of which could be attributed to Ku-DNA binding activity.",NOINFO,NOINFO,0.9998505115509033,6.45166655885987e-05,8.497135422658175e-05
1200,14083283,The binding orientation of the ML-SA1 activator at hTRPML2 is different from the binding orientation of the ML-SA1 activator at hTRPML1.,"Riesz pyramids for fast phase-based video magnification Our new representation is less overcomplete than even the smallest two orientation, octave-bandwidth complex steerable pyramid, and can be implemented using compact, efficient linear filters in the spatial domain. When used with phase-based video magnification, the Riesz pyramid phase-shifts image features along only their dominant orientation rather than every orientation like the complex steerable pyramid.",NOINFO,NOINFO,0.9998094439506531,6.192146247485653e-05,0.00012855227396357805
1202,3475317,The center of the granuloma in an immune cell induces a pro-inflammatory immune response.,"Inflammatory signaling in human Tuberculosis granulomas is spatially organized We found that the centers of granulomas have a pro-inflammatory environment that is characterized by the presence of antimicrobial peptides, reactive oxygen species and pro-inflammatory eicosanoids. Although the balance between systemic pro- and anti-inflammatory signals is crucial to TB disease outcome, here we find that these signals are physically segregated within each granuloma.",SUPPORTS,SUPPORTS,0.00040026084752753377,0.9988721013069153,0.0007276154356077313
1202,29509926,The center of the granuloma in an immune cell induces a pro-inflammatory immune response.,"High-Density Lipoproteins Exert Pro-inflammatory Effects on Macrophages via Passive Cholesterol Depletion and PKC-NF-κB/STAT1-IRF1 Signaling. These pro-inflammatory effects were confirmed in vivo in peritoneal macrophages from apoA-I transgenic mice, which have elevated HDL levels. HDL's pro-inflammatory activity supports proper functioning of macrophage immune responses.",NOINFO,NOINFO,0.9998098015785217,0.00014369083510246128,4.6467721404042095e-05
1202,34378726,The center of the granuloma in an immune cell induces a pro-inflammatory immune response.,Interferon gamma in autoimmunity: A complicated player on a complex stage. Early views of autoimmune disease cast IFNγ as a prototypic pro-inflammatory factor. It is now clear that IFNγ is capable of both pro- and anti-inflammatory activities with the functional outcome dependent on the physiological and pathological setting examined.,NOINFO,NOINFO,0.9996436834335327,0.0002994276874233037,5.6812910770531744e-05
1202,26702468,The center of the granuloma in an immune cell induces a pro-inflammatory immune response.,Intestinal bacteria and the regulation of immune cell homeostasis. This review examines the influence of signals from intestinal bacteria on the homeostasis of the mammalian immune system in the context of health and disease. We discuss the influence of bacterial-derived signals on immune cell function and the mechanisms by which these signals modulate the development and progression of inflammatory disease.,NOINFO,NOINFO,0.9997579455375671,0.0001841331395553425,5.794006574433297e-05
1202,46926352,The center of the granuloma in an immune cell induces a pro-inflammatory immune response.,"Dendritic cells, T cells and lymphatics: dialogues in migration and beyond. However, lymphatic vessels are much more than mere conduits for fluid and immune cell transport. Data accumulating during past several years indicate that LECs support T cell survival, induce tolerance to self-antigens, inhibit exaggerated T cell proliferation during immune response and maintain T cell memory.",NOINFO,NOINFO,0.999843955039978,0.00010762314923340455,4.841490226681344e-05
1204,31141365,The combination of H3K4me3 and H3K79me2 is found in quiescent hair follicle stem cells.,"Genome-wide maps of histone modifications unwind in vivo chromatin states of the hair follicle lineage. Using mouse skin, where bountiful reservoirs of synchronized hair follicle stem cells (HF-SCs) fuel cycles of regeneration, we explore how adult SCs remodel chromatin in response to activating cues. Our findings explain how HF-SCs cycle through quiescent and activated states without losing stemness and define roles for PcG-mediated repression in governing a fate switch irreversibly.",NOINFO,NOINFO,0.9996970891952515,0.00025612773606553674,4.682688813772984e-05
1204,15907458,The combination of H3K4me3 and H3K79me2 is found in quiescent hair follicle stem cells.,"Assaying proliferation and differentiation capacity of stem cells using disaggregated adult mouse epidermis We also describe how the isolated keratinocytes can be subjected to clonal analysis in vitro and in vivo and how to enrich for hair follicle-inducing dermal papilla cells in the dermal preparation. Using these approaches, it is possible to compare the capacity of different populations of adult epidermal stem cells to proliferate and to generate progeny that differentiate along the different epidermal lineages.",NOINFO,NOINFO,0.9998589754104614,0.00010130178270628676,3.967034353991039e-05
1204,6455142,The combination of H3K4me3 and H3K79me2 is found in quiescent hair follicle stem cells.,"KDM5B regulates embryonic stem cell self-renewal and represses cryptic intragenic transcription. We show here that the histone H3 trimethyl lysine 4 (H3K4me3) demethylase, KDM5B, is a downstream Nanog target and critical for ESC self-renewal. We propose that KDM5B activates self-renewal-associated gene expression by repressing cryptic initiation and maintaining an H3K4me3 gradient important for productive transcriptional elongation.",NOINFO,NOINFO,0.9998505115509033,0.00010953241144306958,3.998114334535785e-05
1204,8548635,The combination of H3K4me3 and H3K79me2 is found in quiescent hair follicle stem cells.,"RBP2 Belongs to a Family of Demethylases, Specific for Tri-and Dimethylated Lysine 4 on Histone 3 Furthermore, we show that mutation or RNAi depletion of the C. elegans JARID1 homolog rbr-2 leads to increased levels of H3K4me3 during larval development and defects in vulva formation. Taken together, these results suggest that H3K4me3/me2 demethylation regulated by the JARID1 family plays an important role during development.",NOINFO,NOINFO,0.9998526573181152,0.00010868025856325403,3.860006108880043e-05
1207,18909530,The composition of myosin-II isoform switches from the polarizable B isoform to the more homogenous A isoform during hematopoietic differentiation.,"Contractile forces sustain and polarize hematopoiesis from stem and progenitor cells. Self-renewal and differentiation of stem cells depend on asymmetric division and polarized motility processes that in other cell types are modulated by nonmuscle myosin-II (MII) forces and matrix mechanics. Here, mass spectrometry-calibrated intracellular flow cytometry of human hematopoiesis reveals MIIB to be a major isoform that is strongly polarized in hematopoietic stem cells and progenitors (HSC/Ps) and thereby downregulated in differentiated cells via asymmetric division.",NOINFO,NOINFO,0.9996458292007446,0.00026116601657122374,9.293991752201691e-05
1207,735130,The composition of myosin-II isoform switches from the polarizable B isoform to the more homogenous A isoform during hematopoietic differentiation.,Myosin Light Chain–activating Phosphorylation Sites Are Required for Oogenesis in Drosophila The Drosophila spaghetti squash ( sqh ) gene encodes the regulatory myosin light chain (RMLC) of nonmuscle myosin II. Biochemical analysis of vertebrate nonmuscle and smooth muscle myosin II has established that phosphorylation of certain amino acids of the RMLC greatly increases the actin-dependent myosin ATPase and motor activity of myosin in vitro.,NOINFO,NOINFO,0.9998745918273926,7.631858170498163e-05,4.908287519356236e-05
1207,27061085,The composition of myosin-II isoform switches from the polarizable B isoform to the more homogenous A isoform during hematopoietic differentiation.,"Transcript assembly and quantification by RNA-Seq reveals unannotated transcripts and isoform switching during cell differentiation. To test Cufflinks, we sequenced and analyzed >430 million paired 75-bp RNA-Seq reads from a mouse myoblast cell line over a differentiation time series. Over the time series, 330 genes showed complete switches in the dominant transcription start site (TSS) or splice isoform, and we observed more subtle shifts in 1,304 other genes.",NOINFO,NOINFO,0.9998495578765869,0.00010636990191414952,4.4082516978960484e-05
1207,38380061,The composition of myosin-II isoform switches from the polarizable B isoform to the more homogenous A isoform during hematopoietic differentiation.,"Localization and requirement for Myosin II at the dorsal-ventral compartment boundary of the Drosophila wing. Here, we show that the dorsal-ventral boundary exhibits a distinct accumulation of Myosin II, and that this accumulation is regulated downstream of Notch signaling. We further show that mutations in the Myosin heavy chain subunit encoded by zipper can impair dorsal-ventral compartmentalization without affecting anterior-posterior compartmentalization.",NOINFO,NOINFO,0.9998509883880615,7.935689063742757e-05,6.962306360946968e-05
1213,14407673,The deregulated and prolonged activation of monocytes has deleterious effects in inflammatory diseases.,"Myeloid-specific Krüppel-like factor 2 inactivation increases macrophage and neutrophil adhesion and promotes atherosclerosis. Macrophages isolated from myeloid-specific Klf2 knockout (myeKlf2(-/-)) mice were similar to myeKlf2(+/+) macrophages in response to activation, polarization, and lipid accumulation. Collectively, these results suggest that elevating KLF2 expression may be a novel strategy for prevention and treatment of atherosclerosis.",NOINFO,NOINFO,0.99988853931427,6.108546949690208e-05,5.0444199587218463e-05
1213,5572127,The deregulated and prolonged activation of monocytes has deleterious effects in inflammatory diseases.,"Atm-deficient mice exhibit increased sensitivity to dextran sulfate sodium-induced colitis characterized by elevated DNA damage and persistent immune activation. The role of ataxia telangiectasia mutated (ATM), a DNA double-strand break recognition and response protein, in inflammation and inflammatory diseases is unclear. ATM, therefore, may be a critical immunoregulatory factor dampening the deleterious effects of chronic DSS-induced inflammation, necessary for systemic genomic stability and homeostasis of the gut epithelial barrier.",NOINFO,NOINFO,0.999813973903656,0.00015266030095517635,3.3404274290660396e-05
1213,11233339,The deregulated and prolonged activation of monocytes has deleterious effects in inflammatory diseases.,"Pivotal Roles of T-Helper 17-Related Cytokines, IL-17, IL-22, and IL-23, in Inflammatory Diseases IL-23, which promotes Th17 cell development, as well as IL-17 and IL-22 produced by the Th17 cells plays essential roles in various inflammatory diseases, such as experimental autoimmune encephalomyelitis, rheumatoid arthritis, colitis, and Concanavalin A-induced hepatitis. In this review, we summarize the characteristics of the functional role of Th17 cells, with particular focus on the Th17 cell-related cytokines such as IL-17, IL-22, and IL-23, in mouse models and human inflammatory diseases.",NOINFO,NOINFO,0.9998942613601685,5.9206409787293524e-05,4.647164678317495e-05
1213,14492339,The deregulated and prolonged activation of monocytes has deleterious effects in inflammatory diseases.,Blood monocytes consist of two principal subsets with distinct migratory properties Peripheral blood monocytes are a heterogeneous population of circulating leukocytes. These findings raise the potential for novel therapeutic strategies in inflammatory diseases.,NOINFO,NOINFO,0.9997861981391907,0.00012459424033295363,8.921756671043113e-05
1216,24142891,The extracellular domain of TMEM27 is cleaved in human beta cells.,"Tmem27: a cleaved and shed plasma membrane protein that stimulates pancreatic beta cell proliferation. Here, we report the identification and characterization of transmembrane protein 27 (Tmem27, collectrin) in pancreatic beta cells. Tmem27 forms dimers and its extracellular domain is glycosylated, cleaved and shed from the plasma membrane of beta cells.",SUPPORTS,SUPPORTS,0.0003862175508402288,0.9983135461807251,0.0013001930201426148
1216,19756935,The extracellular domain of TMEM27 is cleaved in human beta cells.,"A simple two-step protocol for the purification of human pancreatic beta cells Isolated pure human beta cells would be helpful for a number of research purposes. We aimed to develop a simple method for human beta cell isolation based on the initial elimination of ductal cells by their expression of carbohydrate antigen 19-9 (CA19-9), followed by positive selection of beta cells by their expression of polysialic acid–neural cell adhesion molecule (PSA-NCAM).",NOINFO,NOINFO,0.9998496770858765,9.914766269503161e-05,5.1136619731551036e-05
1216,4311206,The extracellular domain of TMEM27 is cleaved in human beta cells.,"Conversion of Adult Pancreatic α-cells to β-cells After Extreme β-cell Loss Pancreatic insulin-producing beta-cells have a long lifespan, such that in healthy conditions they replicate little during a lifetime. It is not known whether adult mammals can differentiate (regenerate) new beta-cells after extreme, total beta-cell loss, as in diabetes.",NOINFO,NOINFO,0.999884843826294,7.646857557119802e-05,3.8676771509926766e-05
1216,27588420,The extracellular domain of TMEM27 is cleaved in human beta cells.,"Epigenetic memory and preferential lineage-specific differentiation in induced pluripotent stem cells derived from human pancreatic islet beta cells. Using two genetic lineage-tracing systems, we demonstrate the generation of iPSC lines from human pancreatic islet beta cells. However, the beta cell-derived iPSCs (BiPSCs) maintained open chromatin structure at key beta-cell genes, together with a unique DNA methylation signature that distinguishes them from other PSCs.",NOINFO,NOINFO,0.9998708963394165,8.784182136878371e-05,4.125112172914669e-05
1216,31107919,The extracellular domain of TMEM27 is cleaved in human beta cells.,"Differential Requirement of the Extracellular Domain in Activation of Class B G Protein-coupled Receptors. They consist of a large N-terminal extracellular domain (ECD) and a transmembrane domain (TMD) with the GPCR signature of seven transmembrane helices. In contrast to this prevailing model, we demonstrate that human class B GPCRs vary widely in their requirement of the ECD for activation.",NOINFO,NOINFO,0.9998748302459717,8.155869727488607e-05,4.3655221816152334e-05
1221,19736671,The genomic aberrations found in matasteses are very similar to those found in the primary tumor.,"Evolution of metastasis revealed by mutational landscapes of chemically induced skin cancers Here we have used whole-exome sequencing of 103 matched benign, malignant and metastatic skin tumors from genetically heterogeneous mice to demonstrate that most metastases disseminate synchronously from the primary tumor, supporting parallel rather than linear evolution as the predominant model of metastasis. Shared mutations between primary carcinomas and their matched metastases have the distinct A-to-T signature of the initiating carcinogen dimethylbenzanthracene, but non-shared mutations are primarily G-to-T, a signature associated with oxidative stress.",REFUTES,NOINFO,0.9995307922363281,0.00039277790347114205,7.644149445695803e-05
1221,21479575,The genomic aberrations found in matasteses are very similar to those found in the primary tumor.,"High prevalence of evolutionarily conserved and species-specific genomic aberrations in mouse pluripotent stem cells. We found that genomic aberrations occur frequently in mouse embryonic stem cells of various mouse strains, add in mouse iPSCs of various cell origins and derivation techniques. Importantly, these common aberrations jeopardize the interpretation of published comparisons of PSCs, which were unintentionally conducted between normal and aberrant cells.",NOINFO,NOINFO,0.9998125433921814,0.00013845667126588523,4.8984060413204134e-05
1221,12337611,The genomic aberrations found in matasteses are very similar to those found in the primary tumor.,"LIN28B induces neuroblastoma and enhances MYCN levels via let-7 suppression Here, we report that LIN28B showed genomic aberrations and extensive overexpression in high-risk neuroblastoma compared to several other tumor entities and normal tissues. Interference with this pathway might offer therapeutic perspectives.",NOINFO,NOINFO,0.9994420409202576,0.0004959891084581614,6.189871055539697e-05
1221,4325398,The genomic aberrations found in matasteses are very similar to those found in the primary tumor.,Pancreatic cancer genomes reveal aberrations in axon guidance pathway genes We performed exome sequencing and copy number analysis to define genomic aberrations in a prospectively accrued clinical cohort (n = 142) of early (stage I and II) sporadic pancreatic ductal adenocarcinoma. Integrative analysis with in vitro functional data and animal models provided supportive evidence for potential roles for these genetic aberrations in carcinogenesis.,NOINFO,NOINFO,0.9996538162231445,0.0002982633304782212,4.793528205482289e-05
1221,25504006,The genomic aberrations found in matasteses are very similar to those found in the primary tumor.,"Molecular analysis of circulating tumour cells—biology and biomarkers Growing evidence for intratumour heterogeneity informs us that single-site biopsies fall short of revealing the complete genomic landscape of a tumour. With an expanding repertoire of targeted agents entering the clinic, screening tumours for genomic aberrations is increasingly important, as is interrogating the tumours for resistance mechanisms upon disease progression.",NOINFO,NOINFO,0.9997596144676208,0.00018485412874724716,5.55032747797668e-05
1225,9650982,The locus rs647161 is associated with colorectal carcinoma.,"Genome-wide association analyses in East Asians identify new susceptibility loci for colorectal cancer To identify new genetic factors for colorectal cancer (CRC), we conducted a                 genome-wide association study in east Asians. This study identified three new CRC                 susceptibility loci and provides additional insight into the genetics and biology of                 CRC.",SUPPORTS,NOINFO,0.9996222257614136,0.0003363197611179203,4.148322113906033e-05
1225,21181273,The locus rs647161 is associated with colorectal carcinoma.,"15-Hydroxyprostaglandin dehydrogenase is down-regulated in colorectal cancer. By contrast, the expression of 15-PGDH is decreased in several colorectal carcinoma cell lines and in other human malignancies such as breast and lung carcinomas. Finally, 15-PGDH expression and activity are significantly down-regulated in human colorectal carcinomas relative to matched normal tissue.",NOINFO,NOINFO,0.9998296499252319,0.00013211854093242437,3.829879278782755e-05
1225,14315749,The locus rs647161 is associated with colorectal carcinoma.,"hClock gene expression in human colorectal carcinoma. In this study, we aimed to investigate changes in the expression of human Clock (hClock), a gene at the core of the circadian gene family, in colorectal carcinomas (CRCs) and to discuss the possible effects. The circadian gene hClock was stably expressed in human colorectal mucosa and was important in regulating the expression of downstream clock-controlled genes.",NOINFO,NOINFO,0.999835729598999,0.00012656257604248822,3.7631682062055916e-05
1225,5774746,The locus rs647161 is associated with colorectal carcinoma.,"A link between inflammation and metastasis: serum amyloid A1 and A3 induce metastasis, and are targets of metastasis-inducing S100A4 Furthermore, coordinate expression of S100A4 and SAA in tumor samples from colorectal carcinoma patients significantly correlated with reduced overall survival. These data show that SAA proteins are effectors for the metastasis-promoting functions of S100A4, and serve as a link between inflammation and tumor progression.",NOINFO,NOINFO,0.9998365640640259,0.00012631573190446943,3.712071702466346e-05
1225,7165938,The locus rs647161 is associated with colorectal carcinoma.,"Overexpression of the circadian clock gene Bmal1 increases sensitivity to oxaliplatin in colorectal cancer. EXPERIMENTAL DESIGN Three colorectal cancer cell lines, HCT116, THC8307 and HT29, were used. RESULTS Bmal1 overexpression inhibited colorectal cancer cell proliferation and increased colorectal cancer sensitivity to oxaliplatin in three colorectal cancer cell lines and HCT116 cells model in vivo.",NOINFO,NOINFO,0.9997791647911072,0.00018413705402053893,3.675786138046533e-05
1226,13777138,"The loss of the TET protein functions may have dire biological consequences, such as myeloid cancers.","Tet1 and Tet2 regulate 5-hydroxymethylcytosine production and cell lineage specification in mouse embryonic stem cells. TET family enzymes convert 5-methylcytosine (5mC) to 5-hydroxymethylcytosine (5hmC) in DNA. Thus, 5hmC is an epigenetic modification associated with the pluripotent state, and Tet1 functions to regulate the lineage differentiation potential of ESCs.",NOINFO,NOINFO,0.9998835325241089,6.277851207414642e-05,5.369730570237152e-05
1226,11951999,"The loss of the TET protein functions may have dire biological consequences, such as myeloid cancers.","The Ten-Eleven Translocation-2 (TET2) gene in hematopoiesis and hematopoietic diseases TET dioxygenases require 2-oxoglutarate, oxygen and Fe(II) for their activity, which is enhanced in the presence of ascorbic acid. TET2 is the most expressed TET gene in the hematopoietic tissue, especially in hematopoietic stem cells.",NOINFO,NOINFO,0.9998871088027954,5.716069063055329e-05,5.561887883231975e-05
1226,24731248,"The loss of the TET protein functions may have dire biological consequences, such as myeloid cancers.","Tet proteins can convert 5-methylcytosine to 5-formylcytosine and 5-carboxylcytosine. 5mC can be converted to 5-hydroxymethylcytosine (5hmC) by the Tet (ten eleven translocation) proteins. The genomic content of 5hmC, 5fC, and 5caC can be increased or reduced through overexpression or depletion of Tet proteins.",NOINFO,NOINFO,0.9998431205749512,8.155611430993304e-05,7.527989509981126e-05
1226,24713020,"The loss of the TET protein functions may have dire biological consequences, such as myeloid cancers.",Tet and TDG mediate DNA demethylation essential for mesenchymal-to-epithelial transition in somatic cell reprogramming. We show that Tet-deficient MEFs cannot be reprogrammed because of a block in the mesenchymal-to-epithelial transition (MET) step. Reintroduction of either the affected miRNAs or catalytically active Tet and TDG restores reprogramming in the knockout MEFs.,NOINFO,NOINFO,0.9998626708984375,7.631767221027985e-05,6.10838906140998e-05
1232,13905670,The minor G allele of FOXO3 is related to more severe symptoms of Crohn's Disease.,"Human SNP Links Differential Outcomes in Inflammatory and Infectious Disease to a FOXO3-Regulated Pathway We identify a noncoding polymorphism in FOXO3A (rs12212067: T > G) at which the minor (G) allele, despite not being associated with disease susceptibility, is associated with a milder course of Crohn's disease and rheumatoid arthritis and with increased risk of severe malaria. Minor allele carriage is shown to limit inflammatory responses in monocytes via a FOXO3-driven pathway, which through TGFβ1 reduces production of proinflammatory cytokines, including TNFα, and increases production of anti-inflammatory cytokines, including IL-10.",REFUTES,SUPPORTS,0.0005601195152848959,0.998968243598938,0.00047166793956421316
1232,2844490,The minor G allele of FOXO3 is related to more severe symptoms of Crohn's Disease.,"Proinflammatory cytokines underlying the inflammation of Crohn's disease. PURPOSE OF REVIEW To encapsulate our current understanding of the proinflammatory cytokines responsible for the inflammation underlying Crohn's disease and the prospect of using this information to devise therapy for this condition based on inhibition of these cytokines. In recent years, however, this view has been largely eclipsed by studies, conducted mainly in murine models, showing that a Th17 response is the main cause of Crohn's disease inflammation through the production of interleukin-17.",NOINFO,NOINFO,0.9998716115951538,7.03077603247948e-05,5.805994078400545e-05
1232,4427060,The minor G allele of FOXO3 is related to more severe symptoms of Crohn's Disease.,"Association of NOD2 leucine-rich repeat variants with susceptibility to Crohn's disease. A susceptibility locus for Crohn's disease has been mapped to chromosome 16. These observations suggest that the NOD2 gene product confers susceptibility to Crohn's disease by altering the recognition of these components and/or by over-activating NF-kB in monocytes, thus documenting a molecular model for the pathogenic mechanism of Crohn's disease that can now be further investigated.",NOINFO,NOINFO,0.9998698234558105,7.858718163333833e-05,5.16394866281189e-05
1232,5922085,The minor G allele of FOXO3 is related to more severe symptoms of Crohn's Disease.,"Virus-Plus-Susceptibility Gene Interaction Determines Crohn's Disease Gene Atg16L1 Phenotypes in Intestine Here we demonstrate that an interaction between a specific virus infection and a mutation in the Crohn's disease susceptibility gene Atg16L1 induces intestinal pathologies in mice. Further, the response to injury induced by the toxic substance dextran sodium sulfate was fundamentally altered to include pathologies resembling aspects of Crohn's disease.",NOINFO,NOINFO,0.9998542070388794,9.973076521418989e-05,4.601818727678619e-05
1232,12443371,The minor G allele of FOXO3 is related to more severe symptoms of Crohn's Disease.,"Apolipoprotein E genotype and concussion in college athletes. We hypothesized that carrying 1 or more APOE rare (or minor) allele assessed in this study would be associated with having a history of 1 or more concussions. There was also a significant association (Wald χ² = 3.96, P = 0.04, odds ratio = 8.4) between carrying the APOE promoter minor allele and experiencing 2 or more concussions.",NOINFO,NOINFO,0.9998629093170166,8.108123438432813e-05,5.6053748267004266e-05
1241,4427392,The myocardial lineage develops from cardiac progenitors of mesodermal origin.,"Human cardiovascular progenitor cells develop from a KDR+ embryonic-stem-cell-derived population Here we show that after induction with combinations of activin A, bone morphogenetic protein 4 (BMP4), basic fibroblast growth factor (bFGF, also known as FGF2), vascular endothelial growth factor (VEGF, also known as VEGFA) and dickkopf homolog 1 (DKK1) in serum-free media, human embryonic-stem-cell-derived embryoid bodies generate a KDRlow/C-KIT(CD117)neg population that displays cardiac, endothelial and vascular smooth muscle potential in vitro and, after transplantation, in vivo. Together, these findings identify a human cardiovascular progenitor that defines one of the earliest stages of human cardiac development.",SUPPORTS,SUPPORTS,0.0003930757229682058,0.9983367919921875,0.0012701036175712943
1241,17991818,The myocardial lineage develops from cardiac progenitors of mesodermal origin.,"THE ORIGIN AND DIFFERENTIATION OF MICROGLIAL CELLS DURING DEVELOPMENT Some authors claim that microglia originate from the neuroepithelium, although most now believe that microglial cells are of mesodermal origin, and probably belong to the monocyte/macrophage cell line. Microglial cells within the developing CNS are involved in clearing cell debris and withdrawing misdirected or transitory axons, and presumably support cell survival and neurite growth.",NOINFO,NOINFO,0.9998613595962524,8.73277967912145e-05,5.123718801769428e-05
1241,32797183,The myocardial lineage develops from cardiac progenitors of mesodermal origin.,"Smooth muscle lineage diversity in the chick embryo. Two types of aortic smooth muscle cell differ in growth and receptor-mediated transcriptional responses to transforming growth factor-beta. Lineage analysis studies in the avian embryo have identified two types of smooth muscle cells (SMCs) in the tunica media of large elastic arteries; one that originates within the cardiac neural crest and is ectoderm in origin (Ect) and another that arises from local mesenchyme of mesodermal origin (Mes). However, we found dramatic, lineage-dependent differences in SMC responses to transforming growth factor-beta (TGF-beta).",NOINFO,NOINFO,0.9998241066932678,0.00012411318311933428,5.183922985452227e-05
1241,6148876,The myocardial lineage develops from cardiac progenitors of mesodermal origin.,Islet1 derivatives in the heart are of both neural crest and second heart field origin. RATIONALE Islet1 (Isl1) has been proposed as a marker of cardiac progenitor cells derived from the second heart field and is utilized to identify and purify cardiac progenitors from murine and human specimens for ex vivo expansion. CONCLUSIONS Isl1 is not restricted to second heart field progenitors in the developing heart but also labels cardiac neural crest.,NOINFO,NOINFO,0.9943451881408691,0.005469589494168758,0.00018529497901909053
1241,17933691,The myocardial lineage develops from cardiac progenitors of mesodermal origin.,Characterization of adipocytes derived from fibro/adipogenic progenitors resident in human skeletal muscle The aim of this study was to determine the extent to which these progenitors differentiate into fully functional adipocytes. They are considered as being the cellular origin of intermuscular adipose tissue that develops in several pathophysiological situations.,NOINFO,NOINFO,0.9998218417167664,0.00013551500160247087,4.2725052480818704e-05
1245,7662395,The one-child policy has been successful in lowering population growth.,Perinatal mortality in rural China: retrospective cohort study. The perinatal mortality rate in the study county was higher than previously reported for both rural and urban areas in China. The results by parity and sex of the infant raise concern over the impact of the one child policy.,NOINFO,REFUTES,0.0009101441828534007,0.0009957008296623826,0.9980942606925964
1245,145335387,The one-child policy has been successful in lowering population growth.,"ECONOMIC RESTRUCTURING AND SUBURBANIZATION IN CHINA As in other countries, suburbanization in China occurred after the cities had experienced a period of sustained industrial and population growth. As a result of economic restructuring, the urban core registered net population loss from 1982 to 1990 because of decentralization while the inner suburbs gained population.",NOINFO,NOINFO,0.9997667670249939,8.381051884498447e-05,0.00014940841356292367
1245,28707489,The one-child policy has been successful in lowering population growth.,"Bacteriophage latent-period evolution as a response to resource availability. At higher host quantities (approximately 10(8) cells/ml), both models closely predict experimentally determined phage population growth rates. A latent-period optimum is the latent period that maximizes the population growth of a specific phage growing in the presence of a specific quantity and quality of host cells.",NOINFO,NOINFO,0.9997697472572327,4.965623884345405e-05,0.0001805738138500601
1245,39593548,The one-child policy has been successful in lowering population growth.,"Reforming the health sector in developing countries: the central role of policy analysis. Focus on policy content diverts attention from understanding the processes which explain why desired policy outcomes fail to emerge. And the final section suggests how policy analysis can be used not only to analyze the policy process, but also to plan.",NOINFO,NOINFO,0.999846339225769,6.74806724418886e-05,8.614069520263001e-05
1259,24341590,The relationship between a breast cancer patient's capacity to metabolize tamoxifen and treatment outcome is dependent on the patient's genetic make-up.,"Association between CYP2D6 polymorphisms and outcomes among women with early stage breast cancer treated with tamoxifen. CONTEXT The growth inhibitory effect of tamoxifen, which is used for the treatment of hormone receptor-positive breast cancer, is mediated by its metabolites, 4-hydroxytamoxifen and endoxifen. DESIGN, SETTING, AND PATIENTS Retrospective analysis of German and US cohorts of patients treated with adjuvant tamoxifen for early stage breast cancer.",SUPPORTS,SUPPORTS,0.0003677430795505643,0.9981257319450378,0.001506494591012597
1259,13069283,The relationship between a breast cancer patient's capacity to metabolize tamoxifen and treatment outcome is dependent on the patient's genetic make-up.,Influence of CYP2D6 Polymorphisms on Serum Levels of Tamoxifen Metabolites in Spanish Women with Breast Cancer BACKGROUND Estrogen receptor-positive breast cancer tumors depend on estrogen signaling for their growth and replication and can be treated by anti-estrogen therapy with tamoxifen. The study objective was to investigate the impact of genetic polymorphisms in CYP2D6 and CYP2C19 on the pharmacokinetics of tamoxifen and its metabolites in Spanish women with estrogen receptor-positive breast cancer who were candidates for tamoxifen therapy.,NOINFO,NOINFO,0.9957447648048401,0.003813507966697216,0.0004416612209752202
1259,20454006,The relationship between a breast cancer patient's capacity to metabolize tamoxifen and treatment outcome is dependent on the patient's genetic make-up.,"A randomized, placebo-controlled trial of diindolylmethane for breast cancer biomarker modulation in patients taking tamoxifen Plasma tamoxifen metabolites (endoxifen, 4-OH tamoxifen, and N-desmethyl-tamoxifen) were reduced in women receiving BR-DIM versus placebo (P < 0.001). In patients taking tamoxifen for breast cancer, daily BR-DIM promoted favorable changes in estrogen metabolism and circulating levels of SHBG.",NOINFO,NOINFO,0.9995715022087097,0.00033927150070667267,8.919840911403298e-05
1259,12438901,The relationship between a breast cancer patient's capacity to metabolize tamoxifen and treatment outcome is dependent on the patient's genetic make-up.,"Long-term effects of continuing adjuvant tamoxifen to 10 years versus stopping at 5 years after diagnosis of oestrogen receptor-positive breast cancer: ATLAS, a randomised trial BACKGROUND For women with oestrogen receptor (ER)-positive early breast cancer, treatment with tamoxifen for 5 years substantially reduces the breast cancer mortality rate throughout the first 15 years after diagnosis. These results, taken together with results from previous trials of 5 years of tamoxifen treatment versus none, suggest that 10 years of tamoxifen treatment can approximately halve breast cancer mortality during the second decade after diagnosis.",NOINFO,NOINFO,0.9995061159133911,0.00043095042929053307,6.287750147748739e-05
1259,17088791,The relationship between a breast cancer patient's capacity to metabolize tamoxifen and treatment outcome is dependent on the patient's genetic make-up.,"Common BRCA1 variants and susceptibility to breast and ovarian cancer in the general population. However, these mutations are uncommon in the population and they probably account for only a few percent of all breast cancer incidence. However, our data suggest that the Arg356 allele may have a different genotype distribution in breast cancer patients from that in controls (Arg356 homozygotes are more frequent in the control groups, P = 0.01), indicating that it may be protective against breast cancer.",NOINFO,NOINFO,0.9997517466545105,0.0002002641704166308,4.803370393346995e-05
1262,44172171,The repair of Cas9-induced double strand breaks in human DNA is error-prone.,"Kinetics and Fidelity of the Repair of Cas9-Induced Double-Strand DNA Breaks Little is known about the kinetics and fidelity of the double-strand break (DSB) repair process that follows a Cas9 cutting event in living cells. Furthermore, repair of the DSBs tends to be error prone.",SUPPORTS,SUPPORTS,0.002724261721596122,0.9967910647392273,0.00048463221173733473
1262,5765455,The repair of Cas9-induced double strand breaks in human DNA is error-prone.,"Reactive oxygen species, DNA damage, and error-prone repair: a model for genomic instability with progression in myeloid leukemia? Using our two-step mouse model for myeloid leukemic disease progression involving overexpression of human mutant NRAS and BCL2 genes, we show that there is a stepwise increase in the frequency of DNA damage leading to an increased frequency of error-prone repair of double-strand breaks (DSB) by nonhomologous end-joining. DNA damage and error-prone repair can be decreased or reversed in vivo by N-acetyl cysteine antioxidant treatment.",NOINFO,NOINFO,0.999762237071991,0.00020381768990773708,3.392856160644442e-05
1262,30122260,The repair of Cas9-induced double strand breaks in human DNA is error-prone.,"Interplays between ATM/Tel1 and ATR/Mec1 in sensing and signaling DNA double-strand breaks. DNA double-strand breaks (DSBs) are highly hazardous for genome integrity because they have the potential to cause mutations, chromosomal rearrangements and genomic instability. These pathways can sense DNA damage and transduce this information to specific cellular targets, which in turn regulate cell cycle transitions and DNA repair.",NOINFO,NOINFO,0.9996945858001709,0.0002448759914841503,6.05983441346325e-05
1262,28904104,The repair of Cas9-induced double strand breaks in human DNA is error-prone.,"Repriming of DNA synthesis at stalled replication forks by human PrimPol DNA replication forks that collapse during the process of genomic duplication lead to double-strand breaks and constitute a threat to genomic stability. In these cases, fork progression may be facilitated by error-prone translesion synthesis (TLS) DNA polymerases.",NOINFO,NOINFO,0.9997394680976868,0.00022915317094884813,3.1316849344875664e-05
1262,12552297,The repair of Cas9-induced double strand breaks in human DNA is error-prone.,"The DNA polymerase λ is required for the repair of non-compatible DNA double strand breaks by NHEJ in mammalian cells Here we show, that polλ participates at the molecular level in a chromosomal context, in the repair of DNA double strand breaks (DSB) via non-homologous end joining (NHEJ) in mammalian cells. Only events requiring DNA end processing before ligation are affected; this defect is associated with large deletions arising in the vicinity of the induced DSB.",NOINFO,NOINFO,0.999329686164856,0.00048776809126138687,0.00018262193771079183
1266,37480103,"The risk of breast cancer among parous women increases with placental weight of pregnancies, and this association is strongest for premenopausal breast cancer.","Pregnancy characteristics and maternal risk of breast cancer. A high birth weight (> or =4000 g) in 2 successive births was associated with an increased risk of breast cancer before but not after adjusting for placental weight and other covariates (adjusted hazard ratio, 1.10; 95% CI, 0.76-1.59). CONCLUSIONS Placental weight is positively associated with maternal risk of breast cancer.",SUPPORTS,SUPPORTS,0.0008401956874877214,0.9982039928436279,0.0009557927260175347
1266,13765757,"The risk of breast cancer among parous women increases with placental weight of pregnancies, and this association is strongest for premenopausal breast cancer.","Timing of menarche and first full-term birth in relation to breast cancer risk. The interval between these ages may also affect risk, since the breast is more susceptible to carcinogenic insults during this period than during the parous period. For White, parous premenopausal and postmenopausal women, those who had an interval of > or =16 years between the ages of menarche and first birth had 1.5-fold (95% confidence interval (CI): 1.0, 2.2) and 1.4-fold (95% CI: 1.1, 1.8) increased risks of breast cancer, respectively, in comparison with those who had < or =5 years between these ages.",NOINFO,NOINFO,0.9998244643211365,0.00012411322677507997,5.14358289365191e-05
1266,4886637,"The risk of breast cancer among parous women increases with placental weight of pregnancies, and this association is strongest for premenopausal breast cancer.","Diabetes, metabolic syndrome, and breast cancer: a review of the current evidence. We reviewed epidemiologic studies of the association between type 2 diabetes and risk of breast cancer and the available evidence on the role of hormonal mediators of an association between diabetes and breast cancer. The combined evidence supports a modest association between type 2 diabetes and the risk of breast cancer, which appears to be more consistent among postmenopausal than among premenopausal women.",NOINFO,NOINFO,0.9998810291290283,7.411559636238962e-05,4.486567195272073e-05
1266,13831842,"The risk of breast cancer among parous women increases with placental weight of pregnancies, and this association is strongest for premenopausal breast cancer.","Pooled analysis of prospective cohort studies on height, weight, and breast cancer risk. The authors found little evidence for interaction with other breast cancer risk factors. Their data indicate that height is an independent risk factor for postmenopausal breast cancer; in premenopausal women, this relation is less clear.",NOINFO,NOINFO,0.9998701810836792,8.013720071176067e-05,4.9758316890802234e-05
1266,32534305,"The risk of breast cancer among parous women increases with placental weight of pregnancies, and this association is strongest for premenopausal breast cancer.",Type 2 diabetes and subsequent incidence of breast cancer in the Nurses' Health Study. Insulin resistance has been linked to an increased risk of breast cancer and is also characteristic of type 2 diabetes. CONCLUSIONS Women with type 2 diabetes may have a slightly increased risk of breast cancer.,NOINFO,NOINFO,0.9998732805252075,7.542933599324897e-05,5.123779919813387e-05
1270,13900610,The risk of male prisoners harming themselves is ten times that of female prisoners.,"Self-harm in prisons in England and Wales: an epidemiological study of prevalence, risk factors, clustering, and subsequent suicide FINDINGS 139,195 self-harm incidents were recorded in 26,510 individual prisoners between 2004 and 2009; 5-6% of male prisoners and 20-24% of female inmates self-harmed every year. Self-harm rates were more than ten times higher in female prisoners than in male inmates.",REFUTES,SUPPORTS,0.0008324368391185999,0.9986913800239563,0.00047616459778510034
1270,14843502,The risk of male prisoners harming themselves is ten times that of female prisoners.,"Self-reported health status and access to health services in a sample of prisoners in Italy The purposes of this cross-sectional study were to assess self-reported health, quality of life, and access to health services in a sample of male prisoners of Italy. On average, prisoners encountered general practitioners six times during the previous year, and the frequency of medical encounters was significantly associated with older age, sentenced prisoners, psychiatric disorders, and self-reported health problems on prison entry.",NOINFO,NOINFO,0.9998094439506531,0.0001532570895506069,3.7337846151785925e-05
1270,20491205,The risk of male prisoners harming themselves is ten times that of female prisoners.,Prison health care: a review of the literature. The prison population is increasing and the health problems of prisoners are considerable. Women prisoners and older prisoners have needs which are distinct from other prisoners.,NOINFO,NOINFO,0.9997856020927429,0.0001621843402972445,5.2243794925743714e-05
1270,34227917,The risk of male prisoners harming themselves is ten times that of female prisoners.,Mental health in prison populations. A review--with special emphasis on a study of Danish prisoners on remand. Many mentally ill prisoners remain undetected and undertreated. CONCLUSION There is a growing population of mentally ill prisoners being insufficiently detected and treated.,NOINFO,NOINFO,0.9998445510864258,0.00010574793122941628,4.975704359821975e-05
1270,43855756,The risk of male prisoners harming themselves is ten times that of female prisoners.,Use of health services by prison inmates: comparisons with the community. The future organisation of prison health care 1 recommends that the NHS and the Prison Service work together to plan and provide health care services for prisoners. Prisoners also have access to NHS outpatient and inpatient facilities and to visiting specialists.,NOINFO,NOINFO,0.9998518228530884,0.00010110338917002082,4.710936264018528e-05
1271,13768432,The severity of cardiac involvement in amyloidosis can be described by the degree of transmurality of late gadolinium enhancement in MRI.,"Prognostic Value of Late Gadolinium Enhancement Cardiovascular Magnetic Resonance in Cardiac Amyloidosis Cardiovascular magnetic resonance with late gadolinium enhancement (LGE) is a reference standard for the diagnosis of cardiac amyloidosis, but its potential for stratifying risk is unknown. CONCLUSIONS There is a continuum of cardiac involvement in systemic AL and ATTR amyloidosis.",SUPPORTS,SUPPORTS,0.0021145690698176622,0.993461012840271,0.004424389451742172
1271,27550580,The severity of cardiac involvement in amyloidosis can be described by the degree of transmurality of late gadolinium enhancement in MRI.,"T1 mapping for myocardial extracellular volume measurement by CMR: bolus only versus primed infusion technique. However, in diseases of high ECV (amyloid, hypertrophic cardiomyopathy late gadolinium enhancement, and infarction), Bland-Altman analysis indicates the bolus only technique has a consistent and increasing offset, giving a higher value for ECVs above 0.4 (mean difference ± limit of agreement for ECV <0.4 = -0.004 ± 0.037 vs. ECV >0.4 = 0.040 ± 0.075, p < 0.001). CONCLUSIONS Bolus only, T1 mapping-derived ECV measurement is sufficient for ECV measurement across a range of cardiac diseases, and this approach is histologically validated in AS.",NOINFO,NOINFO,0.9997443556785583,0.00020421251247171313,5.153226084075868e-05
1271,5597586,The severity of cardiac involvement in amyloidosis can be described by the degree of transmurality of late gadolinium enhancement in MRI.,"Stem cell transplantation in patients with autonomic neuropathy due to primary (AL) amyloidosis. Amyloidosis may present with autonomic neuropathy (AN) that renders peritransplant care problematic. On univariate analysis, cardiac involvement (p = 0.0132), AN (p = 0.0011), glomerular filtration rate (p = 0.038), number of organs involved (p = 0.0064), and NT-pro-BNP (p = 0.039) all had an impact on OS.",NOINFO,NOINFO,0.9998493194580078,0.00011191095836693421,3.875100810546428e-05
1271,38040186,The severity of cardiac involvement in amyloidosis can be described by the degree of transmurality of late gadolinium enhancement in MRI.,"Familial amyloidosis: a study of 52 North American-born patients examined during a 30-year period. The median duration of survival of 5.8 years for patients with inherited amyloidosis was superior to that for patients with primary amyloidosis. When patients were stratified by organ involvement, the survival of patients with familial amyloidosis remained superior.",NOINFO,NOINFO,0.9998718500137329,8.219811570597813e-05,4.583958798320964e-05
1271,46266579,The severity of cardiac involvement in amyloidosis can be described by the degree of transmurality of late gadolinium enhancement in MRI.,"Therapeutic Clearance of Amyloid by Antibodies to Serum Amyloid P Component. METHODS We conducted an open-label, single-dose-escalation, phase 1 trial involving 15 patients with systemic amyloidosis. Patients with clinical evidence of cardiac involvement were not included for safety reasons.",NOINFO,NOINFO,0.9997263550758362,0.00022209995950106531,5.143078669789247e-05
1272,17081238,The single flash-evoked ERG b-wave is generated by activity of ON-bipolar cells.,"Specific deficit of the ON response in visual transmission by targeted disruption of the mGIuR6 gene Taking advantage of the restricted expression of metabotropic glutamate receptor subtype 6 (mGluR6) in retinal ON bipolar cells, we generated knockout mice lacking mGluR6 expression. The results demonstrate that mGluR6 is essential in synaptic transmission to the ON bipolar cell and that the OFF response provides an important means for transmitting visual information.",NOINFO,NOINFO,0.9997133612632751,0.0002152638480765745,7.140364323277026e-05
1272,24760136,The single flash-evoked ERG b-wave is generated by activity of ON-bipolar cells.,"A naturally occurring mouse model of X-linked congenital stationary night blindness. METHODS Affected mice were identified by recording the light-evoked response of the retina, the electroretinogram (ERG). RESULTS Although the photoreceptor-mediated ERG component (a-wave) was normal in nob mice, the major response component reflecting postreceptoral neuronal activity (b-wave) was missing.",NOINFO,NOINFO,0.9996745586395264,0.0002477575617376715,7.765643385937437e-05
1272,19521501,The single flash-evoked ERG b-wave is generated by activity of ON-bipolar cells.,"Vision tests in the mouse: Functional phenotyping with electroretinography. Electroretinography (ERG) is an established diagnostic technique in clinical ophthalmology and provides objective information about retinal function. This paper focuses on these aspects, and shows exemplary ERG data which were obtained from normal wild-type mice and from transgenic mice with specific functional properties, namely Rho-/- (rod opsin knockout, cone function only), and Cnga3-/- (cone CNG channel deficient, rod function only) to illustrate rod and cone system contributions to ERG responses.",NOINFO,NOINFO,0.9998416900634766,9.799177496461198e-05,6.025318361935206e-05
1272,15685921,The single flash-evoked ERG b-wave is generated by activity of ON-bipolar cells.,"Differential effects of charybdotoxin on the activity of retinal ganglion cells in the dark- and light-adapted mouse retina However, under light adaptation it decreases the light-evoked On-EPSCs, the spontaneous IPSCs and the light-evoked On- and Off-IPSCs. Blockage of BK(Ca) channels significantly altered the outputs of RGCs by changing their light-evoked responses into a bursting pattern and increasing the light-evoked depolarization of the membrane potentials, while it did not significantly change the peak firing rates of light-evoked responses.",NOINFO,NOINFO,0.9997636675834656,0.00018092575191985816,5.539519770536572e-05
1273,11041152,The sliding activity of kinesin-8 protein Kip3 promotes bipolar spindle assembly.,"Microtubule sliding activity of a kinesin-8 promotes spindle assembly and spindle length control Here, we report an antiparallel microtubule-sliding activity of the budding yeast kinesin-8, Kip3. In conjunction with Cin8, a kinesin-5 family member, the sliding activity of Kip3 promotes bipolar spindle assembly and the maintenance of genome stability.",SUPPORTS,SUPPORTS,0.0004837473388761282,0.9988653659820557,0.0006509532104246318
1273,1684489,The sliding activity of kinesin-8 protein Kip3 promotes bipolar spindle assembly.,"CHD4 Is a RanGTP-Dependent MAP that Stabilizes Microtubules and Regulates Bipolar Spindle Formation Several NLS proteins have been identified as spindle assembly factors, but the complexity of the process led us to search for additional proteins with distinct roles in spindle assembly. Immunodepletion of CHD4 from egg extracts significantly reduces the quantity of MTs produced around chromatin and prevents spindle assembly.",NOINFO,NOINFO,0.9992160797119141,0.0007487740949727595,3.51920461980626e-05
1273,38127792,The sliding activity of kinesin-8 protein Kip3 promotes bipolar spindle assembly.,"Acentrosomal Microtubule Assembly in Mitosis: The Where, When, and How. In mitosis the cell assembles the bipolar spindle, a microtubule (MT)-based apparatus that segregates the duplicated chromosomes into two daughter cells. However, it is now established that spindle assembly relies on the nucleation of acentrosomal MTs occurring around the chromosomes after nuclear envelope breakdown, and on pre-existing microtubules.",NOINFO,NOINFO,0.9998708963394165,9.424051677342504e-05,3.48048415617086e-05
1273,24555417,The sliding activity of kinesin-8 protein Kip3 promotes bipolar spindle assembly.,"Interplay between microtubule bundling and sorting factors ensures acentriolar spindle stability during C. elegans oocyte meiosis As a result, microtubule organization, spindle assembly, and chromosome segregation proceed by unique mechanisms. These proteins localize to the acentriolar oocyte spindle and promote microtubule bundling during spindle assembly; following KLP-15/16 depletion, microtubule bundles form but then collapse into a disorganized array.",NOINFO,NOINFO,0.9989218711853027,0.0010433312272652984,3.47718050761614e-05
1273,7681810,The sliding activity of kinesin-8 protein Kip3 promotes bipolar spindle assembly.,NuSAP is essential for chromatin-induced spindle formation during early embryogenesis. Mitotic spindle assembly is mediated by two processes: a centrosomal and a chromosomal pathway. Spindle assembly in NuSAP-deficient cells is highly inefficient and chromosomes remain dispersed in the mitotic cytoplasm.,NOINFO,NOINFO,0.9998738765716553,8.97497302503325e-05,3.6404097045306116e-05
1274,4406819,The tip of the inner tube of the toxic type VI secretion system (T6SS) antibacterial effector in Escherichia coli (E. coli) carries toxic effector proteins.,"PAAR-repeat proteins sharpen and diversify the Type VI secretion system spike The bacterial type VI secretion system (T6SS) is a large multicomponent, dynamic macromolecular machine that has an important role in the ecology of many Gram-negative bacteria. T6SS is responsible for translocation of a wide range of toxic effector molecules, allowing predatory cells to kill both prokaryotic as well as eukaryotic prey cells.",SUPPORTS,NOINFO,0.9993910789489746,0.000533652666490525,7.52458581700921e-05
1274,12428814,The tip of the inner tube of the toxic type VI secretion system (T6SS) antibacterial effector in Escherichia coli (E. coli) carries toxic effector proteins.,"Haemolysin coregulated protein is an exported receptor and chaperone of type VI secretion substrates. Factors mediating substrate recognition by the type VI secretion system (T6SS) of Gram-negative bacteria, a widespread pathway that translocates effector proteins into target bacterial cells, have not been defined. Electron microscopy analysis of an Hcp-effector complex from Pseudomonas aeruginosa revealed the effector bound to the inner surface of Hcp.",NOINFO,NOINFO,0.9990348815917969,0.0008986315224319696,6.651034345850348e-05
1274,27731651,The tip of the inner tube of the toxic type VI secretion system (T6SS) antibacterial effector in Escherichia coli (E. coli) carries toxic effector proteins.,A view to a kill: the bacterial type VI secretion system. The bacterial type VI secretion system (T6SS) is an organelle that is structurally and mechanistically analogous to an intracellular membrane-attached contractile phage tail. Recent studies determined that a rapid conformational change in the structure of a sheath protein complex propels T6SS spike and tube components along with antibacterial and antieukaryotic effectors out of predatory T6SS(+) cells and into prey cells.,NOINFO,NOINFO,0.9975513815879822,0.0020781445782631636,0.0003704140253830701
1274,7481159,The tip of the inner tube of the toxic type VI secretion system (T6SS) antibacterial effector in Escherichia coli (E. coli) carries toxic effector proteins.,"Biochemical analysis of TssK, a core component of the bacterial Type VI secretion system, reveals distinct oligomeric states of TssK and identifies a TssK–TssFG subcomplex Gram-negative bacteria use the Type VI secretion system (T6SS) to inject toxic proteins into rival bacteria or eukaryotic cells. TssK was confirmed to be essential for effector secretion by the T6SS.",NOINFO,NOINFO,0.9992784857749939,0.0006608320400118828,6.0810201830463484e-05
1274,7145763,The tip of the inner tube of the toxic type VI secretion system (T6SS) antibacterial effector in Escherichia coli (E. coli) carries toxic effector proteins.,"Tit-for-Tat: Type VI Secretion System Counterattack during Bacterial Cell-Cell Interactions The bacterial type VI secretion system (T6SS) is a dynamic organelle that bacteria use to target prey cells for inhibition via translocation of effector proteins. Such cell-cell interactions have been termed ""T6SS dueling"" and likely reflect a biological process that is driven by T6SS antibacterial attack.",NOINFO,NOINFO,0.9998238682746887,0.00010678347462089732,6.93497495376505e-05
1278,11335781,The treatment of cancer patients with co-IR blockade does not cause any adverse autoimmune events.,"Is autoimmunity the Achilles' heel of cancer immunotherapy? The emergence of immuno-oncology as the first broadly successful strategy for metastatic cancer will require clinicians to integrate this new pillar of medicine with chemotherapy, radiation, and targeted small-molecule compounds. Immunotherapy was initially perceived to be a relatively less toxic approach to cancer treatment than other available therapies—and surely it is, when compared to those.",NOINFO,NOINFO,0.9998401403427124,8.107939356705174e-05,7.873848517192528e-05
1278,14973286,The treatment of cancer patients with co-IR blockade does not cause any adverse autoimmune events.,Recurrent venous thromboembolism and bleeding complications during anticoagulant treatment in patients with cancer and venous thrombosis. This prospective follow-up study sought to determine whether in thrombosis patients those with cancer have a higher risk for recurrent venous thromboembolism or bleeding during anticoagulant treatment than those without cancer. Cancer patients with venous thrombosis are more likely to develop recurrent thromboembolic complications and major bleeding during anticoagulant treatment than those without malignancy.,NOINFO,NOINFO,0.9998410940170288,8.939690451370552e-05,6.948652298888192e-05
1278,31560225,The treatment of cancer patients with co-IR blockade does not cause any adverse autoimmune events.,"SIVrcm infection of macaques. SIVrcm causes little cytopathic effedct in Molt 4 Clone 8 cells and in rhesus and human PBMCs. In vivo, SIVrcm is non-pathogenic after 200 days in rhesus macaques and after one year in cynomolgous macaques, but does cause a chronic infection in both macaques.",NOINFO,NOINFO,0.9998432397842407,9.350454638479277e-05,6.326834409264848e-05
1278,15535511,The treatment of cancer patients with co-IR blockade does not cause any adverse autoimmune events.,"Role for insulin signaling in catecholaminergic neurons in control of energy homeostasis. To define the role of insulin receptor (IR) signaling in this circuitry, we inactivated IR signaling in tyrosine hydroxylase (Th)-expressing cells of mice (IR(ΔTh)). While insulin acutely stimulated firing frequency in 50% of dopaminergic VTA/SN neurons, this response was abolished in IR(ΔTh) mice.",NOINFO,NOINFO,0.9998733997344971,6.94887712597847e-05,5.7048378948820755e-05
1279,11335781,The treatment of cancer patients with co-IR blockade precipitates adverse autoimmune events.,"Is autoimmunity the Achilles' heel of cancer immunotherapy? The emergence of immuno-oncology as the first broadly successful strategy for metastatic cancer will require clinicians to integrate this new pillar of medicine with chemotherapy, radiation, and targeted small-molecule compounds. Immunotherapy was initially perceived to be a relatively less toxic approach to cancer treatment than other available therapies—and surely it is, when compared to those.",NOINFO,NOINFO,0.9997736811637878,6.539976311614737e-05,0.00016092030273284763
1279,14973286,The treatment of cancer patients with co-IR blockade precipitates adverse autoimmune events.,Recurrent venous thromboembolism and bleeding complications during anticoagulant treatment in patients with cancer and venous thrombosis. This prospective follow-up study sought to determine whether in thrombosis patients those with cancer have a higher risk for recurrent venous thromboembolism or bleeding during anticoagulant treatment than those without cancer. Cancer patients with venous thrombosis are more likely to develop recurrent thromboembolic complications and major bleeding during anticoagulant treatment than those without malignancy.,NOINFO,NOINFO,0.9998388290405273,7.225439185276628e-05,8.887442527338862e-05
1279,15535511,The treatment of cancer patients with co-IR blockade precipitates adverse autoimmune events.,"Role for insulin signaling in catecholaminergic neurons in control of energy homeostasis. To define the role of insulin receptor (IR) signaling in this circuitry, we inactivated IR signaling in tyrosine hydroxylase (Th)-expressing cells of mice (IR(ΔTh)). While insulin acutely stimulated firing frequency in 50% of dopaminergic VTA/SN neurons, this response was abolished in IR(ΔTh) mice.",NOINFO,NOINFO,0.9998760223388672,4.775901106768288e-05,7.616977381985635e-05
1279,31293581,The treatment of cancer patients with co-IR blockade precipitates adverse autoimmune events.,"Ionizing radiation-induced long-term expression of senescence markers in mice is independent of p53 and immune status. Exposure to IR has been shown to induce the formation of senescence markers, a phenotype that coincides with lifelong delayed repair and regeneration of irradiated tissues. BrdU-labeling experiments revealed that IR-induced damaged cells are preferentially eliminated, at least partially, in a tissue-dependent manner.",NOINFO,NOINFO,0.9998565912246704,6.975956785026938e-05,7.368079241132364e-05
1280,4387784,"The ureABIEFGH gene cluster encodes urease maturation proteins : UreD/UreH, UreE, UreF, and UreG.","Structure of the proton-gated urea channel from the gastric pathogen Helicobacter pylori The channel is closed at neutral pH and opens at acidic pH to allow the rapid access of urea to cytoplasmic urease. Urease produces NH(3) and CO(2), neutralizing entering protons and thus buffering the periplasm to a pH of roughly 6.1 even in gastric juice at a pH below 2.0.",NOINFO,NOINFO,0.9998121857643127,0.00014538496907334775,4.239215559209697e-05
1280,29214508,"The ureABIEFGH gene cluster encodes urease maturation proteins : UreD/UreH, UreE, UreF, and UreG.","Klebsiella aerogenes urease gene cluster: sequence of ureD and demonstration that four accessory genes (ureD, ureE, ureF, and ureG) are involved in nickel metallocenter biosynthesis. Deletions were generated in this gene, denoted ureD, and in each of the genes (ureE, ureF, and ureG) located immediately downstream of the three structural genes. UreD, UreE, UreF, and UreG peptides were tentatively identified by gel electrophoretic comparison of mutant and control cell extracts, by in vivo expression of separately cloned genes, or by in vitro transcription-translation analyses; the assignments were confirmed for UreE and UreG by amino-terminal sequencing.",NOINFO,NOINFO,0.9943143725395203,0.005582743790000677,0.00010292777005815879
1280,37768883,"The ureABIEFGH gene cluster encodes urease maturation proteins : UreD/UreH, UreE, UreF, and UreG.","Evidence for the presence of urease apoprotein complexes containing UreD, UreF, and UreG in cells that are competent for in vivo enzyme activation. The ureE, ureF, and ureG gene products were found not to be required for formation of the UreD-urease complexes; however, the complexes from the ureF deletion mutant exhibited delayed elution during size exclusion chromatography. These new complexes were shown to contain urease, UreD, UreF, and UreG. We propose that the UreD-UreF-UreG-urease apoprotein complexes represent the activation-competent form of urease apoprotein in the cell.",NOINFO,NOINFO,0.9996684789657593,0.0002851654717233032,4.637049642042257e-05
1280,36233757,"The ureABIEFGH gene cluster encodes urease maturation proteins : UreD/UreH, UreE, UreF, and UreG.","Purification and activation properties of UreD-UreF-urease apoprotein complexes. In vivo assembly of the Klebsiella aerogenes urease nickel metallocenter requires the presence of UreD, UreF, and UreG accessory proteins and is further facilitated by UreE. Prior studies had shown that urease apoprotein exists in an uncomplexed form as well as in a series of UreD-urease (I.-S. Park, M.B. Carr, and R.P. Hausinger, Proc. The bicarbonate concentration dependence for UreD-UreF-urease apoenzyme activation was significantly decreased compared with that of the urease and UreD-urease apoproteins.",NOINFO,NOINFO,0.9998366832733154,0.00012805458391085267,3.528274828568101e-05
1281,4387784,The ureABIEFGH gene cluster is induced by nickel (II) ion.,"Structure of the proton-gated urea channel from the gastric pathogen Helicobacter pylori Mutation of Trp 153 in the cytoplasmic constriction site to Ala or Phe decreases the selectivity for urea in comparison with thiourea, suggesting that solute interaction with Trp 153 contributes specificity. The previously unobserved hexameric channel structure described here provides a new model for the permeation of urea and other small amide solutes in prokaryotes and archaea.",NOINFO,NOINFO,0.9997969269752502,0.00015566858928650618,4.738360075862147e-05
1281,29214508,The ureABIEFGH gene cluster is induced by nickel (II) ion.,"Klebsiella aerogenes urease gene cluster: sequence of ureD and demonstration that four accessory genes (ureD, ureE, ureF, and ureG) are involved in nickel metallocenter biosynthesis. Deletions were generated in this gene, denoted ureD, and in each of the genes (ureE, ureF, and ureG) located immediately downstream of the three structural genes. Ureases were purified from the recombinant cells and shown to be identical to control enzyme when analyzed by gel filtration chromatography and sodium dodecyl sulfate-polyacrylamide gel electrophoresis; however, in every case the activity levels correlated to nickel contents as analyzed by atomic absorption analysis.",NOINFO,NOINFO,0.999313473701477,0.0006196046015247703,6.691984890494496e-05
1281,38805486,The ureABIEFGH gene cluster is induced by nickel (II) ion.,"Biochemical studies on Mycobacterium tuberculosis UreG and comparative modeling reveal structural and functional conservation among the bacterial UreG family. Nickel is a fundamental micronutrient for cellular life, but it is toxic in soluble form at nonphysiological concentrations. Such potentially contradictory features required living organisms to develop efficient systems for nickel utilization and homeostasis.",NOINFO,NOINFO,0.9997005462646484,0.0002601620799396187,3.927859870600514e-05
1281,25657127,The ureABIEFGH gene cluster is induced by nickel (II) ion.,"Crystal structure of the first plant urease from jack bean: 83 years of journey from its first crystal to molecular structure. Urease, a nickel-dependent metalloenzyme, is synthesized by plants, some bacteria, and fungi. The active-site architecture of JBU is similar to that of bacterial ureases containing a bi-nickel center.",NOINFO,NOINFO,0.9998469352722168,0.0001112568934331648,4.1817973396973684e-05
1282,23649163,Therapeutic use of the drug Dapsone to treat pyoderma gangrenous is based on anecdotal evidence.,"Clinical features and treatment of peristomal pyoderma gangrenosum. CONTEXT Peristomal pyoderma gangrenosum (PPG), an unusual variant of pyoderma gangrenosum, has been reported almost exclusively in patients with inflammatory bowel disease (IBD) and is frequently misdiagnosed. Effective therapies included topical superpotent corticosteroids; intralesional injection of triamcinolone acetonide at the ulcer margin; topical cromolyn sodium; oral dapsone, prednisone, cyclosporine, mycophenolate mofetil; and intravenous infliximab.",NOINFO,NOINFO,0.9995754361152649,0.00031747479806654155,0.00010717478289734572
1282,37205685,Therapeutic use of the drug Dapsone to treat pyoderma gangrenous is based on anecdotal evidence.,"Spread of chloroquine resistance in Plasmodium falciparum. The drug was introduced in 1934, but was not in large-scale use until the early 1950s. Anecdotal reports suggest that resistance emerged as early as 1957 both in Colombia and along the then Cambodia-Thailand border area.",NOINFO,NOINFO,0.999884843826294,7.127654680516571e-05,4.3912205001106486e-05
1282,72372925,Therapeutic use of the drug Dapsone to treat pyoderma gangrenous is based on anecdotal evidence.,"Wolff's Headache and Other Head Pain. The emphasis on total therapy rather than simply drug therapy has been preserved, however. Migraine, the main part of the book, has been reshaped, with some anecdotal portions removed, but little has been added.",NOINFO,NOINFO,0.9998519420623779,8.957264799391851e-05,5.839998630108312e-05
1282,27024392,Therapeutic use of the drug Dapsone to treat pyoderma gangrenous is based on anecdotal evidence.,"Cannabinoids in Clinical Practice Cannabis has a potential for clinical use often obscured by unreliable and purely anecdotal reports. Anecdotal reports of cannabis use include case studies in migraine and Tourette’s syndrome, and as a treatment for asthma and glaucoma.",NOINFO,NOINFO,0.9998114705085754,0.00012780149700120091,6.0842634411528707e-05
1290,4687948,There is an inverse relationship between hip fractures and statin use.,HMG-CoA reductase inhibitors and the risk of hip fractures in elderly patients. Clear relationships were observed between the degree of reduction in hip fracture risk and the extent of statin use; there was no evidence of such relationships with nonstatin lipid-lowering agents. CONCLUSIONS These findings support an association between statin use by elderly patients and reduction in the risk of hip fracture.,SUPPORTS,REFUTES,0.00017669994849711657,0.00025559490313753486,0.9995676875114441
1290,22420524,There is an inverse relationship between hip fractures and statin use.,"Statin use and risk of gallstone disease followed by cholecystectomy. RESULTS A total of 27,035 patients with cholecystectomy and 106,531 matched controls were identified, including 2396 patients and 8868 controls who had statin use. Compared with nonuse, current statin use (last prescription recorded within 90 days before the first-time diagnosis of the disease) was 1.0% for patients and 0.8% for controls (AOR, 1.10; 95% CI, 0.95-1.27) for 1 to 4 prescriptions; 2.6% vs 2.4% (AOR, 0.85; 95% CI, 0.77-0.93) for 5 to 19 prescriptions, and 3.2% vs 3.7% (AOR, 0.64; 95% CI, 0.59-0.70) for 20 or more prescriptions.",NOINFO,NOINFO,0.998268723487854,0.00020074973872397095,0.001530437613837421
1290,16812091,There is an inverse relationship between hip fractures and statin use.,Clinical use of bone densitometry: scientific review. DATA SOURCES A MEDLINE search was performed to update previous meta-analyses of the relationship between various measurements of bone density and risk of vertebral and hip fracture. Hip BMD predicts hip fracture more strongly than other measurements of BMD.,NOINFO,NOINFO,0.999602735042572,0.00010187095904257149,0.0002953497169073671
1290,7965928,There is an inverse relationship between hip fractures and statin use.,"Relationship of collegiate football experience and concussion with hippocampal volume and cognitive outcomes. In both athlete groups, there was a statistically significant inverse relationship between left hippocampal volume and number of years of football played (t46 = -3.62; P < .001; coefficient = -43.54; 95% CI, -67.66 to -19.41). CONCLUSIONS AND RELEVANCE Among a group of collegiate football athletes, there was a significant inverse relationship of concussion and years of football played with hippocampal volume.",NOINFO,NOINFO,0.9995680451393127,0.00014281683252193034,0.0002890619507525116
1290,7454794,There is an inverse relationship between hip fractures and statin use.,"Statins in the primary prevention of cardiovascular disease The use of these drugs for secondary prevention of CVD is well founded, but their expanding use in primary prevention—in individuals without documented CVD—has raised some concerns. Secondly, long-term statin use might cause adverse effects, such as incident diabetes mellitus.",NOINFO,NOINFO,0.9991544485092163,9.678355854703113e-05,0.0007487278780899942
1292,56893404,There is no association between HNF4A mutations and diabetes risks.,"Macrosomia and Hyperinsulinaemic Hypoglycaemia in Patients with Heterozygous Mutations in the HNF4A Gene The increased rate of macrosomia in the offspring of pregnant women with diabetes and in congenital hyperinsulinaemia is mediated by increased foetal insulin secretion. We assessed the in utero and neonatal role of two key regulators of pancreatic insulin secretion by studying birthweight and the incidence of neonatal hypoglycaemia in patients with heterozygous mutations in the maturity-onset diabetes of the young (MODY) genes HNF4A (encoding HNF-4α) and HNF1A/TCF1 (encoding HNF-1α), and the effect of pancreatic deletion of Hnf4a on foetal and neonatal insulin secretion in mice.",NOINFO,NOINFO,0.9238609075546265,0.0005997260450385511,0.07553946226835251
1292,13450938,There is no association between HNF4A mutations and diabetes risks.,"Genetic and epigenetic mutations affect the DNA binding capability of human ZFP57 in transient neonatal diabetes type 1 In this study, we demonstrate that the human ZFP57 (hZFP57) containing six Cys2His2 ZFs, binds the same methylated sequence through the third and the fourth ZFs, and identify the aminoacids critical for DNA interaction. In addition, we present evidences indicating that hZFP57 mutations and hypomethylation of the TNDM1 ICR both associated with Transient Neonatal Diabetes Mellitus type 1 result in loss of hZFP57 binding to the TNDM1 locus, likely causing PLAGL1 activation.",NOINFO,NOINFO,0.9998282194137573,6.0017468058504164e-05,0.00011169024946866557
1292,4886637,There is no association between HNF4A mutations and diabetes risks.,"Diabetes, metabolic syndrome, and breast cancer: a review of the current evidence. We reviewed epidemiologic studies of the association between type 2 diabetes and risk of breast cancer and the available evidence on the role of hormonal mediators of an association between diabetes and breast cancer. The combined evidence supports a modest association between type 2 diabetes and the risk of breast cancer, which appears to be more consistent among postmenopausal than among premenopausal women.",NOINFO,NOINFO,0.9997602105140686,3.837099939119071e-05,0.00020144273003097624
1292,9394119,There is no association between HNF4A mutations and diabetes risks.,Association of type and location of BRCA1 and BRCA2 mutations with risk of breast and ovarian cancer. MAIN OUTCOMES AND MEASURES Breast and ovarian cancer risks. CONCLUSIONS AND RELEVANCE Breast and ovarian cancer risks varied by type and location of BRCA1/2 mutations.,NOINFO,NOINFO,0.9997771382331848,4.927017289446667e-05,0.0001736574195092544
1298,11718220,Thigh-length graduated compression stockings (GCS) did not reduce deep vein thrombosis in patients admitted to hospital who are immobile because of acute stroke.,"Effectiveness of thigh-length graduated compression stockings to reduce the risk of deep vein thrombosis after stroke (CLOTS trial 1): a multicentre, randomised controlled trial In small trials of patients undergoing surgery, graduated compression stockings (GCS) reduce the risk of DVT. INTERPRETATION These data do not lend support to the use of thigh-length GCS in patients admitted to hospital with acute stroke.",SUPPORTS,REFUTES,0.00038541777757927775,0.01689622364938259,0.9827184081077576
1298,34338075,Thigh-length graduated compression stockings (GCS) did not reduce deep vein thrombosis in patients admitted to hospital who are immobile because of acute stroke.,"Prevention of central venous catheter-associated thrombosis: a meta-analysis. For symptomatic deep vein thrombosis, the summary relative risks ranged from 0.28 to 0.72, but did not achieve statistical significance for any individual regimen. CONCLUSION Anticoagulant prophylaxis is effective for preventing all catheter-associated deep vein thrombosis in patients with central venous catheters.",NOINFO,NOINFO,0.9997779726982117,0.0001253253867616877,9.665499965194613e-05
1298,79231308,Thigh-length graduated compression stockings (GCS) did not reduce deep vein thrombosis in patients admitted to hospital who are immobile because of acute stroke.,Role of Computerized Physician Order Entry Systems in Facilitating Medication Errors CONCLUSIONS The institution of a computer-alert program increased physicians’ use of prophylaxis and markedly reduced the rates of deep-vein thrombosis and pulmonary embolism among hospitalized patients at risk. The computer alert decreased the risk of deep vein thrombosis or pulmonary embolism by 41%.,NOINFO,NOINFO,0.999828577041626,9.97282040771097e-05,7.169137097662315e-05
1298,14973286,Thigh-length graduated compression stockings (GCS) did not reduce deep vein thrombosis in patients admitted to hospital who are immobile because of acute stroke.,Recurrent venous thromboembolism and bleeding complications during anticoagulant treatment in patients with cancer and venous thrombosis. A small proportion of patients with deep vein thrombosis develop recurrent venous thromboembolic complications or bleeding during anticoagulant treatment. This prospective follow-up study sought to determine whether in thrombosis patients those with cancer have a higher risk for recurrent venous thromboembolism or bleeding during anticoagulant treatment than those without cancer.,NOINFO,NOINFO,0.9997743964195251,0.00011168423225171864,0.00011388701386749744
1298,39059143,Thigh-length graduated compression stockings (GCS) did not reduce deep vein thrombosis in patients admitted to hospital who are immobile because of acute stroke.,"Hospital mortality, length of stay, and preventable complications among critically ill patients before and after tele-ICU reengineering of critical care processes. Other outcomes included hospital and ICU length of stay, best practice adherence, and complication rates. The tele-ICU intervention period compared with the preintervention period was associated with higher rates of best clinical practice adherence for the prevention of deep vein thrombosis (99% vs 85%, respectively; OR, 15.4 [95% CI, 11.3-21.1]) and prevention of stress ulcers (96% vs 83%, respectively; OR, 4.57 [95% CI, 3.91-5.77], best practice adherence for cardiovascular protection (99% vs 80%, respectively; OR, 30.7 [95% CI, 19.3-49.2]), prevention of ventilator-associated pneumonia (52% vs 33%, respectively; OR, 2.20 [95% CI, 1.79-2.70]), lower rates of preventable complications (1.6% vs 13%, respectively, for ventilator-associated pneumonia [OR, 0.15; 95% CI, 0.09-0.23] and 0.6% vs 1.0%, respectively, for catheter-related bloodstream infection [OR, 0.50; 95% CI, 0.27-0.93]), and shorter hospital length of stay (9.8 vs 13.3 days, respectively; hazard ratio for discharge, 1.44 [95% CI, 1.33-1.56]).",NOINFO,NOINFO,0.9998444318771362,6.840946298325434e-05,8.715593139640987e-05
1303,12631697,Tirasemtiv has no effect on fast-twitch muscle.,"Activation of fast skeletal muscle troponin as a potential therapeutic approach for treating neuromuscular diseases We developed a small-molecule fast-skeletal-troponin activator, CK-2017357, as a means to increase muscle strength by amplifying the response of muscle when neural input is otherwise diminished secondary to neuromuscular disease. Binding selectively to the fast-skeletal-troponin complex, CK-2017357 slows the rate of calcium release from troponin C and sensitizes muscle to calcium.",REFUTES,REFUTES,0.03466019779443741,0.0005735853919759393,0.964766263961792
1303,23746332,Tirasemtiv has no effect on fast-twitch muscle.,Fast calcium and voltage-sensitive dye imaging in enteric neurones reveal calcium peaks associated with single action potential discharge. Fast [Ca(2+)](i) imaging also revealed subthreshold fast excitatory postsynaptic potentials. Fast [Ca(2+)](i) imaging can be used to directly record single action potentials in enteric neurones.,NOINFO,NOINFO,0.9998393058776855,5.7269702665507793e-05,0.00010349968943046406
1303,37673301,Tirasemtiv has no effect on fast-twitch muscle.,"Peptide and non-peptide G-protein coupled receptors (GPCRs) in skeletal muscle. Unlike the case with other muscle tissues like cardiac and vascular smooth muscle cells, there has been little attempt at systematically analyzing GPCRs in skeletal muscle. In addition, we review the known function of these receptors in both skeletal muscle tissue and in cultured skeletal muscle cells.",NOINFO,NOINFO,0.9998495578765869,6.962296174606308e-05,8.076405356405303e-05
1303,18678095,Tirasemtiv has no effect on fast-twitch muscle.,"Vesicular Glycolysis Provides On-Board Energy for Fast Axonal Transport GAPDH localizes on vesicles via a huntingtin-dependent mechanism and is transported on fast-moving vesicles within axons. Finally, we show that vesicular GAPDH is necessary and sufficient to provide on-board energy for fast vesicular transport.",NOINFO,NOINFO,0.9998438358306885,6.108274101279676e-05,9.516277350485325e-05
1303,4164929,Tirasemtiv has no effect on fast-twitch muscle.,"The emerging role of skeletal muscle extracellular matrix remodelling in obesity and exercise. Exercise training improves muscle function in obesity, which may be mediated by regulatory effects on the muscle extracellular matrix. Only two studies investigated the effects of exercise on skeletal muscle extracellular matrix during obesity, with both suggesting a regulatory effect of exercise.",NOINFO,NOINFO,0.9998812675476074,4.460355921764858e-05,7.411561819026247e-05
1316,27910499,Transferred UCB T cells acquire a memory-like phenotype in recipients.,"Quantitative assessment of T-cell repertoire recovery after hematopoietic stem cell transplantation Here we combined 5' rapid amplification of complementary DNA ends PCR with deep sequencing to quantify TCR diversity in 28 recipients of allo-HSCT using a single oligonucleotide pair. After 6 months, cord blood-graft recipients approximated the TCR diversity of healthy individuals, whereas recipients of T cell-depleted peripheral-blood stem cell grafts had 28-fold and 14-fold lower CD4(+) and CD8(+) T cell diversities, respectively.",NOINFO,NOINFO,0.999537467956543,0.00039857649244368076,6.399455014616251e-05
1316,43587663,Transferred UCB T cells acquire a memory-like phenotype in recipients.,"Serious infections after unrelated donor transplantation in 136 children: impact of stem cell source. Overall, the cumulative incidence of 1 or more serious infections was comparable between groups (BM, 81%; TCD, 83%; UCB, 90%; P = .12). Notably, after day 180, TCD recipients had a significantly increased infection risk (RR, 3.1; P = .03), whereas the risk in UCB recipients (RR, 0.5; P = .23) was comparable to that in BM recipients.",NOINFO,NOINFO,0.9997817873954773,0.00018485821783542633,3.333802305860445e-05
1316,27243019,Transferred UCB T cells acquire a memory-like phenotype in recipients.,"Immune reconstitution after cord blood transplantation: peculiarities, clinical implications and management strategies. The peculiar characteristics of UCB cells, the importance of thymic function and the role of conditioning regimens and graft-versus-host disease influencing immune reconstitution are described. The last part of the review reports available data on UCB, as well as third-party peripheral blood derived anti-viral cell therapy, which provides a novel approach to rescue UCB recipients with viral complications in the post-transplant period.",NOINFO,NOINFO,0.9993674159049988,0.0005809603026136756,5.161353692528792e-05
1316,18834078,Transferred UCB T cells acquire a memory-like phenotype in recipients.,"Secondary T cell–T cell synaptic interactions drive the differentiation of protective CD8+ T cells Immunization results in the differentiation of CD8+ T cells, such that they acquire effector abilities and convert into a memory pool. We found that T cell–T cell synapses had a major role in the generation of protective CD8+ T cell memory.",NOINFO,NOINFO,0.9995884299278259,0.00035869833664037287,5.295252412906848e-05
1319,16284655,Transplanted human glial cells can differentiate within the host animal.,"Forebrain engraftment by human glial progenitor cells enhances synaptic plasticity and learning in adult mice. To assess the cell-autonomous and species-selective properties of human glia, we engrafted human glial progenitor cells (GPCs) into neonatal immunodeficient mice. Upon maturation, the recipient brains exhibited large numbers and high proportions of both human glial progenitors and astrocytes.",SUPPORTS,SUPPORTS,0.0019849117379635572,0.9975486397743225,0.0004664204316213727
1319,12742164,Transplanted human glial cells can differentiate within the host animal.,"Direct isolation of human central nervous system stem cells. We have directly isolated clonogenic human central nervous system stem cells (hCNS-SC) from fresh human fetal brain tissue, using antibodies to cell surface markers and fluorescence-activated cell sorting. Single CD133(+) CD34(-) CD45(-) sorted cells initiated neurosphere cultures, and the progeny of clonogenic cells could differentiate into both neurons and glial cells.",NOINFO,NOINFO,0.9995790123939514,0.0003803401777986437,4.0679100493434817e-05
1319,17150648,Transplanted human glial cells can differentiate within the host animal.,"Leptin regulates glutamate and glucose transporters in hypothalamic astrocytes. Glial cells perform critical functions that alter the metabolism and activity of neurons, and there is increasing interest in their role in appetite and energy balance. Leptin, a key regulator of appetite and metabolism, has previously been reported to influence glial structural proteins and morphology.",NOINFO,NOINFO,0.9996589422225952,0.0003006041806656867,4.036576137878001e-05
1319,4388470,Transplanted human glial cells can differentiate within the host animal.,"Somatic sex identity is cell-autonomous in the chicken To test this hypothesis, we transplanted presumptive mesoderm between embryos of reciprocal sexes to generate embryos containing male:female chimaeric gonads. In an example where female tissue was transplanted into a male host, donor cells contributing to the developing testis retained a female identity and expressed a marker of female function.",NOINFO,NOINFO,0.9997755885124207,0.00017467768338974565,4.975360934622586e-05
1319,13878124,Transplanted human glial cells can differentiate within the host animal.,"Regulation of radial glial survival by signals from the meninges. Radial glial cells (RGCs) in the developing cerebral cortex are progenitors for neurons and glia, and their processes serve as guideposts for migrating neurons. Finally, mice lacking the BM components laminin alpha2 and alpha4 show defects in the attachment of RGC processes at the meninges, a reduction in cortical size, and enhanced apoptosis of RGC cells.",NOINFO,NOINFO,0.9995982050895691,0.00036792608443647623,3.3856802474474534e-05
1320,16284655,Transplanted human glial progenitor cells are incapable of forming a neural network with host animals' neurons.,"Forebrain engraftment by human glial progenitor cells enhances synaptic plasticity and learning in adult mice. To assess the cell-autonomous and species-selective properties of human glia, we engrafted human glial progenitor cells (GPCs) into neonatal immunodeficient mice. Upon maturation, the recipient brains exhibited large numbers and high proportions of both human glial progenitors and astrocytes.",REFUTES,NOINFO,0.7373861074447632,0.0007157757063396275,0.26189807057380676
1320,16375102,Transplanted human glial progenitor cells are incapable of forming a neural network with host animals' neurons.,"Direct reprogramming of mouse fibroblasts to neural progenitors. Given how arduous and lengthy this process can be, we sought to determine whether it might be possible to convert somatic cells into lineage-specific stem/progenitor cells of another germ layer in one step, bypassing the intermediate pluripotent stage. Here we show that transient induction of the four reprogramming factors (Oct4, Sox2, Klf4, and c-Myc) can efficiently transdifferentiate fibroblasts into functional neural stem/progenitor cells (NPCs) with appropriate signaling inputs.",NOINFO,NOINFO,0.9998537302017212,4.084953980054706e-05,0.00010533662134548649
1320,46193388,Transplanted human glial progenitor cells are incapable of forming a neural network with host animals' neurons.,"Turning blood into brain: cells bearing neuronal antigens generated in vivo from bone marrow. We show that, in a strain of mice incapable of developing cells of the myeloid and lymphoid lineages, transplanted adult bone marrow cells migrated into the brain and differentiated into cells that expressed neuron-specific antigens. These findings raise the possibility that bone marrow-derived cells may provide an alternative source of neurons in patients with neurodegenerative diseases or central nervous system injury.",NOINFO,NOINFO,0.9995306730270386,6.011690857121721e-05,0.0004092228482477367
1320,15833835,Transplanted human glial progenitor cells are incapable of forming a neural network with host animals' neurons.,Embryonic Origin of Postnatal Neural Stem Cells Adult neural stem/progenitor (B1) cells within the walls of the lateral ventricles generate different types of neurons for the olfactory bulb (OB). This study reveals an early embryonic regional specification of postnatal neural stem cells and the lineage relationship between them and embryonic progenitor cells.,NOINFO,NOINFO,0.9998340606689453,4.1817434976110235e-05,0.00012411443458404392
1320,37699461,Transplanted human glial progenitor cells are incapable of forming a neural network with host animals' neurons.,"Reversal of hyperglycemia in mice by using human expandable insulin-producing cells differentiated from fetal liver progenitor cells. Activation of insulin expression, storage, and regulated secretion in stem/progenitor cells offers novel ways to overcome this shortage. Quantitation of human C-peptide in the mouse serum confirmed that the glycemia was normalized by the transplanted human cells.",NOINFO,NOINFO,0.9996193647384644,3.8666501495754346e-05,0.00034194884938187897
1332,5304891,Tumor necrosis factor alpha (TNF-α) and interleukin-1 (IL-1) are pro-inflammatory cytokines that inhibit IL-6 and IL-10.,"Inter-individual variability and genetic influences on cytokine responses to bacteria and fungi To systematically describe cytokine responses elicited by distinct pathogens and to determine the effect of genetic variation on cytokine production, we profiled cytokines produced by peripheral blood mononuclear cells from 197 individuals of European origin from the 200 Functional Genomics (200FG) cohort in the Human Functional Genomics Project (http://www.humanfunctionalgenomics.org), obtained over three different years. Among them, a cytokine QTL at the NAA35-GOLM1 locus markedly modulated interleukin (IL)-6 production in response to multiple pathogens and was associated with susceptibility to candidemia.",NOINFO,NOINFO,0.9998717308044434,9.332476474810392e-05,3.487291178316809e-05
1332,37269418,Tumor necrosis factor alpha (TNF-α) and interleukin-1 (IL-1) are pro-inflammatory cytokines that inhibit IL-6 and IL-10.,"Age- and infection intensity-dependent cytokine and antibody production in human trichuriasis: the importance of IgE. In response to stimulation with T. trichiura antigen, a small proportion of the study group produced interleukin (IL)-4 (7%), IL-9 (5%), and IL-13 (17%). A larger proportion produced IL-10 (97%), tumor necrosis factor (TNF)-alpha (93%), and interferon (IFN)-gamma (32%).",NOINFO,NOINFO,0.9998844861984253,7.411585102090612e-05,4.141313547734171e-05
1332,24998637,Tumor necrosis factor alpha (TNF-α) and interleukin-1 (IL-1) are pro-inflammatory cytokines that inhibit IL-6 and IL-10.,"Interleukin 6 plays a key role in the development of antigen-induced arthritis. To investigate the direct role of interleukin (IL) 6 in the development of rheumatoid arthritis, IL-6-deficient (IL-6 -/-) mice were backcrossed for eight generations into C57BL/6 mice, a strain of mice with a genetic background of susceptibility for antigen-induced arthritis (AIA). In addition, comparable mRNA expression for both IL-1beta and tumor necrosis factor alpha, but not for IL-6, was detected in the inflamed joints of IL-6 -/- mice, suggesting that IL-6 may play a more crucial role in cartilage destruction than either IL-1beta or tumor necrosis factor alpha.",NOINFO,NOINFO,0.9998352527618408,0.0001067846969817765,5.7944547734223306e-05
1332,38023457,Tumor necrosis factor alpha (TNF-α) and interleukin-1 (IL-1) are pro-inflammatory cytokines that inhibit IL-6 and IL-10.,"Tumor necrosis factor alpha mediates apoptosis of brown adipocytes and defective brown adipocyte function in obesity. To investigate whether aberrant expression of tumor necrosis factor alpha (TNF-alpha) in obesity is involved in functional brown fat atrophy, we have studied genetically obese (ob/ob) mice with targeted null mutations in the genes encoding the two TNF receptors. Increased numbers of multilocular functionally active brown adipocytes, and improved thermoregulation was also observed in obese animals lacking TNF-alpha function.",NOINFO,NOINFO,0.9998748302459717,8.974981756182387e-05,3.5422192013356835e-05
1335,27910499,UCB T cells maintain high TCR diversity after transplantation.,Quantitative assessment of T-cell repertoire recovery after hematopoietic stem cell transplantation Delayed T cell recovery and restricted T cell receptor (TCR) diversity after allogeneic hematopoietic stem cell transplantation (allo-HSCT) are associated with increased risks of infection and cancer relapse. Technical challenges have limited faithful measurement of TCR diversity after allo-HSCT.,SUPPORTS,NOINFO,0.9974061846733093,0.002533425111323595,6.045962800271809e-05
1335,27243019,UCB T cells maintain high TCR diversity after transplantation.,"Immune reconstitution after cord blood transplantation: peculiarities, clinical implications and management strategies. UCB transplantation has traditionally been associated with delayed engraftment, poor immune reconstitution and consequent increased risk of infection. The last part of the review reports available data on UCB, as well as third-party peripheral blood derived anti-viral cell therapy, which provides a novel approach to rescue UCB recipients with viral complications in the post-transplant period.",NOINFO,NOINFO,0.9998486042022705,0.00011478875967441127,3.654565443866886e-05
1335,43587663,UCB T cells maintain high TCR diversity after transplantation.,Serious infections after unrelated donor transplantation in 136 children: impact of stem cell source. How the infection risks compare after umbilical cord blood (UCB) and bone marrow (BM) transplantation is not known. These data suggest that the risk of serious infection after pediatric UCB transplantation is comparable to that with unmanipulated BM.,NOINFO,NOINFO,0.9998281002044678,0.0001303243188885972,4.1572882764739916e-05
1335,20220731,UCB T cells maintain high TCR diversity after transplantation.,"Origin and T cell receptor diversity of Foxp3+CD4+CD25+ T cells. Furthermore, the diversity of TCRs on Foxp3(+)CD4(+) regulatory T cells exceeded the diversity of TCRs on Foxp3(-)CD4(+) naive T cells, even in mice that lack expression of tissue-specific antigens. Our results imply that higher TCR diversity on Foxp3(+) regulatory T cells helps these cells to match the specificities of autoreactive and naive T cells.",NOINFO,NOINFO,0.9992139339447021,0.000738605041988194,4.7355973947560415e-05
1335,23073816,UCB T cells maintain high TCR diversity after transplantation.,"Umbilical Cord Blood Therapy Potentiated with Erythropoietin for Children with Cerebral Palsy: A Double-blind, Randomized, Placebo-Controlled Trial Concomitant administration of recombinant human erythropoietin (rhEPO) may boost the efficacy of UCB, as it has neurotrophic effects. Children with CP were randomly assigned to one of three parallel groups: the pUCB group, which received allogeneic UCB potentiated with rhEPO; the EPO group, which received rhEPO and placebo UCB; and the Control group, which received placebo UCB and placebo rhEPO.",NOINFO,NOINFO,0.9998314380645752,0.00012855511158704758,3.990237019024789e-05
1336,27910499,UCB T cells reduce TCR diversity after transplantation.,Quantitative assessment of T-cell repertoire recovery after hematopoietic stem cell transplantation Delayed T cell recovery and restricted T cell receptor (TCR) diversity after allogeneic hematopoietic stem cell transplantation (allo-HSCT) are associated with increased risks of infection and cancer relapse. Technical challenges have limited faithful measurement of TCR diversity after allo-HSCT.,REFUTES,NOINFO,0.9951611161231995,0.00016461816267110407,0.0046742320992052555
1336,27243019,UCB T cells reduce TCR diversity after transplantation.,"Immune reconstitution after cord blood transplantation: peculiarities, clinical implications and management strategies. UCB transplantation has traditionally been associated with delayed engraftment, poor immune reconstitution and consequent increased risk of infection. The last part of the review reports available data on UCB, as well as third-party peripheral blood derived anti-viral cell therapy, which provides a novel approach to rescue UCB recipients with viral complications in the post-transplant period.",NOINFO,NOINFO,0.9998844861984253,4.683567021857016e-05,6.867996853543445e-05
1336,43587663,UCB T cells reduce TCR diversity after transplantation.,Serious infections after unrelated donor transplantation in 136 children: impact of stem cell source. How the infection risks compare after umbilical cord blood (UCB) and bone marrow (BM) transplantation is not known. These data suggest that the risk of serious infection after pediatric UCB transplantation is comparable to that with unmanipulated BM.,NOINFO,NOINFO,0.999687910079956,9.971416875487193e-05,0.00021233540610410273
1336,20220731,UCB T cells reduce TCR diversity after transplantation.,"Origin and T cell receptor diversity of Foxp3+CD4+CD25+ T cells. Furthermore, the diversity of TCRs on Foxp3(+)CD4(+) regulatory T cells exceeded the diversity of TCRs on Foxp3(-)CD4(+) naive T cells, even in mice that lack expression of tissue-specific antigens. Our results imply that higher TCR diversity on Foxp3(+) regulatory T cells helps these cells to match the specificities of autoreactive and naive T cells.",NOINFO,NOINFO,0.9996260404586792,6.629025301663205e-05,0.0003077226865570992
1336,23073816,UCB T cells reduce TCR diversity after transplantation.,"Umbilical Cord Blood Therapy Potentiated with Erythropoietin for Children with Cerebral Palsy: A Double-blind, Randomized, Placebo-Controlled Trial Concomitant administration of recombinant human erythropoietin (rhEPO) may boost the efficacy of UCB, as it has neurotrophic effects. Children with CP were randomly assigned to one of three parallel groups: the pUCB group, which received allogeneic UCB potentiated with rhEPO; the EPO group, which received rhEPO and placebo UCB; and the Control group, which received placebo UCB and placebo rhEPO.",NOINFO,NOINFO,0.9996892213821411,0.00012265070108696818,0.00018811899644788355
1337,20231138,Ubiquitin ligase UBC13 generates a K63-linked polyubiquitin moiety at PCNA K164.,"Replication Fork Slowing and Reversal upon DNA Damage Require PCNA Polyubiquitination and ZRANB3 DNA Translocase Activity DNA damage tolerance during eukaryotic replication is orchestrated by PCNA ubiquitination. Here we show that damage-induced fork reversal in mammalian cells requires PCNA ubiquitination, UBC13, and K63-linked polyubiquitin chains, previously involved in error-free damage tolerance.",SUPPORTS,SUPPORTS,0.03576137125492096,0.9627769589424133,0.0014616813277825713
1337,1635872,Ubiquitin ligase UBC13 generates a K63-linked polyubiquitin moiety at PCNA K164.,"PCNA functions as a molecular platform to trigger Cdt1 destruction and prevent re-replication DDB1, a component of the Cul4 E3 ubiquitin ligase that mediates human Cdt1 proteolysis in response to DNA damage, is also required for replication-dependent Cdt1 destruction. Cdt1 and DDB1 interact in extracts, and DDB1 chromatin loading is dependent on the binding of Cdt1 to PCNA, which indicates that PCNA docking activates the pre-formed Cdt1–Cul4DDB1 ligase complex.",NOINFO,NOINFO,0.9998414516448975,0.00011501235712785274,4.348357833805494e-05
1337,31962403,Ubiquitin ligase UBC13 generates a K63-linked polyubiquitin moiety at PCNA K164.,"The anaphase promoting complex/cyclosome: a machine designed to destroy The anaphase promoting complex/cyclosome (APC/C) is a ubiquitin ligase that has essential functions in and outside the eukaryotic cell cycle. Recent discoveries have revealed an unexpected multitude of mechanisms that control APC/C activity, and have provided a first insight into how this unusual ubiquitin ligase recognizes its substrates.",NOINFO,NOINFO,0.999885082244873,6.451889930758625e-05,5.044402860221453e-05
1337,13277623,Ubiquitin ligase UBC13 generates a K63-linked polyubiquitin moiety at PCNA K164.,"FBW7 ubiquitin ligase: a tumour suppressor at the crossroads of cell division, growth and differentiation FBW7 (F-box and WD repeat domain-containing 7) is the substrate recognition component of an evolutionary conserved SCF (complex of SKP1, CUL1 and F-box protein)-type ubiquitin ligase. This Review focuses on structural and functional aspects of FBW7 and its role in the development of cancer.",NOINFO,NOINFO,0.9998713731765747,8.029396849451587e-05,4.832176273339428e-05
1337,6268106,Ubiquitin ligase UBC13 generates a K63-linked polyubiquitin moiety at PCNA K164.,"The ubiquitin ligase Drosophila Mind bomb promotes Notch signaling by regulating the localization and activity of Serrate and Delta. We find that D-mib uses its ubiquitin ligase activity to promote DSL ligand activity, an activity that is correlated with its ability to induce the endocytosis and degradation of both Delta and Serrate (see also Le Borgne et al., 2005). We further demonstrate that D-mib can functionally replace Neuralized in multiple cell fate decisions that absolutely require endogenous Neuralized, a testament to the highly similar activities of these two unrelated ubiquitin ligases in regulating Notch signaling.",NOINFO,NOINFO,0.99982750415802,0.00011256616562604904,5.9900321502937004e-05
1339,15482274,Ultrasound guidance significantly raises the number of traumatic procedures when attempting needle insertion.,"Ultrasound imaging for lumbar punctures and epidural catheterisations: systematic review and meta-analysis. OBJECTIVE To determine whether ultrasound imaging can reduce the risk of failed lumbar punctures or epidural catheterisations, when compared with standard palpation methods, and whether ultrasound imaging can reduce traumatic procedures, insertion attempts, and needle redirections. Ultrasound imaging also significantly reduced the risk of traumatic procedures (risk ratio 0.27 (0.11 to 0.67), P=0.005), the number of insertion attempts (mean difference -0.44 (-0.64 to -0.24), P<0.001), and the number of needle redirections (mean difference -1.00 (-1.24 to -0.75), P<0.001).",REFUTES,REFUTES,0.0004825021605938673,0.005167163908481598,0.994350254535675
1339,22922353,Ultrasound guidance significantly raises the number of traumatic procedures when attempting needle insertion.,"Prevalence of attempting weight loss and strategies for controlling weight. OBJECTIVES To examine the prevalence of attempting to lose or to maintain weight and to describe weight control strategies among US adults. RESULTS The prevalence of attempting to lose and maintain weight was 28.8% and 35.1 % among men and 43.6% and 34.4% among women, respectively.",NOINFO,NOINFO,0.9998464584350586,7.55747823859565e-05,7.797378930263221e-05
1339,24942840,Ultrasound guidance significantly raises the number of traumatic procedures when attempting needle insertion.,Traumatic encephalopathy: review and provisional research diagnostic criteria. OBJECTIVES To determine the frequency of neurobehavioral signs and symptoms reported in every published case of traumatic encephalopathy with a view toward the development of clinical diagnostic criteria with predictive validity. This condition is often referred to as traumatic encephalopathy (TE).,NOINFO,NOINFO,0.9998624324798584,6.64355538901873e-05,7.113587344065309e-05
1339,84580585,Ultrasound guidance significantly raises the number of traumatic procedures when attempting needle insertion.,Guide to yeast genetics and molecular biology Procedures are included that enable newcomers to set up a yeast laboratory and to master basic manipulations. Relevant background and reference information given for procedures can be used as a guide to developing protocols in a number of disciplines.,NOINFO,NOINFO,0.9998376369476318,7.31060208636336e-05,8.922215783968568e-05
1339,9976969,Ultrasound guidance significantly raises the number of traumatic procedures when attempting needle insertion.,"An analysis of age and gender influences on the relative risk for suicide and psychotropic drug self-poisoning. The aim of the present study was to compare the age and gender distribution of patients prescribed psychotropic drugs with patients attempting and completing suicide with these drugs. The characteristics of these populations were compared to calculate odds ratios for attempting or completing suicide with psychotropic drugs, before and after correction for rates of prescription, in different age and gender groups.",NOINFO,NOINFO,0.9998432397842407,8.219576557166874e-05,7.454832666553557e-05
1344,9559146,Up-regulation of the p53 pathway and related molecular events casues cancer resistance and results in a significantly shortened lifespan marked by senescent cells and accelerated organismal aging.,"Senescent Cells, Tumor Suppression, and Organismal Aging: Good Citizens, Bad Neighbors Nonetheless, senescent cells acquire phenotypic changes that may contribute to aging and certain age-related diseases, including late-life cancer. Thus, the senescence response may be antagonistically pleiotropic, promoting early-life survival by curtailing the development of cancer but eventually limiting longevity as dysfunctional senescent cells accumulate.",NOINFO,NOINFO,0.9996129870414734,0.00034699251409620047,4.004978472949006e-05
1344,6896063,Up-regulation of the p53 pathway and related molecular events casues cancer resistance and results in a significantly shortened lifespan marked by senescent cells and accelerated organismal aging.,"Senescence and aging: the critical roles of p53 However, besides inducing cell growth arrest and apoptosis, p53 activation also modulates cellular senescence and organismal aging. In this review, we focus on the recent advances on the contribution of p53 to cellular senescence and its implication for cancer therapy, and we will discuss p53’s impact on animal lifespan.",NOINFO,NOINFO,0.9970414042472839,0.0028809283394366503,7.760331209283322e-05
1344,15521377,Up-regulation of the p53 pathway and related molecular events casues cancer resistance and results in a significantly shortened lifespan marked by senescent cells and accelerated organismal aging.,"Keeping your senescent cells under control Interestingly, senescent cells have also been observed in certain aged or damaged tissues and there is growing evidence that senescence checkpoints can affect the regenerative reserve of tissues and organismal aging [8-11]. Such studies will be of particular interest, as recent work showed that IL-6 secretion by senescent cells is relevant for initiating and maintaining the senescene response via an autocrine loop [17].",NOINFO,NOINFO,0.9998140931129456,0.00014623961760662496,3.97461153625045e-05
1344,25419778,Up-regulation of the p53 pathway and related molecular events casues cancer resistance and results in a significantly shortened lifespan marked by senescent cells and accelerated organismal aging.,"Identification of Senescent Cells in the Bone Microenvironment. Because senescent cells accumulate in multiple tissues with aging, these cells and the dysfunctional factors they secrete, termed the senescence-associated secretory phenotype (SASP), are increasingly recognized as promising therapeutic targets to prevent age-related degenerative pathologies, including osteoporosis. These data show that with aging, a subset of cells of various lineages within the bone microenvironment become senescent, although senescent myeloid cells and senescent osteocytes predominantly develop the SASP.",NOINFO,NOINFO,0.9997960925102234,0.00015597279707435519,4.794210326508619e-05
1352,12885341,Upregulation of mosGCTL-1 is induced upon infection with West Nile virus.,"A C-Type Lectin Collaborates with a CD45 Phosphatase Homolog to Facilitate West Nile Virus Infection of Mosquitoes West Nile virus (WNV) is the most common arthropod-borne flavivirus in the United States; however, the vector ligand(s) that participate in infection are not known. During the mosquito blood-feeding process, WNV infection was blocked in vivo with mosGCTL-1 antibodies.",SUPPORTS,NOINFO,0.9992796778678894,0.0006614784360863268,5.8824334701057523e-05
1352,38376189,Upregulation of mosGCTL-1 is induced upon infection with West Nile virus.,"A Live Attenuated Chimeric West Nile Virus Vaccine, rWN/DEN4&Dgr;30, Is Well Tolerated and Immunogenic in Flavivirus-Naive Older Adult Volunteers West Nile virus (WNV) is a major cause of mosquito-borne illness in the United States. A chimeric live attenuated West Nile virus vaccine, rWN/DEN4&Dgr;30, was shown to be safe and immunogenic in healthy adults aged 18–50 years.",NOINFO,NOINFO,0.999834418296814,0.00013083523663226515,3.466788257355802e-05
1352,10559501,Upregulation of mosGCTL-1 is induced upon infection with West Nile virus.,"Beta interferon controls West Nile virus infection and pathogenesis in mice. Studies with mice lacking the common plasma membrane receptor for type I interferon (IFN-αβR(-)(/)(-)) have revealed that IFN signaling restricts tropism, dissemination, and lethality after infection with West Nile virus (WNV) or several other pathogenic viruses. Here, using IFN-β(-)(/)(-) mice, we defined the antiviral and immunomodulatory function of this IFN subtype in restricting viral infection.",NOINFO,NOINFO,0.9997212290763855,0.00023920982494018972,3.958748493460007e-05
1352,34287602,Upregulation of mosGCTL-1 is induced upon infection with West Nile virus.,"Genetic variation in West Nile virus from naturally infected mosquitoes and birds suggests quasispecies structure and strong purifying selection. Intrahost genetic diversity was analysed in naturally infected mosquitoes and birds to determine whether West Nile virus (WNV) exists in nature as a quasispecies and to quantify selective pressures within and between hosts. Non-consensus clones obtained from two avian specimens had highly similar genetic signatures, providing preliminary evidence that WNV genetic diversity may be maintained throughout the enzootic transmission cycle, rather than arising independently during each infection.",NOINFO,NOINFO,0.9997894167900085,0.0001653837680350989,4.521340815699659e-05
1352,11016410,Upregulation of mosGCTL-1 is induced upon infection with West Nile virus.,"Experimental Evolution of an RNA Virus in Wild Birds: Evidence for Host-Dependent Impacts on Population Structure and Competitive Fitness We allowed West Nile virus (WNV) to replicate in wild-caught American crows, house sparrows and American robins to assess how natural selection shapes RNA virus populations in ecologically relevant hosts that differ in susceptibility to virus-induced mortality. These differences in genetic composition most likely have distinct phenotypic consequences for the virus populations.",NOINFO,NOINFO,0.9998514652252197,0.00011060740507673472,3.792742427322082e-05
1359,11614737,Varenicline monotherapy is more effective after 12 weeks of treatment compared to combination nicotine replacement therapies with varenicline or bupropion.,Combination varenicline and bupropion SR for tobacco-dependence treatment in cigarette smokers: a randomized trial. OBJECTIVE To determine efficacy and safety of varenicline and bupropion sustained-release (SR; combination therapy) compared with varenicline (monotherapy) in cigarette smokers. INTERVENTIONS Twelve weeks of varenicline and bupropion SR or varenicline and placebo.,REFUTES,REFUTES,0.0005328887491486967,0.01313325110822916,0.9863339066505432
1359,5114940,Varenicline monotherapy is more effective after 12 weeks of treatment compared to combination nicotine replacement therapies with varenicline or bupropion.,"Pharmacological interventions for smoking cessation: an overview and network meta-analysis. Some medications have been proven to help people to quit, with three licensed for this purpose in Europe and the USA: nicotine replacement therapy (NRT), bupropion, and varenicline. For NRT, bupropion and varenicline we conducted network meta-analyses, comparing each with the others and with placebo for benefit, and varenicline and bupropion for risks of serious adverse events.",NOINFO,NOINFO,0.9997406601905823,0.00019221424008719623,6.707934517180547e-05
1359,24019260,Varenicline monotherapy is more effective after 12 weeks of treatment compared to combination nicotine replacement therapies with varenicline or bupropion.,"Varenicline, an alpha4beta2 nicotinic acetylcholine receptor partial agonist, selectively decreases ethanol consumption and seeking. Varenicline, a partial agonist at the alpha4beta2 nAChRs, reduces nicotine intake and was recently approved as a smoking cessation aid. Furthermore, chronic varenicline administration decreased ethanol consumption, which did not result in a rebound increase in ethanol intake when the varenicline was no longer administered.",NOINFO,NOINFO,0.9998329877853394,9.205395326716825e-05,7.498564809793606e-05
1359,5551138,Varenicline monotherapy is more effective after 12 weeks of treatment compared to combination nicotine replacement therapies with varenicline or bupropion.,"Nortriptyline for smoking cessation: a review. Nortriptyline is an efficacious aid to smoking cessation with a magnitude of effect similar to that for bupropion and nicotine replacement therapies. The finding that nortriptyline and bupropion are effective for smoking cessation but that selective serotonin-reuptake inhibitors are not suggests that dopaminergic or adrenergic, but not serotonergic, activity is important for cessation efficacy.",NOINFO,NOINFO,0.9998106360435486,0.00012484088074415922,6.464021862484515e-05
1359,34369306,Varenicline monotherapy is more effective after 12 weeks of treatment compared to combination nicotine replacement therapies with varenicline or bupropion.,"Long-term efficacy of nicotine replacement therapy for smoking cessation in adolescents: a randomized controlled trial. The findings demonstrated that nicotine patches are efficacious for smoking cessation at end-of-treatment; however, only in highly compliant participants. RESULTS At T7, 8.1% and 5.7% of participants were abstinent in the nicotine and placebo patch groups, respectively.",NOINFO,NOINFO,0.9998337030410767,0.00010762204328784719,5.86274873057846e-05
1362,8290953,Venules have a larger lumen diameter than arterioles.,"Scaffold-based three-dimensional human fibroblast culture provides a structural matrix that supports angiogenesis in infarcted heart tissue. Fourteen and 30 days after surgery, the damaged myocardium receiving viable 3DFC exhibited a significantly greater angiogenic response (including arterioles, venules, and capillaries) than nonviable and untreated control groups. Therefore, a potential use for 3DFC is the repair of myocardial tissue damaged by infarction.",NOINFO,NOINFO,0.9996019005775452,0.00033994510886259377,5.815775512019172e-05
1362,23513718,Venules have a larger lumen diameter than arterioles.,"Role of soluble guanylate cyclase in dilator responses of the cerebral microcirculation. Diameters of cerebral arterioles (baseline diameter=94+/-5 micrometers, mean+/-S.E.) were measured using a closed cranial window in anesthetized rabbits. These findings indicate that sGC is functionally important in cerebral arterioles.",NOINFO,NOINFO,0.9998082518577576,0.00014538440154865384,4.6376979298656806e-05
1362,1122279,Venules have a larger lumen diameter than arterioles.,"Endothelium-mediated relaxation of porcine collateral-dependent arterioles is improved by exercise training. After completion of EX or SED programs, coronary arterioles ( approximately 100 microm in diameter) were isolated from collateral-dependent LCx (distal to occlusion) and nonoccluded left anterior descending coronary artery (LAD) regions of each heart. After training, ecNOS mRNA expression was not different between LAD and LCx arterioles.",NOINFO,NOINFO,0.9998636245727539,8.17172258393839e-05,5.45418297406286e-05
1362,79447,Venules have a larger lumen diameter than arterioles.,"Arteriolar function in visceral adipose tissue is impaired in human obesity. We assessed vasomotor function of the adipose microvasculature using videomicroscopy of small arterioles (75-250 μm) isolated from different fat compartments. Endothelium-dependent, acetylcholine-mediated vasodilation was severely impaired in visceral arterioles, compared to the subcutaneous depot (P<0.001 by ANOVA).",NOINFO,NOINFO,0.9998637437820435,8.268049714388326e-05,5.348690683604218e-05
1363,8290953,Venules have a thinner or absent smooth layer compared to arterioles.,"Scaffold-based three-dimensional human fibroblast culture provides a structural matrix that supports angiogenesis in infarcted heart tissue. 3DFCs with or without viable cells were sized to the damaged area, implanted in replicate mice onto the epicardium at the site of tissue injury, and compared with animals that received infarct surgery but no implant. Fourteen and 30 days after surgery, the damaged myocardium receiving viable 3DFC exhibited a significantly greater angiogenic response (including arterioles, venules, and capillaries) than nonviable and untreated control groups.",NOINFO,NOINFO,0.999861478805542,5.6936383771244437e-05,8.155760588124394e-05
1363,1122279,Venules have a thinner or absent smooth layer compared to arterioles.,"Endothelium-mediated relaxation of porcine collateral-dependent arterioles is improved by exercise training. Arterioles were studied by in vitro videomicroscopy or frozen for ecNOS mRNA analysis (RT-PCR techniques). After training, ecNOS mRNA expression was not different between LAD and LCx arterioles.",NOINFO,NOINFO,0.9998809099197388,4.101053855265491e-05,7.81289127189666e-05
1363,23513718,Venules have a thinner or absent smooth layer compared to arterioles.,"Role of soluble guanylate cyclase in dilator responses of the cerebral microcirculation. These findings indicate that sGC is functionally important in cerebral arterioles. In addition, acetylcholine (which stimulates endogenous production of NO by endothelium) produced dilatation of cerebral arterioles that was inhibited by ODQ.",NOINFO,NOINFO,0.9998877048492432,4.4953681936021894e-05,6.735179340466857e-05
1363,94109411,Venules have a thinner or absent smooth layer compared to arterioles.,"Improved Au/Zn/Au ohmic contacts for p-type InP Before the contacts were annealed, Si3N4 layer was deposited on the Au(200Å)/Zn(700Å)/Au(200Å), then the Si3N4 was removed by HF and a 2000A layer of pure gold was deposited to facilitate wire bonding. Besides, Si3N4 layer is an excellent passivation layer and antireflection coating in InP/InGaAs/InP (p-i-n) photodiodes.",NOINFO,NOINFO,0.9998239874839783,4.574795093503781e-05,0.00013032378046773374
1368,2425364,Vitamin D deficiency effects the term of delivery.,"Association between maternal serum 25-hydroxyvitamin D level and pregnancy and neonatal outcomes: systematic review and meta-analysis of observational studies. CONCLUSION Vitamin D insufficiency is associated with an increased risk of gestational diabetes, pre-eclampsia, and small for gestational age infants. Pregnant women with low 25-OHD levels had an increased risk of bacterial vaginosis and lower birth weight infants, but not delivery by caesarean section.",SUPPORTS,SUPPORTS,0.0006382221472449601,0.9986456036567688,0.0007161723915487528
1368,30720103,Vitamin D deficiency effects the term of delivery.,"Vitamin D status: measurement, interpretation, and clinical application. Serum 1,25(OH)(2)D provides no information about vitamin D status and is often normal or even increased as the result of secondary hyperparathyroidism associated with vitamin D deficiency. Most experts agree that 25(OH)D of <20 ng/mL is considered to be vitamin D deficiency, whereas a 25(OH)D of 21-29 ng/mL is considered to be insufficient.",NOINFO,NOINFO,0.9998692274093628,6.948848022148013e-05,6.132337875897065e-05
1368,21380348,Vitamin D deficiency effects the term of delivery.,"Intracellular transport of fat-soluble vitamins A and E. Defects of α-TTP cause vitamin E deficiency and neurological disorders in humans. Recently, it has been shown that the interaction of α-TTP with phosphoinositides plays a critical role in the intracellular transport of α-tocopherol and is associated with familial vitamin E deficiency.",NOINFO,NOINFO,0.9998537302017212,9.332308400189504e-05,5.286323357722722e-05
1368,23267371,Vitamin D deficiency effects the term of delivery.,"Vitamin D: The ""sunshine"" vitamin. An estimated 1 billion people worldwide, across all ethnicities and age groups, have a vitamin D deficiency (VDD). Treatment with either vitamin D2 or vitamin D3 is recommended for deficient patients.",NOINFO,NOINFO,0.9998226761817932,0.0001119079752243124,6.540297181345522e-05
1368,275294,Vitamin D deficiency effects the term of delivery.,"Environmental factors that influence the cutaneous production of vitamin D It is now recognized that vitamin D insufficiency and vitamin D deficiency are common in elderly people, especially in those who are infirm and not exposed to sunlight or who live at latitudes that do not provide them with sunlight-mediated cholecalciferol during the winter months. Vitamin D insufficiency and deficiency can be prevented by encouraging responsible exposure to sunlight and/or consumption of a multivitamin tablet that contains 10 micrograms (400 IU) vitamin D.",NOINFO,NOINFO,0.9998605251312256,9.837715333560482e-05,4.108987559447996e-05
1370,2425364,Vitamin D deficiency is unrelated to birth weight.,"Association between maternal serum 25-hydroxyvitamin D level and pregnancy and neonatal outcomes: systematic review and meta-analysis of observational studies. STUDY SELECTION Studies reporting on the association between serum 25-OHD levels during pregnancy and the outcomes of interest (pre-eclampsia, gestational diabetes, bacterial vaginosis, caesarean section, small for gestational age infants, birth weight, birth length, and head circumference). Pregnant women with low 25-OHD levels had an increased risk of bacterial vaginosis and lower birth weight infants, but not delivery by caesarean section.",REFUTES,REFUTES,0.00017430084699299186,0.00025659563834778965,0.9995691180229187
1370,17450673,Vitamin D deficiency is unrelated to birth weight.,"Intrauterine environments and breast cancer risk: meta-analysis and systematic review Support for an association with birthweight was also derived from studies based on three birth weight categories (OR 1.15 [95% CI 1.01 to 1.31] for > or =4,000 g relative to <3,000 g) and two birth weight categories (OR 1.09 [95% CI 1.02 to 1.18] for > or =3,000 g relative to <3,000 g). Birth order, prematurity, and maternal smoking were unrelated to breast cancer risk.",NOINFO,NOINFO,0.9980939030647278,0.00011891945177922025,0.0017872033640742302
1370,30720103,Vitamin D deficiency is unrelated to birth weight.,"Vitamin D status: measurement, interpretation, and clinical application. Serum 1,25(OH)(2)D provides no information about vitamin D status and is often normal or even increased as the result of secondary hyperparathyroidism associated with vitamin D deficiency. Most experts agree that 25(OH)D of <20 ng/mL is considered to be vitamin D deficiency, whereas a 25(OH)D of 21-29 ng/mL is considered to be insufficient.",NOINFO,NOINFO,0.9997232556343079,5.3270894568413496e-05,0.0002234044368378818
1370,21380348,Vitamin D deficiency is unrelated to birth weight.,"Intracellular transport of fat-soluble vitamins A and E. Defects of α-TTP cause vitamin E deficiency and neurological disorders in humans. Recently, it has been shown that the interaction of α-TTP with phosphoinositides plays a critical role in the intracellular transport of α-tocopherol and is associated with familial vitamin E deficiency.",NOINFO,NOINFO,0.9998350143432617,4.628772512660362e-05,0.0001186624649562873
1370,23267371,Vitamin D deficiency is unrelated to birth weight.,"Vitamin D: The ""sunshine"" vitamin. An estimated 1 billion people worldwide, across all ethnicities and age groups, have a vitamin D deficiency (VDD). Treatment with either vitamin D2 or vitamin D3 is recommended for deficient patients.",NOINFO,NOINFO,0.999625563621521,7.209802424767986e-05,0.0003023606550414115
1379,16322674,Women with a higher birth weight are more likely to develop breast cancer later in life.,"Birth Size and Breast Cancer Risk: Re-analysis of Individual Participant Data from 32 Studies Birth weight was positively associated with breast cancer risk in studies based on birth records (pooled relative risk [RR] per one standard deviation [SD] [= 0.5 kg] increment in birth weight: 1.06; 95% confidence interval [CI] 1.02-1.09) and parental recall when the participants were children (1.02; 95% CI 0.99-1.05), but not in those based on adult self-reports, or maternal recall during the woman's adulthood (0.98; 95% CI 0.95-1.01) (p for heterogeneity between data sources = 0.003). CONCLUSIONS This pooled analysis of individual participant data is consistent with birth size, and in particular birth length, being an independent correlate of breast cancer risk in adulthood.",SUPPORTS,SUPPORTS,0.007160830777138472,0.99205482006073,0.0007844285573810339
1379,27123743,Women with a higher birth weight are more likely to develop breast cancer later in life.,Role of birthweight in the etiology of breast cancer. Breast cancer may originate in utero. The relative risk estimate for breast cancer comparing women with high birthweight to women with low birthweight combining all studies including both pre- and postmenopausal breast cancer was 1.23 (95% confidence interval 1.13-1.34).,SUPPORTS,SUPPORTS,0.002108358545228839,0.996364176273346,0.0015275176847353578
1379,23557241,Women with a higher birth weight are more likely to develop breast cancer later in life.,Intrauterine factors and risk of breast cancer: a systematic review and meta-analysis of current evidence. No association was noted between risk of breast cancer and gestational age at birth (0.95 [0.71-1.26]) or maternal diethylstilbestrol treatment (1.40 [0.86-2.28]). INTERPRETATION The intrauterine environment contributes to the predisposition of women to breast cancer in adulthood.,SUPPORTS,SUPPORTS,0.00048438695375807583,0.9982343912124634,0.0012811844935640693
1379,17450673,Women with a higher birth weight are more likely to develop breast cancer later in life.,"Intrauterine environments and breast cancer risk: meta-analysis and systematic review RESULTS We found that heavier birth weights were associated with increased breast cancer risk, with studies involving five categories of birth weight identifying odds ratios (ORs) of 1.24 (95% confidence interval [CI] 1.04 to 1.48) for 4,000 g or more and 1.15 (95% CI 1.04 to 1.26) for 3,500 g to 3,999 g, relative to a birth weight of 2,500 to 2,599 g. These studies provided no support for a J-shaped relationship of birthweight to risk. Birth order, prematurity, and maternal smoking were unrelated to breast cancer risk.",SUPPORTS,REFUTES,0.00024996325373649597,0.0009771061595529318,0.998772919178009
1379,5487448,Women with a higher birth weight are more likely to develop breast cancer later in life.,"Birth weight and mammographic density among postmenopausal women in Sweden. Birth weight is a significant predictor of breast cancer risk in adult life and mammary gland mass could be an intermediate stage in this long process. These results indicate that adult breast density, a powerful predictor of breast cancer risk, has intrauterine roots, as reflected in birth size.",NOINFO,NOINFO,0.9996656179428101,0.00027370505267754197,6.071505413274281e-05
1379,37480103,Women with a higher birth weight are more likely to develop breast cancer later in life.,"Pregnancy characteristics and maternal risk of breast cancer. A high birth weight (> or =4000 g) in 2 successive births was associated with an increased risk of breast cancer before but not after adjusting for placental weight and other covariates (adjusted hazard ratio, 1.10; 95% CI, 0.76-1.59). CONCLUSIONS Placental weight is positively associated with maternal risk of breast cancer.",NOINFO,NOINFO,0.9974901676177979,0.002411719411611557,9.814392979023978e-05
1379,38784540,Women with a higher birth weight are more likely to develop breast cancer later in life.,"Life course breast cancer risk factors and adult breast density (United Kingdom) Objective To determine whether risk factors in childhood and early adulthood affect later mammographic breast density. No associations with SCC were found for age at menarche, birth weight, oral contraceptive (OC) use, height, leg length or exercise at age 20.",NOINFO,NOINFO,0.9995369911193848,0.00037115131272003055,9.184712689602748e-05
1379,25973484,Women with a higher birth weight are more likely to develop breast cancer later in life.,"Breast cancer and obesity: an update. However, before menopause increased body weight is inversely related to breast cancer risk. In both premenopausal and postmenopausal breast cancer, the mechanisms by which body weight and obesity affect risk have been related to estrogenic activity.",NOINFO,NOINFO,0.999849796295166,8.139752026181668e-05,6.881185254314914e-05
1382,17755060,aPKCz causes tumour enhancement by affecting glutamine metabolism.,Control of Nutrient Stress-Induced Metabolic Reprogramming by PKCζ in Tumorigenesis Tumor cells have high-energetic and anabolic needs and are known to adapt their metabolism to be able to survive and keep proliferating under conditions of nutrient stress. We show that PKCζ deficiency promotes the plasticity necessary for cancer cells to reprogram their metabolism to utilize glutamine through the serine biosynthetic pathway in the absence of glucose.,REFUTES,NOINFO,0.5599011182785034,0.2863188087940216,0.15378013253211975
1382,3831884,aPKCz causes tumour enhancement by affecting glutamine metabolism.,"Glutamine supports pancreatic cancer growth through a Kras-regulated metabolic pathway Indeed, the spectrum of glutamine-dependent tumours and the mechanisms whereby glutamine supports cancer metabolism remain areas of active investigation. Furthermore, we establish that the reprogramming of glutamine metabolism is mediated by oncogenic KRAS, the signature genetic alteration in PDAC, through the transcriptional upregulation and repression of key metabolic enzymes in this pathway.",NOINFO,NOINFO,0.9985522627830505,0.0013496713945642114,9.805672743823379e-05
1382,3468459,aPKCz causes tumour enhancement by affecting glutamine metabolism.,"Metabolism strikes back: metabolic flux regulates cell signaling. Mammalian cells depend on growth factor signaling to take up nutrients; however, coordination of glucose and glutamine uptake has been a mystery. 2784-2799) show that glucose flux through the hexosamine biosynthesis pathway regulates growth factor receptor glycosylation and enables glutamine consumption.",NOINFO,NOINFO,0.9996589422225952,0.000263217807514593,7.780704618198797e-05
1382,14663842,aPKCz causes tumour enhancement by affecting glutamine metabolism.,"IDH1 mutations alter citric acid cycle metabolism and increase dependence on oxidative mitochondrial metabolism. We observed that under hypoxic conditions, IDH1-mutant cells exhibited increased oxidative tricarboxylic acid metabolism along with decreased reductive glutamine metabolism, but not IDH2-mutant cells. Lastly, IDH1-mutant cells also grew poorly as subcutaneous xenografts within a hypoxic in vivo microenvironment.",NOINFO,NOINFO,0.9994906187057495,0.0004476732574403286,6.16603865637444e-05
1382,25513319,aPKCz causes tumour enhancement by affecting glutamine metabolism.,"Coactivator SRC-2-dependent metabolic reprogramming mediates prostate cancer survival and metastasis. In prostate cancer cells, SRC-2 stimulated reductive carboxylation of α-ketoglutarate to generate citrate via retrograde TCA cycling, promoting lipogenesis and reprogramming of glutamine metabolism. Glutamine-mediated nutrient signaling activated SRC-2 via mTORC1-dependent phosphorylation, which then triggered downstream transcriptional responses by coactivating SREBP-1, which subsequently enhanced lipogenic enzyme expression.",NOINFO,NOINFO,0.9836529493331909,0.01380678080022335,0.002540316665545106
1385,306006,cSMAC formation enhances weak ligand signalling.,The stimulatory potency of T cell antigens is influenced by the formation of the immunological synapse. We describe results showing that a peptide exhibiting many hallmarks of a weak agonist stimulates T cells to proliferate more than the wild-type agonist ligand. This conclusion was supported by experiments that showed that enhancing cSMAC formation reduced stimulatory capacity of the weak peptide.,SUPPORTS,SUPPORTS,0.00047788163647055626,0.9886826872825623,0.010839424096047878
1385,9283422,cSMAC formation enhances weak ligand signalling.,"T cell receptor-proximal signals are sustained in peripheral microclusters and terminated in the central supramolecular activation cluster. TCR-MHCp interactions in the cSMAC survived these perturbations for 10 min and hence were not sufficient to sustain signaling. We propose that TCR signaling is sustained by stabilized microclusters and is terminated in the cSMAC, a structure from which TCR are sorted for degradation.",NOINFO,NOINFO,0.9998347759246826,6.132126873126253e-05,0.0001039043054333888
1385,12265561,cSMAC formation enhances weak ligand signalling.,"Ligand-target interactions: what can we learn from NMR? In the weak binding regime (k(off) > 10(4) Hz), the structure of the bound ligand is accessible also for very large complexes (>100 kDa), which are not amenable to NMR studies in the tight binding regime. Here I review the state-of-the-art NMR methodology used for screening ligands and for the structural investigation of bound ligand conformations, in both tight and weak binding regimes.",NOINFO,NOINFO,0.9998871088027954,5.3279625717550516e-05,5.955391316092573e-05
1385,994800,cSMAC formation enhances weak ligand signalling.,"TCR ligand density and affinity determine peripheral induction of Foxp3 in vivo Several lines of evidence indicate that weak TCR stimulation favors induction of Foxp3 in the periphery; however, it remains to be determined how TCR ligand potency influences this process. Initial Foxp3 induction by weak agonist peptide could be enhanced by disruption of TCR-peptide major histocompatibility complex (pMHC) interactions or alteration of peptide dose.",NOINFO,NOINFO,0.999868631362915,7.72177372709848e-05,5.4117655963636935e-05
1385,39859981,cSMAC formation enhances weak ligand signalling.,"Symmetric signalling within asymmetric dimers of the Staphylococcus aureus receptor histidine kinase AgrC. Furthermore, mutant dimers involving one constitutive protomer demonstrated ligand-independent activity, irrespective of which protomer was kinase deficient. These results demonstrate that signalling through either individual AgrC protomer causes symmetric activation of both kinase domains.",NOINFO,NOINFO,0.9998399019241333,8.398051431868225e-05,7.601840479765087e-05
1389,23895668,mTORC2 regulates intracellular cysteine levels through xCT inhibition.,"mTORC2 Regulates Amino Acid Metabolism in Cancer by Phosphorylation of the Cystine-Glutamate Antiporter xCT. Using an unbiased proteomic screen, we identified mTORC2 as a critical regulator of amino acid metabolism in cancer via phosphorylation of the cystine-glutamate antiporter xCT. mTORC2 phosphorylates serine 26 at the cytosolic N terminus of xCT, inhibiting its activity.",SUPPORTS,SUPPORTS,0.0006638000486418605,0.998877227306366,0.00045890366891399026
1389,36180468,mTORC2 regulates intracellular cysteine levels through xCT inhibition.,"Processing of the beta-amyloid precursor. Multiple proteases generate and degrade potentially amyloidogenic fragments. Thus, large numbers of potentially amyloidogenic fragments of APP are routinely generated in an acidic compartment by noncysteine proteases and then are eliminated within lysosomes by cysteine proteases. Immunoblot and immunohistochemical analyses confirmed that chronic cysteine protease inhibition leads to accumulation of potentially amyloidogenic APP fragments in lysosomes.",NOINFO,NOINFO,0.9998472929000854,0.00011820130021078512,3.4398541174596176e-05
1389,20943272,mTORC2 regulates intracellular cysteine levels through xCT inhibition.,ADAM13 disintegrin and cysteine-rich domains bind to the second heparin-binding domain of fibronectin. Mutation of the syndecan-binding site (PPRR --> PPTM) within this domain abolishes binding of the recombinant disintegrin and cysteine-rich domains of ADAM13. This adhesion requires integrin activation and can be prevented by antibodies to the cysteine-rich domain of ADAM13 and beta(1) integrin.,NOINFO,NOINFO,0.9997537732124329,0.00019334634998813272,5.2961284382035956e-05
1389,13801259,mTORC2 regulates intracellular cysteine levels through xCT inhibition.,"Homocysteine and other thiols in plasma and urine: automated determination and sample stability. Maximal fluorescence yield of cysteine, cysteinylglycine, and, to a lesser degree, homocysteine was dependent on optimal concentrations of EDTA and dithioerythritol during reduction (with NaBH4) and derivatization (with monobromobimane). Hemolysis up to approximately 2.0 g/L of hemoglobin did not interfere with the analytical recovery of homocysteine or cysteine.",NOINFO,NOINFO,0.9998569488525391,0.00010804577323142439,3.507733345031738e-05
1389,43890638,mTORC2 regulates intracellular cysteine levels through xCT inhibition.,"Hydrogen sulphide regulates intracellular pH in vascular smooth muscle cells. We investigated the role of hydrogen sulphide (H(2)S) in intracellular pH (pH(i)) regulation in vascular smooth muscle cells and its contribution on vasodilation. In conclusion, H(2)S induced intracellular acidification via activation of Cl(-)/HCO3- exchanger, which is, at least partially, responsible for H(2)S-mediated vasorelaxation.",NOINFO,NOINFO,0.9997807145118713,0.0001757050777086988,4.356593854026869e-05
1395,17717391,p16INK4A accumulation is  linked to an abnormal wound response caused by the microinvasive step of advanced Oral Potentially Malignant Lesions (OPMLs).,"Monitoring Tumorigenesis and Senescence In Vivo with a p16INK4a-Luciferase Model Expression of p16(INK4a) with aging did not predict cancer development, suggesting that the accumulation of senescent cells is not a principal determinant of cancer-related death. Activation of p16(INK4a) was noted in the emerging neoplasm and surrounding stromal cells.",NOINFO,NOINFO,0.9998138546943665,0.00014767469838261604,3.844807724817656e-05
1395,19343151,p16INK4A accumulation is  linked to an abnormal wound response caused by the microinvasive step of advanced Oral Potentially Malignant Lesions (OPMLs).,"p16INK4A is a robust in vivo biomarker of cellular aging in human skin. Although there is an age-dependent increase of p16INK4A expression in human fibroblast senescence in vitro, no data are available regarding the age dependency of p16INK4A in vivo. To determine whether p16INK4A expression in human skin correlates with donor age, p16INK4A expression was analyzed by immunohistochemistry as well as the expression of the p16INK4A repressor BMI1.",NOINFO,NOINFO,0.9998499155044556,0.00011614200047915801,3.399787237867713e-05
1395,18218379,p16INK4A accumulation is  linked to an abnormal wound response caused by the microinvasive step of advanced Oral Potentially Malignant Lesions (OPMLs).,"Quantitative analysis of tumor-derived methylated p16INK4a sequences in plasma, serum, and blood cells of hepatocellular carcinoma patients. Quantitative MSP data were expressed in terms of the methylation index, which was the percentage of bisulfite converted unmethylated and methylated p16INK4a sequences that consisted of methylated p16INK4a sequences. Quantities of methylated p16INK4a sequences were detected in peripheral circulation of 80% (23 of 29) of HCC patients.",NOINFO,NOINFO,0.9998666048049927,9.479392610955983e-05,3.860059950966388e-05
1395,26008462,p16INK4A accumulation is  linked to an abnormal wound response caused by the microinvasive step of advanced Oral Potentially Malignant Lesions (OPMLs).,"Tissue transglutaminase (TG2)--a wound response enzyme. Particular members of the transglutaminase (TG) family are upregulated during wound healing and act as a novel class of wound-healing mediators during the repair process. In this article we discuss the function of the most widely expressed member of the TG family ""tissue transglutaminase"" (TG2) in wound repair.",NOINFO,NOINFO,0.9998410940170288,0.00011912762420251966,3.982489579357207e-05
