claim_id,rank,doc_id,is_gold_doc,gold_label,predicted_label,is_correct_gold_label,prob_noinfo,prob_supports,prob_refutes,claim
3,1,23389795,False,NOINFO,NOINFO,False,0.9994420409202576,0.00043218713835813105,0.00012577362940646708,"1,000 genomes project enables mapping of genetic sequence variation consisting of rare variants with larger penetrance effects than common variants."
3,2,3662132,False,NOINFO,NOINFO,False,0.9995163679122925,0.00027581056929193437,0.0002077865065075457,"1,000 genomes project enables mapping of genetic sequence variation consisting of rare variants with larger penetrance effects than common variants."
3,3,1544804,False,NOINFO,NOINFO,False,0.9994906187057495,0.000358313147444278,0.0001511278242105618,"1,000 genomes project enables mapping of genetic sequence variation consisting of rare variants with larger penetrance effects than common variants."
3,4,1388704,False,NOINFO,NOINFO,False,0.9990760087966919,0.000733471882995218,0.00019059161422774196,"1,000 genomes project enables mapping of genetic sequence variation consisting of rare variants with larger penetrance effects than common variants."
3,5,14717500,True,SUPPORTS,NOINFO,False,0.9968997240066528,0.002905947621911764,0.00019430647080298513,"1,000 genomes project enables mapping of genetic sequence variation consisting of rare variants with larger penetrance effects than common variants."
3,6,5650232,False,NOINFO,NOINFO,False,0.9996693134307861,0.0001859236363088712,0.00014479747915174812,"1,000 genomes project enables mapping of genetic sequence variation consisting of rare variants with larger penetrance effects than common variants."
3,7,3444507,False,NOINFO,NOINFO,False,0.9996215105056763,0.0002233817067462951,0.0001550344895804301,"1,000 genomes project enables mapping of genetic sequence variation consisting of rare variants with larger penetrance effects than common variants."
3,8,2739854,False,NOINFO,NOINFO,False,0.9993718266487122,0.0004546690033748746,0.00017358701734337956,"1,000 genomes project enables mapping of genetic sequence variation consisting of rare variants with larger penetrance effects than common variants."
3,9,13914198,False,NOINFO,NOINFO,False,0.999607503414154,0.0002496840024832636,0.00014282246411312371,"1,000 genomes project enables mapping of genetic sequence variation consisting of rare variants with larger penetrance effects than common variants."
3,10,15153602,False,NOINFO,NOINFO,False,0.9995125532150269,0.00034325048909522593,0.00014421033847611398,"1,000 genomes project enables mapping of genetic sequence variation consisting of rare variants with larger penetrance effects than common variants."
5,1,2739854,False,NOINFO,NOINFO,False,0.9996296167373657,0.00011771484423661605,0.0002526327734813094,1/2000 in UK have abnormal PrP positivity.
5,2,70490,False,NOINFO,NOINFO,False,0.999645471572876,0.00011015349446097389,0.00024438617401756346,1/2000 in UK have abnormal PrP positivity.
5,3,27466734,False,NOINFO,NOINFO,False,0.999566376209259,9.366140875499696e-05,0.0003399330307729542,1/2000 in UK have abnormal PrP positivity.
5,4,43629704,False,NOINFO,NOINFO,False,0.9996092915534973,9.007716289488599e-05,0.0003005892504006624,1/2000 in UK have abnormal PrP positivity.
5,5,18617259,False,NOINFO,REFUTES,False,0.006006382871419191,0.014953302219510078,0.979040265083313,1/2000 in UK have abnormal PrP positivity.
5,6,15663829,False,NOINFO,NOINFO,False,0.9994906187057495,0.00012048961798427626,0.0003889452200382948,1/2000 in UK have abnormal PrP positivity.
5,7,63858430,False,NOINFO,NOINFO,False,0.9993776679039001,0.00022420128516387194,0.0003981237532570958,1/2000 in UK have abnormal PrP positivity.
5,8,13734012,True,SUPPORTS,REFUTES,False,0.001034940010868013,0.0012804787838831544,0.9976845979690552,1/2000 in UK have abnormal PrP positivity.
5,9,841371,False,NOINFO,NOINFO,False,0.9995864033699036,9.113686974160373e-05,0.00032247783383354545,1/2000 in UK have abnormal PrP positivity.
5,10,14717500,False,NOINFO,NOINFO,False,0.9996429681777954,0.00010187506268266588,0.0002551153884269297,1/2000 in UK have abnormal PrP positivity.
42,1,27889071,False,NOINFO,NOINFO,False,0.9996923208236694,0.00011015865311492234,0.00019753305241465569,A high microerythrocyte count raises vulnerability to severe anemia in homozygous alpha (+)- thalassemia trait subjects.
42,2,18174210,True,REFUTES,REFUTES,True,0.0034538074396550655,0.40076830983161926,0.5957778692245483,A high microerythrocyte count raises vulnerability to severe anemia in homozygous alpha (+)- thalassemia trait subjects.
42,3,40913091,False,NOINFO,NOINFO,False,0.9996517896652222,0.00015717341739218682,0.00019107427215203643,A high microerythrocyte count raises vulnerability to severe anemia in homozygous alpha (+)- thalassemia trait subjects.
42,4,27162821,False,NOINFO,NOINFO,False,0.9996565580368042,0.00012482164311222732,0.00021864134760107845,A high microerythrocyte count raises vulnerability to severe anemia in homozygous alpha (+)- thalassemia trait subjects.
42,5,4449524,False,NOINFO,NOINFO,False,0.9997079968452454,9.552224219078198e-05,0.0001963821123354137,A high microerythrocyte count raises vulnerability to severe anemia in homozygous alpha (+)- thalassemia trait subjects.
42,6,10128893,False,NOINFO,NOINFO,False,0.9997337460517883,8.680653263581917e-05,0.00017951239715330303,A high microerythrocyte count raises vulnerability to severe anemia in homozygous alpha (+)- thalassemia trait subjects.
42,7,6315132,False,NOINFO,NOINFO,False,0.9997182488441467,0.00010532235319260508,0.00017638174176681787,A high microerythrocyte count raises vulnerability to severe anemia in homozygous alpha (+)- thalassemia trait subjects.
42,8,24042919,False,NOINFO,NOINFO,False,0.999687671661377,8.990845526568592e-05,0.00022252554481383413,A high microerythrocyte count raises vulnerability to severe anemia in homozygous alpha (+)- thalassemia trait subjects.
42,9,32481310,False,NOINFO,NOINFO,False,0.9997043013572693,9.459360444452614e-05,0.00020103843417018652,A high microerythrocyte count raises vulnerability to severe anemia in homozygous alpha (+)- thalassemia trait subjects.
42,10,24049225,False,NOINFO,NOINFO,False,0.9996073842048645,9.257400961359963e-05,0.0003000021679326892,A high microerythrocyte count raises vulnerability to severe anemia in homozygous alpha (+)- thalassemia trait subjects.
48,1,11349166,False,NOINFO,NOINFO,False,0.9965856075286865,0.0008929336327128112,0.0025214720517396927,"A total of 1,000 people in the UK are asymptomatic carriers of vCJD infection."
48,2,24512064,False,NOINFO,NOINFO,False,0.9996864795684814,8.920866821426898e-05,0.0002242705668322742,"A total of 1,000 people in the UK are asymptomatic carriers of vCJD infection."
48,3,3698758,False,NOINFO,NOINFO,False,0.9997068047523499,9.132605191553012e-05,0.00020182578009553254,"A total of 1,000 people in the UK are asymptomatic carriers of vCJD infection."
48,4,23203102,False,NOINFO,NOINFO,False,0.9996951818466187,0.00010069343989016488,0.00020420245709829032,"A total of 1,000 people in the UK are asymptomatic carriers of vCJD infection."
48,5,13322804,False,NOINFO,NOINFO,False,0.9997093081474304,9.913374378811568e-05,0.00019145886471960694,"A total of 1,000 people in the UK are asymptomatic carriers of vCJD infection."
48,6,46353045,False,NOINFO,NOINFO,False,0.9997323155403137,9.441166912438348e-05,0.00017331080744042993,"A total of 1,000 people in the UK are asymptomatic carriers of vCJD infection."
48,7,46355579,False,NOINFO,NOINFO,False,0.9996975660324097,9.061450691660866e-05,0.00021192313579376787,"A total of 1,000 people in the UK are asymptomatic carriers of vCJD infection."
48,8,29955650,False,NOINFO,NOINFO,False,0.9996836185455322,0.00010069227573694661,0.00021567827207036316,"A total of 1,000 people in the UK are asymptomatic carriers of vCJD infection."
48,9,21884059,False,NOINFO,NOINFO,False,0.9996893405914307,0.0001065607721102424,0.0002042012638412416,"A total of 1,000 people in the UK are asymptomatic carriers of vCJD infection."
48,10,18617259,False,NOINFO,SUPPORTS,False,0.0010543257230892777,0.9679370522499084,0.031008591875433922,"A total of 1,000 people in the UK are asymptomatic carriers of vCJD infection."
49,1,5953485,True,SUPPORTS,SUPPORTS,True,0.0019235718064010143,0.9974084496498108,0.0006680224905721843,ADAR1 binds to Dicer to cleave pre-miRNA.
49,2,23913146,False,NOINFO,NOINFO,False,0.9996722936630249,0.00015810030163265765,0.00016961686196736991,ADAR1 binds to Dicer to cleave pre-miRNA.
49,3,5702790,False,NOINFO,NOINFO,False,0.9995953440666199,0.00019445171346887946,0.00021025245951022953,ADAR1 binds to Dicer to cleave pre-miRNA.
49,4,8006440,False,NOINFO,NOINFO,False,0.9996428489685059,0.00016796356067061424,0.00018921570153906941,ADAR1 binds to Dicer to cleave pre-miRNA.
49,5,12652963,False,NOINFO,NOINFO,False,0.9993836879730225,0.000349975423887372,0.0002662472543306649,ADAR1 binds to Dicer to cleave pre-miRNA.
49,6,2619579,False,NOINFO,NOINFO,False,0.9996620416641235,0.00017195001419167966,0.0001660099223954603,ADAR1 binds to Dicer to cleave pre-miRNA.
49,7,7029990,False,NOINFO,NOINFO,False,0.9995996356010437,0.0001787885557860136,0.00022163847461342812,ADAR1 binds to Dicer to cleave pre-miRNA.
49,8,153744,False,NOINFO,NOINFO,False,0.9996743202209473,0.00012385245645418763,0.00020181921718176454,ADAR1 binds to Dicer to cleave pre-miRNA.
49,9,13964633,False,NOINFO,NOINFO,False,0.9996035695075989,0.0001615226356079802,0.00023501404211856425,ADAR1 binds to Dicer to cleave pre-miRNA.
49,10,1333643,False,NOINFO,NOINFO,False,0.9996762275695801,0.00017431951710022986,0.0001493948802817613,ADAR1 binds to Dicer to cleave pre-miRNA.
50,1,12580014,True,SUPPORTS,SUPPORTS,True,0.0007460747146978974,0.9985350370407104,0.0007188958115875721,AIRE is expressed in some skin tumors.
50,2,25738896,False,NOINFO,SUPPORTS,False,0.0021515025291591883,0.997087299823761,0.0007611719192937016,AIRE is expressed in some skin tumors.
50,3,39559521,False,NOINFO,NOINFO,False,0.9997159838676453,0.00010930397547781467,0.00017466726421844214,AIRE is expressed in some skin tumors.
50,4,36950726,False,NOINFO,NOINFO,False,0.9996980428695679,0.0001262982259504497,0.00017569054034538567,AIRE is expressed in some skin tumors.
50,5,12489130,False,NOINFO,NOINFO,False,0.9997093081474304,0.00011499715765239671,0.00017569253395777196,AIRE is expressed in some skin tumors.
50,6,13989491,False,NOINFO,NOINFO,False,0.9994223117828369,0.0002565579197835177,0.00032116787042468786,AIRE is expressed in some skin tumors.
50,7,29124963,False,NOINFO,NOINFO,False,0.9997068047523499,8.697390148881823e-05,0.00020620878785848618,AIRE is expressed in some skin tumors.
50,8,23599024,False,NOINFO,NOINFO,False,0.9996922016143799,0.00010718729754444212,0.00020064371346961707,AIRE is expressed in some skin tumors.
50,9,15707049,False,NOINFO,NOINFO,False,0.9992557168006897,0.00030107039492577314,0.0004432185087352991,AIRE is expressed in some skin tumors.
50,10,18488986,False,NOINFO,SUPPORTS,False,0.0006775692454539239,0.9979252815246582,0.0013970871223136783,AIRE is expressed in some skin tumors.
51,1,45638119,True,REFUTES,SUPPORTS,False,0.0008453400805592537,0.998448371887207,0.0007063081138767302,ALDH1 expression is associated with better breast cancer outcomes.
51,2,15721252,False,NOINFO,NOINFO,False,0.9995878338813782,0.00019867309310939163,0.0002135618415195495,ALDH1 expression is associated with better breast cancer outcomes.
51,3,7821634,False,NOINFO,NOINFO,False,0.9996856451034546,0.00015534755948465317,0.0001590315077919513,ALDH1 expression is associated with better breast cancer outcomes.
51,4,14180565,False,NOINFO,NOINFO,False,0.9997120499610901,0.00012122452608309686,0.00016666800365783274,ALDH1 expression is associated with better breast cancer outcomes.
51,5,13519661,False,NOINFO,NOINFO,False,0.9996732473373413,0.00014367121912073344,0.00018304187688045204,ALDH1 expression is associated with better breast cancer outcomes.
51,6,5649538,False,NOINFO,NOINFO,False,0.9996894598007202,0.0001341802708338946,0.00017637666314840317,ALDH1 expression is associated with better breast cancer outcomes.
51,7,18340282,False,NOINFO,NOINFO,False,0.999503493309021,0.00026061933021992445,0.0002359102654736489,ALDH1 expression is associated with better breast cancer outcomes.
51,8,16734530,False,NOINFO,NOINFO,False,0.999669075012207,0.00015564868226647377,0.00017534266225993633,ALDH1 expression is associated with better breast cancer outcomes.
51,9,24249915,False,NOINFO,NOINFO,False,0.9996843338012695,0.00012605007214006037,0.0001895935129141435,ALDH1 expression is associated with better breast cancer outcomes.
51,10,4418878,False,NOINFO,NOINFO,False,0.9996070265769958,0.00021066595218144357,0.00018231617286801338,ALDH1 expression is associated with better breast cancer outcomes.
53,1,45638119,True,SUPPORTS,SUPPORTS,True,0.0008603331516496837,0.9984509944915771,0.0006886020419187844,ALDH1 expression is associated with poorer prognosis in breast cancer.
53,2,7821634,False,NOINFO,NOINFO,False,0.9996893405914307,0.00015779450768604875,0.00015293968317564577,ALDH1 expression is associated with poorer prognosis in breast cancer.
53,3,14180565,False,NOINFO,NOINFO,False,0.999716579914093,0.00011477359657874331,0.0001686333998804912,ALDH1 expression is associated with poorer prognosis in breast cancer.
53,4,15721252,False,NOINFO,NOINFO,False,0.9995778203010559,0.00019255865481682122,0.00022956404427532107,ALDH1 expression is associated with poorer prognosis in breast cancer.
53,5,24834968,False,NOINFO,NOINFO,False,0.9996441602706909,0.0001699436834314838,0.0001859189651440829,ALDH1 expression is associated with poorer prognosis in breast cancer.
53,6,4820792,False,NOINFO,NOINFO,False,0.9996788501739502,0.00013709279301110655,0.0001841185730881989,ALDH1 expression is associated with poorer prognosis in breast cancer.
53,7,4418878,False,NOINFO,NOINFO,False,0.9996482133865356,0.00017984796431846917,0.00017194764222949743,ALDH1 expression is associated with poorer prognosis in breast cancer.
53,8,5649538,False,NOINFO,NOINFO,False,0.9996871948242188,0.00013158470392227173,0.00018126559734810144,ALDH1 expression is associated with poorer prognosis in breast cancer.
53,9,24249915,False,NOINFO,NOINFO,False,0.9996756315231323,0.0001221708516823128,0.0002022140397457406,ALDH1 expression is associated with poorer prognosis in breast cancer.
53,10,16734530,False,NOINFO,NOINFO,False,0.999680757522583,0.00014395317703019828,0.00017534471407998353,ALDH1 expression is associated with poorer prognosis in breast cancer.
54,1,49556906,True,REFUTES,SUPPORTS,False,0.0006131244590505958,0.9878969192504883,0.011489996686577797,AMP-activated protein kinase (AMPK) activation increases inflammation-related fibrosis in the lungs.
54,2,24721866,False,NOINFO,NOINFO,False,0.9996040463447571,0.0001250591012649238,0.000271028489805758,AMP-activated protein kinase (AMPK) activation increases inflammation-related fibrosis in the lungs.
54,3,1590744,False,NOINFO,NOINFO,False,0.9997192025184631,9.589717956259847e-05,0.00018484664906281978,AMP-activated protein kinase (AMPK) activation increases inflammation-related fibrosis in the lungs.
54,4,3419709,False,NOINFO,NOINFO,False,0.9997068047523499,9.759656677488238e-05,0.00019561624503694475,AMP-activated protein kinase (AMPK) activation increases inflammation-related fibrosis in the lungs.
54,5,3973445,False,NOINFO,NOINFO,False,0.9995742440223694,0.00013495325401891023,0.0002907624584622681,AMP-activated protein kinase (AMPK) activation increases inflammation-related fibrosis in the lungs.
54,6,38533515,False,NOINFO,NOINFO,False,0.9997081160545349,9.477890125708655e-05,0.00019715075904969126,AMP-activated protein kinase (AMPK) activation increases inflammation-related fibrosis in the lungs.
54,7,22621251,False,NOINFO,NOINFO,False,0.9996138215065002,0.00015747472934890538,0.00022867729421705008,AMP-activated protein kinase (AMPK) activation increases inflammation-related fibrosis in the lungs.
54,8,5172048,False,NOINFO,NOINFO,False,0.9995594620704651,0.00010971459414577112,0.00033076165709644556,AMP-activated protein kinase (AMPK) activation increases inflammation-related fibrosis in the lungs.
54,9,23509113,False,NOINFO,NOINFO,False,0.9997144341468811,9.855507960310206e-05,0.00018702469242271036,AMP-activated protein kinase (AMPK) activation increases inflammation-related fibrosis in the lungs.
54,10,26025820,False,NOINFO,NOINFO,False,0.9996335506439209,0.00015203766815830022,0.0002144075115211308,AMP-activated protein kinase (AMPK) activation increases inflammation-related fibrosis in the lungs.
56,1,4709641,True,SUPPORTS,SUPPORTS,True,0.001191574614495039,0.9979910850524902,0.0008173584355972707,APOE4 expression in iPSC-derived neurons increases AlphaBeta production and tau phosphorylation causing GABA neuron degeneration.
56,2,22185730,False,NOINFO,NOINFO,False,0.9996227025985718,0.00014764648221898824,0.00022957436158321798,APOE4 expression in iPSC-derived neurons increases AlphaBeta production and tau phosphorylation causing GABA neuron degeneration.
56,3,22116439,False,NOINFO,NOINFO,False,0.9996141195297241,0.00015624928346369416,0.00022957238252274692,APOE4 expression in iPSC-derived neurons increases AlphaBeta production and tau phosphorylation causing GABA neuron degeneration.
56,4,15347087,False,NOINFO,NOINFO,False,0.999415397644043,0.0002817718486767262,0.000302888045553118,APOE4 expression in iPSC-derived neurons increases AlphaBeta production and tau phosphorylation causing GABA neuron degeneration.
56,5,6492658,False,NOINFO,NOINFO,False,0.999610960483551,0.00010993475007126108,0.00027908815536648035,APOE4 expression in iPSC-derived neurons increases AlphaBeta production and tau phosphorylation causing GABA neuron degeneration.
56,6,4459491,False,NOINFO,NOINFO,False,0.9994438290596008,0.0002878991945181042,0.00026835157768800855,APOE4 expression in iPSC-derived neurons increases AlphaBeta production and tau phosphorylation causing GABA neuron degeneration.
56,7,26336593,False,NOINFO,NOINFO,False,0.9996469020843506,0.00015293319302145392,0.00020024317200295627,APOE4 expression in iPSC-derived neurons increases AlphaBeta production and tau phosphorylation causing GABA neuron degeneration.
56,8,13921783,False,NOINFO,NOINFO,False,0.9996102452278137,0.00013469478290062398,0.00025510703562758863,APOE4 expression in iPSC-derived neurons increases AlphaBeta production and tau phosphorylation causing GABA neuron degeneration.
56,9,3140772,False,NOINFO,NOINFO,False,0.9994426369667053,0.00021689344430342317,0.0003405554743949324,APOE4 expression in iPSC-derived neurons increases AlphaBeta production and tau phosphorylation causing GABA neuron degeneration.
56,10,13814480,False,NOINFO,NOINFO,False,0.9996505975723267,0.00017127767205238342,0.00017810059944167733,APOE4 expression in iPSC-derived neurons increases AlphaBeta production and tau phosphorylation causing GABA neuron degeneration.
57,1,4709641,True,REFUTES,SUPPORTS,False,0.000908411224372685,0.9981414079666138,0.0009501491440460086,"APOE4 expression in iPSC-derived neurons increases AlphaBeta production and tau phosphorylation, delaying GABA neuron degeneration."
57,2,22185730,False,NOINFO,NOINFO,False,0.9996304512023926,0.0001535292249172926,0.00021608844690490514,"APOE4 expression in iPSC-derived neurons increases AlphaBeta production and tau phosphorylation, delaying GABA neuron degeneration."
57,3,22116439,False,NOINFO,NOINFO,False,0.9995543360710144,0.00020417370251379907,0.0002415169874439016,"APOE4 expression in iPSC-derived neurons increases AlphaBeta production and tau phosphorylation, delaying GABA neuron degeneration."
57,4,15347087,False,NOINFO,NOINFO,False,0.9995102882385254,0.00024245156964752823,0.0002472334890626371,"APOE4 expression in iPSC-derived neurons increases AlphaBeta production and tau phosphorylation, delaying GABA neuron degeneration."
57,5,3140772,False,NOINFO,NOINFO,False,0.9992666840553284,0.00030881603015586734,0.00042458195821382105,"APOE4 expression in iPSC-derived neurons increases AlphaBeta production and tau phosphorylation, delaying GABA neuron degeneration."
57,6,6492658,False,NOINFO,NOINFO,False,0.9996095299720764,0.0001163410852313973,0.00027422475977800786,"APOE4 expression in iPSC-derived neurons increases AlphaBeta production and tau phosphorylation, delaying GABA neuron degeneration."
57,7,4459491,False,NOINFO,NOINFO,False,0.9994194507598877,0.0003294259950052947,0.00025110403657890856,"APOE4 expression in iPSC-derived neurons increases AlphaBeta production and tau phosphorylation, delaying GABA neuron degeneration."
57,8,26336593,False,NOINFO,NOINFO,False,0.9996364116668701,0.00015778615488670766,0.00020579191914293915,"APOE4 expression in iPSC-derived neurons increases AlphaBeta production and tau phosphorylation, delaying GABA neuron degeneration."
57,9,13814480,False,NOINFO,NOINFO,False,0.9996503591537476,0.00018592011474538594,0.0001637537934584543,"APOE4 expression in iPSC-derived neurons increases AlphaBeta production and tau phosphorylation, delaying GABA neuron degeneration."
57,10,11250124,False,NOINFO,NOINFO,False,0.9996141195297241,0.00011276216537225991,0.0002731569402385503,"APOE4 expression in iPSC-derived neurons increases AlphaBeta production and tau phosphorylation, delaying GABA neuron degeneration."
70,1,5956380,True,SUPPORTS,SUPPORTS,True,0.0011022702092304826,0.9982119798660278,0.0006857532425783575,Activation of PPM1D suppresses p53 function.
70,2,4414547,True,SUPPORTS,SUPPORTS,True,0.38810423016548157,0.6046400666236877,0.007255660369992256,Activation of PPM1D suppresses p53 function.
70,3,9169645,False,NOINFO,NOINFO,False,0.9995967745780945,8.578344568377361e-05,0.0003174815501552075,Activation of PPM1D suppresses p53 function.
70,4,35684881,False,NOINFO,NOINFO,False,0.9996562004089355,8.973019430413842e-05,0.0002541241701692343,Activation of PPM1D suppresses p53 function.
70,5,27949347,False,NOINFO,NOINFO,False,0.9996753931045532,9.951835818355903e-05,0.00022514584998134524,Activation of PPM1D suppresses p53 function.
70,6,21557055,False,NOINFO,NOINFO,False,0.9995483756065369,0.00010696276149246842,0.00034460629103705287,Activation of PPM1D suppresses p53 function.
70,7,41710132,False,NOINFO,NOINFO,False,0.9995841383934021,0.00013842503540217876,0.00027745022089220583,Activation of PPM1D suppresses p53 function.
70,8,28107602,False,NOINFO,NOINFO,False,0.9996733665466309,0.00010635115177137777,0.00022035985602997243,Activation of PPM1D suppresses p53 function.
70,9,21307488,False,NOINFO,NOINFO,False,0.9995947480201721,0.00015173513384070247,0.00025361269945278764,Activation of PPM1D suppresses p53 function.
70,10,43880096,False,NOINFO,NOINFO,False,0.9997039437294006,8.413326577283442e-05,0.00021192450367379934,Activation of PPM1D suppresses p53 function.
100,1,4381486,True,SUPPORTS,SUPPORTS,True,0.001561484532430768,0.9968709349632263,0.0015675958711653948,All hematopoietic stem cells segregate their chromosomes randomly.
100,2,14550841,False,NOINFO,NOINFO,False,0.9985557198524475,0.0012181407073512673,0.00022621528478339314,All hematopoietic stem cells segregate their chromosomes randomly.
100,3,13116880,False,NOINFO,NOINFO,False,0.9997275471687317,0.00013262209540698677,0.00013980353833176196,All hematopoietic stem cells segregate their chromosomes randomly.
100,4,92499,False,NOINFO,NOINFO,False,0.9996738433837891,0.00014451560855377465,0.00018161754996981472,All hematopoietic stem cells segregate their chromosomes randomly.
100,5,4421787,False,NOINFO,NOINFO,False,0.9989051818847656,0.0008657826692797244,0.00022896194423083216,All hematopoietic stem cells segregate their chromosomes randomly.
100,6,5415832,False,NOINFO,NOINFO,False,0.9997250437736511,0.0001258092379430309,0.00014911065227352083,All hematopoietic stem cells segregate their chromosomes randomly.
100,7,30714190,False,NOINFO,NOINFO,False,0.9996145963668823,0.00016665176372043788,0.00021863217989448458,All hematopoietic stem cells segregate their chromosomes randomly.
100,8,3391547,False,NOINFO,NOINFO,False,0.999697208404541,0.00015595737204421312,0.00014679481682833284,All hematopoietic stem cells segregate their chromosomes randomly.
100,9,5782614,False,NOINFO,NOINFO,False,0.9997079968452454,0.00014311607810668647,0.00014881716924719512,All hematopoietic stem cells segregate their chromosomes randomly.
100,10,25516011,False,NOINFO,NOINFO,False,0.9995386600494385,0.0002611379895824939,0.00020022147509735078,All hematopoietic stem cells segregate their chromosomes randomly.
113,1,6157837,True,SUPPORTS,SUPPORTS,True,0.001253860304132104,0.9962132573127747,0.0025328672491014004,Angiotensin converting enzyme inhibitors are associated with increased risk for functional renal insufficiency.
113,2,25816994,False,NOINFO,SUPPORTS,False,0.10917489230632782,0.8883684873580933,0.0024565591011196375,Angiotensin converting enzyme inhibitors are associated with increased risk for functional renal insufficiency.
113,3,14584755,False,NOINFO,NOINFO,False,0.9996843338012695,0.0001612204941920936,0.0001544397819088772,Angiotensin converting enzyme inhibitors are associated with increased risk for functional renal insufficiency.
113,4,1759213,False,NOINFO,NOINFO,False,0.9986250400543213,0.0012052088277414441,0.00016977042832877487,Angiotensin converting enzyme inhibitors are associated with increased risk for functional renal insufficiency.
113,5,44030361,False,NOINFO,NOINFO,False,0.9994086027145386,0.0004221613926347345,0.0001692412479314953,Angiotensin converting enzyme inhibitors are associated with increased risk for functional renal insufficiency.
113,6,10072941,False,NOINFO,NOINFO,False,0.9996132254600525,0.00022337984410114586,0.00016342817980330437,Angiotensin converting enzyme inhibitors are associated with increased risk for functional renal insufficiency.
113,7,3825750,False,NOINFO,NOINFO,False,0.9997019171714783,0.00015687460836488754,0.00014117188402451575,Angiotensin converting enzyme inhibitors are associated with increased risk for functional renal insufficiency.
113,8,40790033,False,NOINFO,NOINFO,False,0.9997056126594543,0.0001479473867220804,0.00014650961384177208,Angiotensin converting enzyme inhibitors are associated with increased risk for functional renal insufficiency.
113,9,27428509,False,NOINFO,NOINFO,False,0.9996838569641113,0.00015174865256994963,0.0001644002040848136,Angiotensin converting enzyme inhibitors are associated with increased risk for functional renal insufficiency.
113,10,14121786,False,NOINFO,NOINFO,False,0.9997431635856628,0.00011681205069180578,0.00014007904974278063,Angiotensin converting enzyme inhibitors are associated with increased risk for functional renal insufficiency.
115,1,33872649,True,REFUTES,SUPPORTS,False,0.037426598370075226,0.9613202214241028,0.0012532365508377552,Anthrax spores can be disposed of easily after they are dispersed.
115,2,8069939,False,NOINFO,NOINFO,False,0.999679684638977,0.0001224102161359042,0.00019791674276348203,Anthrax spores can be disposed of easily after they are dispersed.
115,3,10314816,False,NOINFO,NOINFO,False,0.9996826648712158,0.0001163495981018059,0.000201034068595618,Anthrax spores can be disposed of easily after they are dispersed.
115,4,46602807,False,NOINFO,NOINFO,False,0.9996625185012817,0.00012678805796895176,0.00021067765192128718,Anthrax spores can be disposed of easily after they are dispersed.
115,5,30844602,False,NOINFO,NOINFO,False,0.9997071623802185,0.00011612541857175529,0.00017672461399342865,Anthrax spores can be disposed of easily after they are dispersed.
115,6,695938,False,NOINFO,NOINFO,False,0.999661922454834,0.000163755685207434,0.0001743170287227258,Anthrax spores can be disposed of easily after they are dispersed.
115,7,4999387,False,NOINFO,NOINFO,False,0.9997285008430481,0.00011124371667392552,0.00016028569370973855,Anthrax spores can be disposed of easily after they are dispersed.
115,8,35768199,False,NOINFO,NOINFO,False,0.9997027516365051,0.00011522122076712549,0.00018197788449469954,Anthrax spores can be disposed of easily after they are dispersed.
115,9,10982689,False,NOINFO,NOINFO,False,0.9997232556343079,0.00013497337931767106,0.00014172741794027388,Anthrax spores can be disposed of easily after they are dispersed.
115,10,31460499,False,NOINFO,NOINFO,False,0.9997280240058899,9.759864042280242e-05,0.00017432855383958668,Anthrax spores can be disposed of easily after they are dispersed.
118,1,4465735,False,NOINFO,REFUTES,False,0.0020093510393053293,0.000898637343198061,0.9970920085906982,Antibiotic induced alterations in the gut microbiome reduce resistance against Clostridium difficile
118,2,6372244,True,SUPPORTS,SUPPORTS,True,0.0008673922857269645,0.9968607425689697,0.0022719232365489006,Antibiotic induced alterations in the gut microbiome reduce resistance against Clostridium difficile
118,3,41165286,False,NOINFO,NOINFO,False,0.9997320771217346,9.552454139338806e-05,0.0001722982560750097,Antibiotic induced alterations in the gut microbiome reduce resistance against Clostridium difficile
118,4,2604063,False,NOINFO,NOINFO,False,0.9995575547218323,0.00025212165201082826,0.00019031141710001975,Antibiotic induced alterations in the gut microbiome reduce resistance against Clostridium difficile
118,5,52805891,False,NOINFO,NOINFO,False,0.9995483756065369,0.00011633396934485063,0.0003353111387696117,Antibiotic induced alterations in the gut microbiome reduce resistance against Clostridium difficile
118,6,4492358,False,NOINFO,NOINFO,False,0.9996496438980103,0.00014338750042952597,0.0002070040354738012,Antibiotic induced alterations in the gut microbiome reduce resistance against Clostridium difficile
118,7,15578265,False,NOINFO,NOINFO,False,0.9995219707489014,0.0001672884973231703,0.0003107101656496525,Antibiotic induced alterations in the gut microbiome reduce resistance against Clostridium difficile
118,8,42800527,False,NOINFO,NOINFO,False,0.9996994733810425,8.990951755549759e-05,0.00021068543719593436,Antibiotic induced alterations in the gut microbiome reduce resistance against Clostridium difficile
118,9,26702468,False,NOINFO,NOINFO,False,0.9997286200523376,0.00013133340689819306,0.00014007701247464865,Antibiotic induced alterations in the gut microbiome reduce resistance against Clostridium difficile
118,10,21956124,False,NOINFO,NOINFO,False,0.9995104074478149,0.00029997306410223246,0.0001895605237223208,Antibiotic induced alterations in the gut microbiome reduce resistance against Clostridium difficile
124,1,4883040,True,SUPPORTS,SUPPORTS,True,0.0008778822375461459,0.9836218953132629,0.015500171110033989,Antiretroviral therapy reduces rates of tuberculosis across a broad range of CD4 strata.
124,2,7111021,False,NOINFO,NOINFO,False,0.9994452595710754,0.00037769851041957736,0.00017702374316286296,Antiretroviral therapy reduces rates of tuberculosis across a broad range of CD4 strata.
124,3,21479231,False,NOINFO,NOINFO,False,0.9997062087059021,0.00013133046741131693,0.00016248851898126304,Antiretroviral therapy reduces rates of tuberculosis across a broad range of CD4 strata.
124,4,31363207,False,NOINFO,NOINFO,False,0.9996838569641113,0.00013056026364210993,0.00018556354916654527,Antiretroviral therapy reduces rates of tuberculosis across a broad range of CD4 strata.
124,5,4246523,False,NOINFO,NOINFO,False,0.999722421169281,0.00011726679804269224,0.00016028471873141825,Antiretroviral therapy reduces rates of tuberculosis across a broad range of CD4 strata.
124,6,22414304,False,NOINFO,NOINFO,False,0.9997097849845886,0.00010994562762789428,0.0001802106708055362,Antiretroviral therapy reduces rates of tuberculosis across a broad range of CD4 strata.
124,7,341324,False,NOINFO,NOINFO,False,0.9997279047966003,0.00010573559120530263,0.00016634544590488076,Antiretroviral therapy reduces rates of tuberculosis across a broad range of CD4 strata.
124,8,21878751,False,NOINFO,NOINFO,False,0.9997507929801941,9.89444088190794e-05,0.00015028401685412973,Antiretroviral therapy reduces rates of tuberculosis across a broad range of CD4 strata.
124,9,8294009,False,NOINFO,NOINFO,False,0.9997051358222961,0.00014536941307596862,0.00014939920220058411,Antiretroviral therapy reduces rates of tuberculosis across a broad range of CD4 strata.
124,10,5284188,False,NOINFO,NOINFO,False,0.9996819496154785,0.00011703324707923457,0.00020103393762838095,Antiretroviral therapy reduces rates of tuberculosis across a broad range of CD4 strata.
129,1,27768226,True,REFUTES,REFUTES,True,0.0033278665505349636,0.0009151345584541559,0.9957570433616638,Articles published in open access format are less likely to be cited than traditional journals.
129,2,16979690,False,NOINFO,NOINFO,False,0.9986808896064758,0.00016232185589615256,0.0011568411719053984,Articles published in open access format are less likely to be cited than traditional journals.
129,3,6477536,False,NOINFO,NOINFO,False,0.9983170032501221,0.0001806639484129846,0.001502375234849751,Articles published in open access format are less likely to be cited than traditional journals.
129,4,22711954,False,NOINFO,NOINFO,False,0.9987083673477173,0.00013248689356260002,0.0011591346701607108,Articles published in open access format are less likely to be cited than traditional journals.
129,5,39652608,False,NOINFO,NOINFO,False,0.9995468258857727,0.00012049639190081507,0.0003327011945657432,Articles published in open access format are less likely to be cited than traditional journals.
129,6,11288846,False,NOINFO,NOINFO,False,0.9995139837265015,0.00014142126019578427,0.000344594445778057,Articles published in open access format are less likely to be cited than traditional journals.
129,7,4688277,False,NOINFO,NOINFO,False,0.9991945624351501,0.00013891267008148134,0.0006666097324341536,Articles published in open access format are less likely to be cited than traditional journals.
129,8,8042158,False,NOINFO,NOINFO,False,0.9994117021560669,0.00010426683002151549,0.00048401192179881036,Articles published in open access format are less likely to be cited than traditional journals.
129,9,790598,False,NOINFO,NOINFO,False,0.9989796280860901,0.00019662268459796906,0.000823780195787549,Articles published in open access format are less likely to be cited than traditional journals.
129,10,7547329,False,NOINFO,NOINFO,False,0.9993919134140015,0.00012975960271432996,0.0004783635667990893,Articles published in open access format are less likely to be cited than traditional journals.
130,1,27768226,True,SUPPORTS,SUPPORTS,True,0.010622468777000904,0.9865573048591614,0.0028201767709106207,Articles published in open access format are more likely to be cited than traditional journals.
130,2,16979690,False,NOINFO,NOINFO,False,0.9996658563613892,0.0001547388528706506,0.00017950020264834166,Articles published in open access format are more likely to be cited than traditional journals.
130,3,11288846,False,NOINFO,NOINFO,False,0.9997007846832275,0.00014536877279169858,0.00015384018479380757,Articles published in open access format are more likely to be cited than traditional journals.
130,4,8042158,False,NOINFO,NOINFO,False,0.9996899366378784,0.00013365723134484142,0.0001763767359079793,Articles published in open access format are more likely to be cited than traditional journals.
130,5,22711954,False,NOINFO,NOINFO,False,0.9997078776359558,0.00011432514293119311,0.0001777632860466838,Articles published in open access format are more likely to be cited than traditional journals.
130,6,39652608,False,NOINFO,NOINFO,False,0.9996954202651978,0.0001395262370351702,0.0001650455524213612,Articles published in open access format are more likely to be cited than traditional journals.
130,7,7547329,False,NOINFO,NOINFO,False,0.9997027516365051,0.00013081800716463476,0.00016634126950521022,Articles published in open access format are more likely to be cited than traditional journals.
130,8,790598,False,NOINFO,NOINFO,False,0.9996399879455566,0.00017984648002311587,0.00018019808339886367,Articles published in open access format are more likely to be cited than traditional journals.
130,9,7074001,False,NOINFO,NOINFO,False,0.9996078610420227,0.00017948978347703815,0.00021273350284900516,Articles published in open access format are more likely to be cited than traditional journals.
130,10,6319826,False,NOINFO,NOINFO,False,0.9997239708900452,0.00011567462934181094,0.00016028496611397713,Articles published in open access format are more likely to be cited than traditional journals.
133,1,16280642,True,SUPPORTS,NOINFO,False,0.9861700534820557,0.013498371466994286,0.0003314699570182711,"Assembly of invadopodia is triggered by focal generation of phosphatidylinositol-3,4-biphosphate and the activation of the nonreceptor tyrosine kinase Src."
133,2,86694016,False,NOINFO,NOINFO,False,0.999035120010376,0.0006080446764826775,0.00035675353137776256,"Assembly of invadopodia is triggered by focal generation of phosphatidylinositol-3,4-biphosphate and the activation of the nonreceptor tyrosine kinase Src."
133,3,17934082,False,NOINFO,NOINFO,False,0.9993017911911011,0.0004519810318015516,0.00024621826014481485,"Assembly of invadopodia is triggered by focal generation of phosphatidylinositol-3,4-biphosphate and the activation of the nonreceptor tyrosine kinase Src."
133,4,12640810,False,NOINFO,NOINFO,False,0.9991612434387207,0.000454573193565011,0.0003842872101813555,"Assembly of invadopodia is triggered by focal generation of phosphatidylinositol-3,4-biphosphate and the activation of the nonreceptor tyrosine kinase Src."
133,5,22767022,False,NOINFO,NOINFO,False,0.999055802822113,0.0006743738777004182,0.00026982376584783196,"Assembly of invadopodia is triggered by focal generation of phosphatidylinositol-3,4-biphosphate and the activation of the nonreceptor tyrosine kinase Src."
133,6,14328288,False,NOINFO,NOINFO,False,0.9995455145835876,0.00023500040697399527,0.00021947269851807505,"Assembly of invadopodia is triggered by focal generation of phosphatidylinositol-3,4-biphosphate and the activation of the nonreceptor tyrosine kinase Src."
133,7,6492658,False,NOINFO,NOINFO,False,0.9994938373565674,0.00021479664428625256,0.0002913074567914009,"Assembly of invadopodia is triggered by focal generation of phosphatidylinositol-3,4-biphosphate and the activation of the nonreceptor tyrosine kinase Src."
133,8,38485364,False,NOINFO,NOINFO,False,0.999538779258728,0.00022162498498801142,0.00023963373678270727,"Assembly of invadopodia is triggered by focal generation of phosphatidylinositol-3,4-biphosphate and the activation of the nonreceptor tyrosine kinase Src."
133,9,39291138,False,NOINFO,NOINFO,False,0.9994887113571167,0.00019443097698967904,0.00031682781991548836,"Assembly of invadopodia is triggered by focal generation of phosphatidylinositol-3,4-biphosphate and the activation of the nonreceptor tyrosine kinase Src."
133,10,25623469,False,NOINFO,NOINFO,False,0.999531626701355,0.00018662562069948763,0.0002818046195898205,"Assembly of invadopodia is triggered by focal generation of phosphatidylinositol-3,4-biphosphate and the activation of the nonreceptor tyrosine kinase Src."
137,1,26016929,True,SUPPORTS,REFUTES,False,0.0008317955071106553,0.0012462364975363016,0.9979220032691956,Asymptomatic visual impairment screening in elderly populations does not lead to improved vision.
137,2,457630,False,NOINFO,NOINFO,False,0.9994433522224426,0.00018264271784573793,0.00037402729503810406,Asymptomatic visual impairment screening in elderly populations does not lead to improved vision.
137,3,24735908,False,NOINFO,NOINFO,False,0.9996961355209351,7.78099347371608e-05,0.00022603172692470253,Asymptomatic visual impairment screening in elderly populations does not lead to improved vision.
137,4,21914176,False,NOINFO,NOINFO,False,0.999626636505127,8.920332766138017e-05,0.0002840418310370296,Asymptomatic visual impairment screening in elderly populations does not lead to improved vision.
137,5,31208367,False,NOINFO,NOINFO,False,0.9996300935745239,8.528511534677818e-05,0.0002845981507562101,Asymptomatic visual impairment screening in elderly populations does not lead to improved vision.
137,6,40735046,False,NOINFO,NOINFO,False,0.9996101260185242,7.856676529627293e-05,0.0003113450657110661,Asymptomatic visual impairment screening in elderly populations does not lead to improved vision.
137,7,10536636,False,NOINFO,NOINFO,False,0.999567449092865,0.00016470243281219155,0.0002678610908333212,Asymptomatic visual impairment screening in elderly populations does not lead to improved vision.
137,8,11880289,False,NOINFO,NOINFO,False,0.9996194839477539,7.87211101851426e-05,0.00030176882864907384,Asymptomatic visual impairment screening in elderly populations does not lead to improved vision.
137,9,10893238,False,NOINFO,NOINFO,False,0.9996682405471802,9.1679954493884e-05,0.0002401333476882428,Asymptomatic visual impairment screening in elderly populations does not lead to improved vision.
137,10,4530659,False,NOINFO,NOINFO,False,0.9996703863143921,0.00011521748820086941,0.0002144154132110998,Asymptomatic visual impairment screening in elderly populations does not lead to improved vision.
141,1,14437255,True,SUPPORTS,SUPPORTS,True,0.0050963605754077435,0.7345293164253235,0.26037439703941345,Auditory entrainment is strengthened when people see congruent visual and auditory information.
141,2,38794814,False,NOINFO,NOINFO,False,0.9996505975723267,0.0001349635567748919,0.00021441116405185312,Auditory entrainment is strengthened when people see congruent visual and auditory information.
141,3,313394,False,NOINFO,NOINFO,False,0.9996674060821533,0.00013709123595617712,0.0001956085325218737,Auditory entrainment is strengthened when people see congruent visual and auditory information.
141,4,41182002,False,NOINFO,NOINFO,False,0.9996639490127563,0.00012828275794163346,0.0002078171819448471,Auditory entrainment is strengthened when people see congruent visual and auditory information.
141,5,3099497,False,NOINFO,NOINFO,False,0.9996671676635742,0.00011589420319069177,0.00021694216411560774,Auditory entrainment is strengthened when people see congruent visual and auditory information.
141,6,18379855,False,NOINFO,NOINFO,False,0.999693751335144,0.00014311402628663927,0.00016312245861627162,Auditory entrainment is strengthened when people see congruent visual and auditory information.
141,7,6955746,False,NOINFO,NOINFO,False,0.9987447261810303,0.0008589070639573038,0.00039632050902582705,Auditory entrainment is strengthened when people see congruent visual and auditory information.
141,8,36860856,False,NOINFO,NOINFO,False,0.999690055847168,0.0001258048287127167,0.00018412063946016133,Auditory entrainment is strengthened when people see congruent visual and auditory information.
141,9,43283375,False,NOINFO,NOINFO,False,0.9996157884597778,0.00012653473822865635,0.00025761197321116924,Auditory entrainment is strengthened when people see congruent visual and auditory information.
141,10,42330403,False,NOINFO,NOINFO,False,0.9996836185455322,0.00010972822201438248,0.0002066071319859475,Auditory entrainment is strengthened when people see congruent visual and auditory information.
142,1,10582939,True,REFUTES,REFUTES,True,0.0024642986245453358,0.16525235772132874,0.8322833776473999,Autologous transplantation of mesenchymal stem cells causes a higher rate of opportunistic infections than induction therapy with anti-interleukin-2 receptor antibodies.
142,2,19511011,False,NOINFO,NOINFO,False,0.9996585845947266,0.0002010292373597622,0.00014034102787263691,Autologous transplantation of mesenchymal stem cells causes a higher rate of opportunistic infections than induction therapy with anti-interleukin-2 receptor antibodies.
142,3,301866,False,NOINFO,NOINFO,False,0.9997445940971375,0.00010188542364630848,0.00015354674542322755,Autologous transplantation of mesenchymal stem cells causes a higher rate of opportunistic infections than induction therapy with anti-interleukin-2 receptor antibodies.
142,4,22613657,False,NOINFO,NOINFO,False,0.9997401833534241,0.00012217873882036656,0.0001376378204440698,Autologous transplantation of mesenchymal stem cells causes a higher rate of opportunistic infections than induction therapy with anti-interleukin-2 receptor antibodies.
142,5,43587663,False,NOINFO,NOINFO,False,0.9995365142822266,0.0003187049296684563,0.00014477824151981622,Autologous transplantation of mesenchymal stem cells causes a higher rate of opportunistic infections than induction therapy with anti-interleukin-2 receptor antibodies.
142,6,30398773,False,NOINFO,NOINFO,False,0.9997121691703796,0.00013184527051635087,0.00015595971490256488,Autologous transplantation of mesenchymal stem cells causes a higher rate of opportunistic infections than induction therapy with anti-interleukin-2 receptor antibodies.
142,7,27243019,False,NOINFO,NOINFO,False,0.999701201915741,0.00014367523544933647,0.0001550468587083742,Autologous transplantation of mesenchymal stem cells causes a higher rate of opportunistic infections than induction therapy with anti-interleukin-2 receptor antibodies.
142,8,5377059,False,NOINFO,NOINFO,False,0.9997140765190125,0.00011189582437509671,0.00017398597265128046,Autologous transplantation of mesenchymal stem cells causes a higher rate of opportunistic infections than induction therapy with anti-interleukin-2 receptor antibodies.
142,9,4416964,False,NOINFO,NOINFO,False,0.9997151494026184,0.0001362968178000301,0.00014852786262053996,Autologous transplantation of mesenchymal stem cells causes a higher rate of opportunistic infections than induction therapy with anti-interleukin-2 receptor antibodies.
142,10,14647747,False,NOINFO,NOINFO,False,0.9997263550758362,0.00010369031951995566,0.00016995765327010304,Autologous transplantation of mesenchymal stem cells causes a higher rate of opportunistic infections than induction therapy with anti-interleukin-2 receptor antibodies.
143,1,10582939,True,SUPPORTS,SUPPORTS,True,0.001225878018885851,0.9758850336074829,0.022889064624905586,Autologous transplantation of mesenchymal stem cells causes fewer opportunistic infections than induction therapy with anti-interleukin-2 receptor antibodies.
143,2,19511011,False,NOINFO,NOINFO,False,0.9995717406272888,0.0002683859202079475,0.00015994784189388156,Autologous transplantation of mesenchymal stem cells causes fewer opportunistic infections than induction therapy with anti-interleukin-2 receptor antibodies.
143,3,301866,False,NOINFO,NOINFO,False,0.9996837377548218,0.00013470467820297927,0.0001816193398553878,Autologous transplantation of mesenchymal stem cells causes fewer opportunistic infections than induction therapy with anti-interleukin-2 receptor antibodies.
143,4,22613657,False,NOINFO,NOINFO,False,0.9997327923774719,0.0001282916055060923,0.0001389874960295856,Autologous transplantation of mesenchymal stem cells causes fewer opportunistic infections than induction therapy with anti-interleukin-2 receptor antibodies.
143,5,43587663,False,NOINFO,NOINFO,False,0.998262345790863,0.00017103980644606054,0.0015667210100218654,Autologous transplantation of mesenchymal stem cells causes fewer opportunistic infections than induction therapy with anti-interleukin-2 receptor antibodies.
143,6,27243019,False,NOINFO,NOINFO,False,0.9997010827064514,0.00014939860557205975,0.00014939860557205975,Autologous transplantation of mesenchymal stem cells causes fewer opportunistic infections than induction therapy with anti-interleukin-2 receptor antibodies.
143,7,14647747,False,NOINFO,NOINFO,False,0.9997175335884094,0.00012004712334601209,0.00016249035252258182,Autologous transplantation of mesenchymal stem cells causes fewer opportunistic infections than induction therapy with anti-interleukin-2 receptor antibodies.
143,8,30398773,False,NOINFO,NOINFO,False,0.9996517896652222,0.00012954008707311004,0.000218640299863182,Autologous transplantation of mesenchymal stem cells causes fewer opportunistic infections than induction therapy with anti-interleukin-2 receptor antibodies.
143,9,4416964,False,NOINFO,NOINFO,False,0.9996770620346069,0.00015204428927972913,0.00017094799841288477,Autologous transplantation of mesenchymal stem cells causes fewer opportunistic infections than induction therapy with anti-interleukin-2 receptor antibodies.
143,10,5377059,False,NOINFO,NOINFO,False,0.9996954202651978,0.00013470624980982393,0.00016995238547679037,Autologous transplantation of mesenchymal stem cells causes fewer opportunistic infections than induction therapy with anti-interleukin-2 receptor antibodies.
146,1,10582939,True,SUPPORTS,REFUTES,False,0.0010739488061517477,0.030153566971421242,0.9687725305557251,Autologous transplantation of mesenchymal stem cells has lower rates of rejection than induction therapy with anti-interleukin-2 receptor antibodies.
146,2,4416964,False,NOINFO,NOINFO,False,0.9586714506149292,0.0011902247788384557,0.04013828560709953,Autologous transplantation of mesenchymal stem cells has lower rates of rejection than induction therapy with anti-interleukin-2 receptor antibodies.
146,3,51728753,False,NOINFO,NOINFO,False,0.9997289776802063,0.00011749682744266465,0.0001535443589091301,Autologous transplantation of mesenchymal stem cells has lower rates of rejection than induction therapy with anti-interleukin-2 receptor antibodies.
146,4,14647747,False,NOINFO,NOINFO,False,0.9994798302650452,0.00026010465808212757,0.00026010465808212757,Autologous transplantation of mesenchymal stem cells has lower rates of rejection than induction therapy with anti-interleukin-2 receptor antibodies.
146,5,40164383,False,NOINFO,NOINFO,False,0.9995405673980713,0.00017704062338452786,0.00028235805802978575,Autologous transplantation of mesenchymal stem cells has lower rates of rejection than induction therapy with anti-interleukin-2 receptor antibodies.
146,6,24101431,False,NOINFO,NOINFO,False,0.9996531009674072,0.00013339152792468667,0.0002135757968062535,Autologous transplantation of mesenchymal stem cells has lower rates of rejection than induction therapy with anti-interleukin-2 receptor antibodies.
146,7,19511011,False,NOINFO,NOINFO,False,0.9996880292892456,0.00012929202057421207,0.00018268742132931948,Autologous transplantation of mesenchymal stem cells has lower rates of rejection than induction therapy with anti-interleukin-2 receptor antibodies.
146,8,22613657,False,NOINFO,NOINFO,False,0.9996047616004944,0.00018627509416546673,0.00020902605319861323,Autologous transplantation of mesenchymal stem cells has lower rates of rejection than induction therapy with anti-interleukin-2 receptor antibodies.
146,9,33535222,False,NOINFO,NOINFO,False,0.9996219873428345,0.00013548792048823088,0.00024247866531368345,Autologous transplantation of mesenchymal stem cells has lower rates of rejection than induction therapy with anti-interleukin-2 receptor antibodies.
146,10,24825841,False,NOINFO,NOINFO,False,0.9989356398582458,0.00029285572236403823,0.0007715719984844327,Autologous transplantation of mesenchymal stem cells has lower rates of rejection than induction therapy with anti-interleukin-2 receptor antibodies.
148,1,52887689,False,NOINFO,NOINFO,False,0.9977570176124573,0.00020460423547774553,0.0020383698865771294,Autophagy declines in aged organisms.
148,2,1084345,True,SUPPORTS,REFUTES,False,0.0013048500986769795,0.013301351107656956,0.985393762588501,Autophagy declines in aged organisms.
148,3,56528795,False,NOINFO,REFUTES,False,0.007552814669907093,0.0012896130792796612,0.9911575317382812,Autophagy declines in aged organisms.
148,4,19922508,False,NOINFO,NOINFO,False,0.9992721676826477,0.0001783812331268564,0.0005494529032148421,Autophagy declines in aged organisms.
148,5,10012166,False,NOINFO,NOINFO,False,0.9983641505241394,0.0005900926771573722,0.00104580819606781,Autophagy declines in aged organisms.
148,6,15728433,False,NOINFO,REFUTES,False,0.0030327425338327885,0.0013005505315959454,0.9956667423248291,Autophagy declines in aged organisms.
148,7,26952804,False,NOINFO,NOINFO,False,0.999315619468689,0.00012624991359189153,0.0005581298028118908,Autophagy declines in aged organisms.
148,8,7548577,False,NOINFO,NOINFO,False,0.9992620348930359,0.0001024346929625608,0.0006355055375024676,Autophagy declines in aged organisms.
148,9,10463997,False,NOINFO,NOINFO,False,0.912945032119751,0.0012207776308059692,0.08583422750234604,Autophagy declines in aged organisms.
148,10,28138927,False,NOINFO,NOINFO,False,0.9993458390235901,0.0001277419796679169,0.000526382471434772,Autophagy declines in aged organisms.
163,1,18872233,True,SUPPORTS,SUPPORTS,True,0.0007379893795587122,0.9974066615104675,0.0018553052796050906,Bariatric surgery has a positive impact on mental health.
163,2,43220289,False,NOINFO,NOINFO,False,0.9995729327201843,0.00026268165674991906,0.00016438197053503245,Bariatric surgery has a positive impact on mental health.
163,3,40949706,False,NOINFO,NOINFO,False,0.9996340274810791,0.00022469724353868514,0.00014116229431238025,Bariatric surgery has a positive impact on mental health.
163,4,29022271,False,NOINFO,NOINFO,False,0.9996367692947388,0.00018339305825065821,0.00017984589794650674,Bariatric surgery has a positive impact on mental health.
163,5,19071857,False,NOINFO,NOINFO,False,0.9659505486488342,0.032628078013658524,0.001421379973180592,Bariatric surgery has a positive impact on mental health.
163,6,7627167,False,NOINFO,NOINFO,False,0.9996680021286011,0.0001656869862927124,0.00016633547784294933,Bariatric surgery has a positive impact on mental health.
163,7,20130904,False,NOINFO,NOINFO,False,0.999460756778717,0.0003193037991877645,0.00021988310618326068,Bariatric surgery has a positive impact on mental health.
163,8,5824985,False,NOINFO,NOINFO,False,0.9996107220649719,0.00023182448057923466,0.00015747423458378762,Bariatric surgery has a positive impact on mental health.
163,9,40666943,False,NOINFO,NOINFO,False,0.9996702671051025,0.00019107780826743692,0.00013870761904399842,Bariatric surgery has a positive impact on mental health.
163,10,40078758,False,NOINFO,NOINFO,False,0.9996805191040039,0.00014881308015901595,0.00017061502148862928,Bariatric surgery has a positive impact on mental health.
171,1,12670680,True,REFUTES,REFUTES,True,0.0009848627960309386,0.009854908101260662,0.9891602396965027,Basophils counteract disease development in patients with systemic lupus erythematosus (SLE).
171,2,28149602,False,NOINFO,NOINFO,False,0.9996970891952515,0.0001248267071787268,0.00017810887948144227,Basophils counteract disease development in patients with systemic lupus erythematosus (SLE).
171,3,28015516,False,NOINFO,NOINFO,False,0.999743640422821,9.760016109794378e-05,0.00015873041411396116,Basophils counteract disease development in patients with systemic lupus erythematosus (SLE).
171,4,14938990,False,NOINFO,NOINFO,False,0.9996641874313354,0.00010972609015880153,0.00022602450917474926,Basophils counteract disease development in patients with systemic lupus erythematosus (SLE).
171,5,5448119,False,NOINFO,NOINFO,False,0.9996391534805298,0.0001221663987962529,0.00023872347082942724,Basophils counteract disease development in patients with systemic lupus erythematosus (SLE).
171,6,3330111,False,NOINFO,NOINFO,False,0.9997385144233704,0.00011772766447393224,0.00014368060510605574,Basophils counteract disease development in patients with systemic lupus erythematosus (SLE).
171,7,11328820,False,NOINFO,NOINFO,False,0.9996941089630127,0.00012217310722917318,0.00018376212392468005,Basophils counteract disease development in patients with systemic lupus erythematosus (SLE).
171,8,1049501,False,NOINFO,NOINFO,False,0.9996495246887207,0.00012003895244561136,0.00023047905415296555,Basophils counteract disease development in patients with systemic lupus erythematosus (SLE).
171,9,21498497,False,NOINFO,NOINFO,False,0.9996955394744873,9.952036634786054e-05,0.00020500175014603883,Basophils counteract disease development in patients with systemic lupus erythematosus (SLE).
171,10,1834762,False,NOINFO,NOINFO,False,0.9997050166130066,9.477861021878198e-05,0.00020025481353513896,Basophils counteract disease development in patients with systemic lupus erythematosus (SLE).
179,1,27123743,True,SUPPORTS,SUPPORTS,True,0.0008733269642107189,0.986192524433136,0.012934100814163685,Birth-weight is positively associated with breast cancer.
179,2,16322674,True,SUPPORTS,SUPPORTS,True,0.0005693896673619747,0.997806966304779,0.0016236250521615148,Birth-weight is positively associated with breast cancer.
179,3,17450673,True,SUPPORTS,SUPPORTS,True,0.0008461931720376015,0.9820410013198853,0.01711282879114151,Birth-weight is positively associated with breast cancer.
179,4,23557241,True,SUPPORTS,SUPPORTS,True,0.0007756850100122392,0.977172315120697,0.02205199934542179,Birth-weight is positively associated with breast cancer.
179,5,5487448,False,NOINFO,NOINFO,False,0.9996148347854614,0.0001699387066764757,0.00021524263138417155,Birth-weight is positively associated with breast cancer.
179,6,13831842,False,NOINFO,NOINFO,False,0.9996092915534973,0.0001647093304200098,0.00022601209639105946,Birth-weight is positively associated with breast cancer.
179,7,37480103,False,NOINFO,NOINFO,False,0.999632716178894,0.0001888445985969156,0.00017844561079982668,Birth-weight is positively associated with breast cancer.
179,8,13765757,False,NOINFO,NOINFO,False,0.9996726512908936,0.0001381671754643321,0.00018922134768217802,Birth-weight is positively associated with breast cancer.
179,9,4828631,False,NOINFO,NOINFO,False,0.999631404876709,0.0001643915893509984,0.00020418943313416094,Birth-weight is positively associated with breast cancer.
179,10,38784540,False,NOINFO,NOINFO,False,0.9996627569198608,0.00014395058678928763,0.0001933287421707064,Birth-weight is positively associated with breast cancer.
180,1,16966326,True,REFUTES,SUPPORTS,False,0.0006345099536702037,0.9986714124679565,0.0006941560423001647,Blocking the interaction between TDP-43 and respiratory complex I proteins ND3 and ND6 leads to increased TDP-43-induced neuronal loss.
180,2,9217800,False,NOINFO,NOINFO,False,0.9997116923332214,0.00013736535038333386,0.00015086631174199283,Blocking the interaction between TDP-43 and respiratory complex I proteins ND3 and ND6 leads to increased TDP-43-induced neuronal loss.
180,3,1964163,False,NOINFO,NOINFO,False,0.9996501207351685,0.00013209482131060213,0.00021778754307888448,Blocking the interaction between TDP-43 and respiratory complex I proteins ND3 and ND6 leads to increased TDP-43-induced neuronal loss.
180,4,20904154,False,NOINFO,NOINFO,False,0.9997252821922302,0.000109947330201976,0.00016472845163661987,Blocking the interaction between TDP-43 and respiratory complex I proteins ND3 and ND6 leads to increased TDP-43-induced neuronal loss.
180,5,25748308,False,NOINFO,NOINFO,False,0.9997004270553589,0.00010739772551460192,0.00019220649846829474,Blocking the interaction between TDP-43 and respiratory complex I proteins ND3 and ND6 leads to increased TDP-43-induced neuronal loss.
180,6,33912020,False,NOINFO,NOINFO,False,0.999685525894165,0.00012385383888613433,0.0001907078840304166,Blocking the interaction between TDP-43 and respiratory complex I proteins ND3 and ND6 leads to increased TDP-43-induced neuronal loss.
180,7,24632480,False,NOINFO,NOINFO,False,0.999687910079956,0.0001156704529421404,0.00019637815421447158,Blocking the interaction between TDP-43 and respiratory complex I proteins ND3 and ND6 leads to increased TDP-43-induced neuronal loss.
180,8,19708993,False,NOINFO,NOINFO,False,0.9997000694274902,0.00011911081674043089,0.00018091424135491252,Blocking the interaction between TDP-43 and respiratory complex I proteins ND3 and ND6 leads to increased TDP-43-induced neuronal loss.
180,9,13380011,False,NOINFO,NOINFO,False,0.9997177720069885,8.731525304028764e-05,0.00019485574739519507,Blocking the interaction between TDP-43 and respiratory complex I proteins ND3 and ND6 leads to increased TDP-43-induced neuronal loss.
180,10,24185667,False,NOINFO,NOINFO,False,0.9996380805969238,0.0001436661696061492,0.00021821069822181016,Blocking the interaction between TDP-43 and respiratory complex I proteins ND3 and ND6 leads to increased TDP-43-induced neuronal loss.
183,1,12827098,True,REFUTES,NOINFO,False,0.98834627866745,0.011333596892654896,0.000320099585223943,Bone marrow cells contribute to adult macrophage compartments.
183,2,3495456,False,NOINFO,SUPPORTS,False,0.43969854712486267,0.559097409248352,0.0012040594592690468,Bone marrow cells contribute to adult macrophage compartments.
183,3,22973574,False,NOINFO,NOINFO,False,0.9478740692138672,0.051138825714588165,0.0009871178772300482,Bone marrow cells contribute to adult macrophage compartments.
183,4,42465769,False,NOINFO,NOINFO,False,0.9880256056785583,0.011708133853971958,0.0002663240593392402,Bone marrow cells contribute to adult macrophage compartments.
183,5,3391547,False,NOINFO,NOINFO,False,0.9997673630714417,0.00011146553151775151,0.00012123123451601714,Bone marrow cells contribute to adult macrophage compartments.
183,6,22406695,False,NOINFO,NOINFO,False,0.9987547397613525,0.0011061053955927491,0.0001391229743603617,Bone marrow cells contribute to adult macrophage compartments.
183,7,36444198,False,NOINFO,SUPPORTS,False,0.07827214896678925,0.9206091165542603,0.001118674990721047,Bone marrow cells contribute to adult macrophage compartments.
183,8,7521113,False,NOINFO,SUPPORTS,False,0.0012724028201773763,0.9981924891471863,0.0005350988358259201,Bone marrow cells contribute to adult macrophage compartments.
183,9,188911,False,NOINFO,NOINFO,False,0.9991620779037476,0.0007207535672932863,0.00011720106704160571,Bone marrow cells contribute to adult macrophage compartments.
183,10,24466904,False,NOINFO,NOINFO,False,0.999713122844696,0.0001550487068016082,0.0001318453869316727,Bone marrow cells contribute to adult macrophage compartments.
185,1,22975806,False,NOINFO,NOINFO,False,0.9994353652000427,0.00024721494992263615,0.0003174302983097732,Breast cancer development is determined exclusively by genetic factors.
185,2,18340282,True,REFUTES,REFUTES,True,0.001354916370473802,0.0010951036820188165,0.9975499510765076,Breast cancer development is determined exclusively by genetic factors.
185,3,1866911,False,NOINFO,NOINFO,False,0.9960744380950928,0.0007738832500763237,0.0031517648603767157,Breast cancer development is determined exclusively by genetic factors.
185,4,20280410,False,NOINFO,NOINFO,False,0.6419453024864197,0.003192461095750332,0.354862242937088,Breast cancer development is determined exclusively by genetic factors.
185,5,3285322,False,NOINFO,NOINFO,False,0.6345313787460327,0.0025084963999688625,0.3629601001739502,Breast cancer development is determined exclusively by genetic factors.
185,6,17088791,False,NOINFO,NOINFO,False,0.9993129968643188,0.00029125474975444376,0.0003957722510676831,Breast cancer development is determined exclusively by genetic factors.
185,7,27123743,False,NOINFO,NOINFO,False,0.9981874823570251,0.0006207223632372916,0.0011918091913685203,Breast cancer development is determined exclusively by genetic factors.
185,8,2015126,False,NOINFO,NOINFO,False,0.9994465708732605,0.00020817820040974766,0.0003452448290772736,Breast cancer development is determined exclusively by genetic factors.
185,9,5864770,False,NOINFO,NOINFO,False,0.9995765089988708,0.000166971207363531,0.00025659753009676933,Breast cancer development is determined exclusively by genetic factors.
185,10,45638119,False,NOINFO,NOINFO,False,0.9996445178985596,0.0001414397411281243,0.00021399150136858225,Breast cancer development is determined exclusively by genetic factors.
208,1,13519661,True,SUPPORTS,REFUTES,False,0.0011664227349683642,0.0006924337358213961,0.9981411695480347,CHEK2 is not associated with breast cancer.
208,2,15721252,False,NOINFO,NOINFO,False,0.9986180067062378,0.00012396347301546484,0.001258114934898913,CHEK2 is not associated with breast cancer.
208,3,2613411,False,NOINFO,NOINFO,False,0.999545156955719,0.00010885923984460533,0.00034595391480252147,CHEK2 is not associated with breast cancer.
208,4,18340282,False,NOINFO,NOINFO,False,0.9973170161247253,0.00020371668506413698,0.002479354850947857,CHEK2 is not associated with breast cancer.
208,5,10279084,False,NOINFO,NOINFO,False,0.9993802309036255,9.642802615417168e-05,0.0005233252886682749,CHEK2 is not associated with breast cancer.
208,6,3851329,False,NOINFO,NOINFO,False,0.9996371269226074,8.645973866805434e-05,0.0002763831871561706,CHEK2 is not associated with breast cancer.
208,7,5864770,False,NOINFO,NOINFO,False,0.9995991587638855,8.833401807351038e-05,0.00031256020884029567,CHEK2 is not associated with breast cancer.
208,8,4886637,False,NOINFO,NOINFO,False,0.9992831349372864,0.0001422194909537211,0.0005747044342570007,CHEK2 is not associated with breast cancer.
208,9,15946643,False,NOINFO,NOINFO,False,0.9989207983016968,0.00011246407666476443,0.0009668091079220176,CHEK2 is not associated with breast cancer.
208,10,27123743,False,NOINFO,NOINFO,False,0.999099612236023,0.00015831863856874406,0.0007421353948302567,CHEK2 is not associated with breast cancer.
212,1,9291668,False,NOINFO,NOINFO,False,0.9994788765907288,0.0003548268578015268,0.00016630400205031037,CR is associated with higher methylation age.
212,2,7808055,False,NOINFO,NOINFO,False,0.998112678527832,0.0016904702642932534,0.0001968361175386235,CR is associated with higher methylation age.
212,3,4679264,False,NOINFO,NOINFO,False,0.9980218410491943,0.0018116747960448265,0.00016638622037135065,CR is associated with higher methylation age.
212,4,22038539,True,REFUTES,NOINFO,False,0.9988086223602295,0.0009944692719727755,0.00019697335665114224,CR is associated with higher methylation age.
212,5,11935250,False,NOINFO,NOINFO,False,0.9996047616004944,0.00021820342226419598,0.00017705198843032122,CR is associated with higher methylation age.
212,6,14475235,False,NOINFO,NOINFO,False,0.9995465874671936,0.0003119339235126972,0.0001414258877048269,CR is associated with higher methylation age.
212,7,3346812,False,NOINFO,NOINFO,False,0.9997288584709167,0.00013236349332146347,0.00013871575356461108,CR is associated with higher methylation age.
212,8,7988832,False,NOINFO,NOINFO,False,0.9996262788772583,0.00021863472647964954,0.00015503523172810674,CR is associated with higher methylation age.
212,9,3098821,False,NOINFO,NOINFO,False,0.9997323155403137,0.00011102707503596321,0.00015657326730433851,CR is associated with higher methylation age.
212,10,6040392,False,NOINFO,NOINFO,False,0.9997289776802063,0.00013340165605768561,0.0001376362779410556,CR is associated with higher methylation age.
216,1,21366394,True,REFUTES,REFUTES,True,0.023434534668922424,0.006981566082686186,0.9695838689804077,CX3CR1 on the Th2 cells impairs T cell survival
216,2,7621534,False,NOINFO,NOINFO,False,0.9996929168701172,9.552079427521676e-05,0.0002115086535923183,CX3CR1 on the Th2 cells impairs T cell survival
216,3,34905328,False,NOINFO,NOINFO,False,0.9996428489685059,0.00011702867777785286,0.00024012726498767734,CX3CR1 on the Th2 cells impairs T cell survival
216,4,13798951,False,NOINFO,NOINFO,False,0.9996916055679321,9.893855167319998e-05,0.0002094529045280069,CX3CR1 on the Th2 cells impairs T cell survival
216,5,6123924,False,NOINFO,NOINFO,False,0.9994969367980957,0.0001722577289910987,0.0003307409642729908,CX3CR1 on the Th2 cells impairs T cell survival
216,6,14492339,False,NOINFO,NOINFO,False,0.9996488094329834,0.000130810949485749,0.00022035444271750748,CX3CR1 on the Th2 cells impairs T cell survival
216,7,21363424,False,NOINFO,NOINFO,False,0.9996438026428223,0.00011748681572498754,0.00023872459132689983,CX3CR1 on the Th2 cells impairs T cell survival
216,8,20220731,False,NOINFO,NOINFO,False,0.9996515512466431,0.00011980497947661206,0.0002286859235027805,CX3CR1 on the Th2 cells impairs T cell survival
216,9,2714623,False,NOINFO,NOINFO,False,0.9996563196182251,9.740121458889917e-05,0.0002463056007400155,CX3CR1 on the Th2 cells impairs T cell survival
216,10,994800,False,NOINFO,NOINFO,False,0.9996299743652344,0.00011145021562697366,0.0002586239133961499,CX3CR1 on the Th2 cells impairs T cell survival
217,1,21366394,True,SUPPORTS,SUPPORTS,True,0.0025615592021495104,0.9967334270477295,0.0007050949498079717,CX3CR1 on the Th2 cells promotes T cell survival
217,2,34905328,False,NOINFO,NOINFO,False,0.9996309280395508,0.00014997279504314065,0.00021906317851971835,CX3CR1 on the Th2 cells promotes T cell survival
217,3,7621534,False,NOINFO,NOINFO,False,0.9997156262397766,0.00011145976895932108,0.0001729697542032227,CX3CR1 on the Th2 cells promotes T cell survival
217,4,13798951,False,NOINFO,NOINFO,False,0.9997441172599792,0.00011500115942908451,0.00014090236800257117,CX3CR1 on the Th2 cells promotes T cell survival
217,5,21363424,False,NOINFO,NOINFO,False,0.9996566772460938,0.00013549262075684965,0.00020781566854566336,CX3CR1 on the Th2 cells promotes T cell survival
217,6,6123924,False,NOINFO,NOINFO,False,0.9996539354324341,0.00017879826191347092,0.00016731058713048697,CX3CR1 on the Th2 cells promotes T cell survival
217,7,14492339,False,NOINFO,NOINFO,False,0.9993771910667419,0.00042380037484690547,0.0001990195451071486,CX3CR1 on the Th2 cells promotes T cell survival
217,8,20220731,False,NOINFO,NOINFO,False,0.9997430443763733,0.00011522586282808334,0.00014173022645991296,CX3CR1 on the Th2 cells promotes T cell survival
217,9,2714623,False,NOINFO,NOINFO,False,0.9995960593223572,0.00014735445438418537,0.0002566025359556079,CX3CR1 on the Th2 cells promotes T cell survival
217,10,4418070,False,NOINFO,NOINFO,False,0.9995840191841125,0.0001837418822105974,0.00023227150086313486,CX3CR1 on the Th2 cells promotes T cell survival
218,1,21366394,True,SUPPORTS,SUPPORTS,True,0.0015105439815670252,0.9978808760643005,0.0006085295462980866,CX3CR1 on the Th2 cells promotes airway inflammation.
218,2,1800734,False,NOINFO,NOINFO,False,0.9996755123138428,0.0001877493632491678,0.00013682484859600663,CX3CR1 on the Th2 cells promotes airway inflammation.
218,3,696006,False,NOINFO,NOINFO,False,0.9996471405029297,0.0002135745162377134,0.0001392472768202424,CX3CR1 on the Th2 cells promotes airway inflammation.
218,4,20311968,False,NOINFO,NOINFO,False,0.9997116923332214,0.00015535160491708666,0.0001328792714048177,CX3CR1 on the Th2 cells promotes airway inflammation.
218,5,883747,False,NOINFO,NOINFO,False,0.9995193481445312,0.0003661050577647984,0.00011452705803094432,CX3CR1 on the Th2 cells promotes airway inflammation.
218,6,26030079,False,NOINFO,NOINFO,False,0.9997299313545227,0.00011016280041076243,0.0001599731476744637,CX3CR1 on the Th2 cells promotes airway inflammation.
218,7,56486733,False,NOINFO,NOINFO,False,0.9996283054351807,0.0002177827846026048,0.00015382905257865787,CX3CR1 on the Th2 cells promotes airway inflammation.
218,8,14492339,False,NOINFO,NOINFO,False,0.9993526339530945,0.0003769265895243734,0.0002704316284507513,CX3CR1 on the Th2 cells promotes airway inflammation.
218,9,22896384,False,NOINFO,NOINFO,False,0.999700665473938,0.00010908902186201885,0.00019033865828532726,CX3CR1 on the Th2 cells promotes airway inflammation.
218,10,22852120,False,NOINFO,NOINFO,False,0.9997063279151917,0.00016028214304242283,0.0001333986292593181,CX3CR1 on the Th2 cells promotes airway inflammation.
219,1,21366394,True,REFUTES,SUPPORTS,False,0.0020832717418670654,0.9961137771606445,0.0018029215279966593,CX3CR1 on the Th2 cells suppresses airway inflammation.
219,2,1800734,False,NOINFO,NOINFO,False,0.9996877908706665,0.00017330308037344366,0.0001389812387060374,CX3CR1 on the Th2 cells suppresses airway inflammation.
219,3,20311968,False,NOINFO,NOINFO,False,0.9996620416641235,0.00021949828078504652,0.00011841044033644721,CX3CR1 on the Th2 cells suppresses airway inflammation.
219,4,696006,False,NOINFO,NOINFO,False,0.9996649026870728,0.00018885068129748106,0.00014621780428569764,CX3CR1 on the Th2 cells suppresses airway inflammation.
219,5,883747,False,NOINFO,NOINFO,False,0.9995967745780945,0.0002796298067551106,0.00012360121763776988,CX3CR1 on the Th2 cells suppresses airway inflammation.
219,6,26030079,False,NOINFO,NOINFO,False,0.9997344613075256,0.00011545013694558293,0.00014998832193668932,CX3CR1 on the Th2 cells suppresses airway inflammation.
219,7,56486733,False,NOINFO,NOINFO,False,0.9996023774147034,0.0002443756384309381,0.00015322535182349384,CX3CR1 on the Th2 cells suppresses airway inflammation.
219,8,22852120,False,NOINFO,NOINFO,False,0.9997120499610901,0.00015687619452364743,0.0001310749794356525,CX3CR1 on the Th2 cells suppresses airway inflammation.
219,9,14492339,False,NOINFO,NOINFO,False,0.9994949102401733,0.0002768841222859919,0.00022820394951850176,CX3CR1 on the Th2 cells suppresses airway inflammation.
219,10,40365566,False,NOINFO,NOINFO,False,0.999690055847168,0.0001866552047431469,0.00012337154475972056,CX3CR1 on the Th2 cells suppresses airway inflammation.
230,1,3067015,True,SUPPORTS,SUPPORTS,True,0.0022917878814041615,0.9958046078681946,0.0019036734011024237,Carriers of the alcohol aldehyde dehydrogenase deficiency mutation drink less that non-carries.
230,2,38028419,False,NOINFO,NOINFO,False,0.9996902942657471,0.00010308081982657313,0.00020660851441789418,Carriers of the alcohol aldehyde dehydrogenase deficiency mutation drink less that non-carries.
230,3,20526907,False,NOINFO,NOINFO,False,0.9688268899917603,0.0017846297705546021,0.02938847430050373,Carriers of the alcohol aldehyde dehydrogenase deficiency mutation drink less that non-carries.
230,4,5939172,False,NOINFO,NOINFO,False,0.999627947807312,0.00010781025048345327,0.0002642398467287421,Carriers of the alcohol aldehyde dehydrogenase deficiency mutation drink less that non-carries.
230,5,71625969,False,NOINFO,NOINFO,False,0.9995077848434448,0.00016794087423477322,0.00032434737659059465,Carriers of the alcohol aldehyde dehydrogenase deficiency mutation drink less that non-carries.
230,6,52072815,False,NOINFO,NOINFO,False,0.872934877872467,0.027144046500325203,0.09992105513811111,Carriers of the alcohol aldehyde dehydrogenase deficiency mutation drink less that non-carries.
230,7,23389795,False,NOINFO,NOINFO,False,0.9997062087059021,0.00010994523472618312,0.00018376435036771,Carriers of the alcohol aldehyde dehydrogenase deficiency mutation drink less that non-carries.
230,8,2739854,False,NOINFO,NOINFO,False,0.9996793270111084,0.00011772069410653785,0.00020300624601077288,Carriers of the alcohol aldehyde dehydrogenase deficiency mutation drink less that non-carries.
230,9,1148122,False,NOINFO,NOINFO,False,0.9997377991676331,0.00010069773270515725,0.0001615443325135857,Carriers of the alcohol aldehyde dehydrogenase deficiency mutation drink less that non-carries.
230,10,10548391,False,NOINFO,NOINFO,False,0.9997150301933289,8.429868466919288e-05,0.00020064831187482923,Carriers of the alcohol aldehyde dehydrogenase deficiency mutation drink less that non-carries.
233,1,4388470,True,REFUTES,REFUTES,True,0.0008944087312556803,0.0008736897143535316,0.9982319474220276,Cell autonomous sex determination in somatic cells does not occur in Galliformes.
233,2,28390999,False,NOINFO,NOINFO,False,0.9997087121009827,0.00011934471694985405,0.00017195804684888572,Cell autonomous sex determination in somatic cells does not occur in Galliformes.
233,3,41380943,False,NOINFO,NOINFO,False,0.9978995323181152,0.0003719935775734484,0.0017285002395510674,Cell autonomous sex determination in somatic cells does not occur in Galliformes.
233,4,2147704,False,NOINFO,NOINFO,False,0.999693751335144,0.00012145929940743372,0.0001848419342422858,Cell autonomous sex determination in somatic cells does not occur in Galliformes.
233,5,36708463,False,NOINFO,NOINFO,False,0.9995114803314209,0.00020060745009686798,0.0002879186940845102,Cell autonomous sex determination in somatic cells does not occur in Galliformes.
233,6,12232678,False,NOINFO,NOINFO,False,0.9982159733772278,0.00023104931460693479,0.0015529392985627055,Cell autonomous sex determination in somatic cells does not occur in Galliformes.
233,7,31761981,False,NOINFO,NOINFO,False,0.999663233757019,0.00014227358042262495,0.00019446492660790682,Cell autonomous sex determination in somatic cells does not occur in Galliformes.
233,8,28928964,False,NOINFO,NOINFO,False,0.9996659755706787,0.0001305579353356734,0.00020340039918664843,Cell autonomous sex determination in somatic cells does not occur in Galliformes.
233,9,23581096,False,NOINFO,NOINFO,False,0.9995220899581909,0.00019558009807951748,0.000282352848444134,Cell autonomous sex determination in somatic cells does not occur in Galliformes.
233,10,17685207,False,NOINFO,NOINFO,False,0.9996988773345947,0.00010470500274095684,0.00019638030789792538,Cell autonomous sex determination in somatic cells does not occur in Galliformes.
236,1,4388470,True,SUPPORTS,SUPPORTS,True,0.0005554757663048804,0.9984562397003174,0.0009883104357868433,Cell autonomous sex determination in somatic cells occurs in Passeriformes.
236,2,31761981,False,NOINFO,NOINFO,False,0.9996834993362427,0.00015717839414719492,0.0001593420747667551,Cell autonomous sex determination in somatic cells occurs in Passeriformes.
236,3,41380943,False,NOINFO,NOINFO,False,0.9994475245475769,0.00030766770942136645,0.00024481548462063074,Cell autonomous sex determination in somatic cells occurs in Passeriformes.
236,4,1641873,False,NOINFO,NOINFO,False,0.9997360110282898,0.00011366041871951893,0.0001502817904110998,Cell autonomous sex determination in somatic cells occurs in Passeriformes.
236,5,5002665,False,NOINFO,NOINFO,False,0.9874535202980042,0.010857711546123028,0.0016888295067474246,Cell autonomous sex determination in somatic cells occurs in Passeriformes.
236,6,4343437,False,NOINFO,NOINFO,False,0.999594509601593,0.000236855135881342,0.00016861280892044306,Cell autonomous sex determination in somatic cells occurs in Passeriformes.
236,7,12232678,False,NOINFO,NOINFO,False,0.9994370341300964,0.00036966739571653306,0.0001932850864250213,Cell autonomous sex determination in somatic cells occurs in Passeriformes.
236,8,16963081,False,NOINFO,NOINFO,False,0.9996918439865112,0.0001870204578153789,0.00012122207408538088,Cell autonomous sex determination in somatic cells occurs in Passeriformes.
236,9,28390999,False,NOINFO,NOINFO,False,0.9996851682662964,0.0001631210616324097,0.00015174885629676282,Cell autonomous sex determination in somatic cells occurs in Passeriformes.
236,10,23581096,False,NOINFO,NOINFO,False,0.9995410442352295,0.0003005687322001904,0.00015838858962524682,Cell autonomous sex determination in somatic cells occurs in Passeriformes.
239,1,19343151,False,NOINFO,NOINFO,False,0.9994865655899048,0.0003230760048609227,0.00019029791292268783,Cellular aging closely links to an older appearance.
239,2,7514614,False,NOINFO,NOINFO,False,0.9954906105995178,0.003711509983986616,0.0007979809888638556,Cellular aging closely links to an older appearance.
239,3,6040392,False,NOINFO,NOINFO,False,0.9994702935218811,0.000351375580066815,0.00017841660883277655,Cellular aging closely links to an older appearance.
239,4,22264117,False,NOINFO,NOINFO,False,0.9995575547218323,0.00026267761131748557,0.00017983165162149817,Cellular aging closely links to an older appearance.
239,5,3230557,False,NOINFO,NOINFO,False,0.999193012714386,0.0006189252599142492,0.00018802561680786312,Cellular aging closely links to an older appearance.
239,6,14079881,True,SUPPORTS,NOINFO,False,0.9868388772010803,0.01228373870253563,0.0008773196605034173,Cellular aging closely links to an older appearance.
239,7,7808055,False,NOINFO,NOINFO,False,0.9821828007698059,0.016788357868790627,0.0010288578923791647,Cellular aging closely links to an older appearance.
239,8,15521377,False,NOINFO,NOINFO,False,0.9995937943458557,0.00022034232097212225,0.00018590959371067584,Cellular aging closely links to an older appearance.
239,9,2466614,False,NOINFO,NOINFO,False,0.9985226988792419,0.0012494245311245322,0.00022798197460360825,Cellular aging closely links to an older appearance.
239,10,9291668,False,NOINFO,NOINFO,False,0.9981653094291687,0.001641749870032072,0.00019303914450574666,Cellular aging closely links to an older appearance.
248,1,1568684,True,SUPPORTS,NOINFO,False,0.9108286499977112,0.08856956660747528,0.0006017514388076961,Chenodeosycholic acid treatment increases whole-body energy expenditure.
248,2,14865329,False,NOINFO,NOINFO,False,0.9997486472129822,0.00012410382623784244,0.00012729525042232126,Chenodeosycholic acid treatment increases whole-body energy expenditure.
248,3,21553394,False,NOINFO,NOINFO,False,0.9997485280036926,8.680781320435926e-05,0.00016473227879032493,Chenodeosycholic acid treatment increases whole-body energy expenditure.
248,4,5839365,False,NOINFO,NOINFO,False,0.9997460246086121,9.150819096248597e-05,0.00016249498003162444,Chenodeosycholic acid treatment increases whole-body energy expenditure.
248,5,29691654,False,NOINFO,NOINFO,False,0.9997524619102478,9.722051618155092e-05,0.00015028426423668861,Chenodeosycholic acid treatment increases whole-body energy expenditure.
248,6,70704988,False,NOINFO,NOINFO,False,0.9996975660324097,0.00011657879804261029,0.00018592888955026865,Chenodeosycholic acid treatment increases whole-body energy expenditure.
248,7,11705328,False,NOINFO,NOINFO,False,0.9996404647827148,0.00010388410737505183,0.0002556135004851967,Chenodeosycholic acid treatment increases whole-body energy expenditure.
248,8,39558597,False,NOINFO,NOINFO,False,0.9996633529663086,0.00011101941345259547,0.00022558329510502517,Chenodeosycholic acid treatment increases whole-body energy expenditure.
248,9,23017040,False,NOINFO,NOINFO,False,0.9997161030769348,0.00010328501230105758,0.00018056413682643324,Chenodeosycholic acid treatment increases whole-body energy expenditure.
248,10,23369842,False,NOINFO,NOINFO,False,0.9997145533561707,9.874776878859848e-05,0.00018665978859644383,Chenodeosycholic acid treatment increases whole-body energy expenditure.
249,1,1568684,True,REFUTES,NOINFO,False,0.9972883462905884,0.00028504268266260624,0.0024265856482088566,Chenodeosycholic acid treatment reduces whole-body energy expenditure.
249,2,14865329,False,NOINFO,NOINFO,False,0.9997501969337463,8.512892964063212e-05,0.00016473254072479904,Chenodeosycholic acid treatment reduces whole-body energy expenditure.
249,3,5839365,False,NOINFO,NOINFO,False,0.9997567534446716,8.107262692647055e-05,0.00016217965458054096,Chenodeosycholic acid treatment reduces whole-body energy expenditure.
249,4,21553394,False,NOINFO,NOINFO,False,0.999755322933197,7.601197285111994e-05,0.00016863993369042873,Chenodeosycholic acid treatment reduces whole-body energy expenditure.
249,5,29691654,False,NOINFO,NOINFO,False,0.9997479319572449,7.735936378594488e-05,0.00017467285215388983,Chenodeosycholic acid treatment reduces whole-body energy expenditure.
249,6,39558597,False,NOINFO,NOINFO,False,0.9996856451034546,9.008403867483139e-05,0.00022427037765737623,Chenodeosycholic acid treatment reduces whole-body energy expenditure.
249,7,23017040,False,NOINFO,NOINFO,False,0.9997416138648987,9.68404347077012e-05,0.00016154494369402528,Chenodeosycholic acid treatment reduces whole-body energy expenditure.
249,8,21547032,False,NOINFO,NOINFO,False,0.999688982963562,8.186267950804904e-05,0.00022914160217624158,Chenodeosycholic acid treatment reduces whole-body energy expenditure.
249,9,23369842,False,NOINFO,NOINFO,False,0.9996730089187622,7.78081375756301e-05,0.0002492131607141346,Chenodeosycholic acid treatment reduces whole-body energy expenditure.
249,10,70704988,False,NOINFO,NOINFO,False,0.9997277855873108,9.478076390223578e-05,0.00017741996271070093,Chenodeosycholic acid treatment reduces whole-body energy expenditure.
261,1,32322418,False,NOINFO,NOINFO,False,0.9962154030799866,0.0006416625692509115,0.0031429894734174013,"Chronic aerobic exercise alters endothelial function, improving vasodilating mechanisms mediated by NO."
261,2,25822299,False,NOINFO,NOINFO,False,0.9208094477653503,0.022386459633708,0.0568041056394577,"Chronic aerobic exercise alters endothelial function, improving vasodilating mechanisms mediated by NO."
261,3,17097974,False,NOINFO,NOINFO,False,0.9996579885482788,0.0001370899408357218,0.00020499405218288302,"Chronic aerobic exercise alters endothelial function, improving vasodilating mechanisms mediated by NO."
261,4,46743299,False,NOINFO,NOINFO,False,0.9991089701652527,0.0002525011950638145,0.0006385183078236878,"Chronic aerobic exercise alters endothelial function, improving vasodilating mechanisms mediated by NO."
261,5,29148743,False,NOINFO,NOINFO,False,0.9997010827064514,8.731379784876481e-05,0.00021151038527023047,"Chronic aerobic exercise alters endothelial function, improving vasodilating mechanisms mediated by NO."
261,6,1122279,True,SUPPORTS,REFUTES,False,0.13554246723651886,0.009682973846793175,0.8547745943069458,"Chronic aerobic exercise alters endothelial function, improving vasodilating mechanisms mediated by NO."
261,7,35271381,False,NOINFO,NOINFO,False,0.9995414018630981,0.00021904354798607528,0.0002396343625150621,"Chronic aerobic exercise alters endothelial function, improving vasodilating mechanisms mediated by NO."
261,8,10697096,True,SUPPORTS,NOINFO,False,0.9995997548103333,8.645650086691603e-05,0.0003137837047688663,"Chronic aerobic exercise alters endothelial function, improving vasodilating mechanisms mediated by NO."
261,9,46328296,False,NOINFO,NOINFO,False,0.9996850490570068,8.495728980051354e-05,0.00023003751994110644,"Chronic aerobic exercise alters endothelial function, improving vasodilating mechanisms mediated by NO."
261,10,16488405,False,NOINFO,NOINFO,False,0.9996103644371033,7.526236731791869e-05,0.0003144005313515663,"Chronic aerobic exercise alters endothelial function, improving vasodilating mechanisms mediated by NO."
274,1,11614737,True,REFUTES,SUPPORTS,False,0.0005154942627996206,0.9960298538208008,0.0034546279348433018,Combination nicotine replacement therapies with varenicline or bupropion lead to significantly higher long-term abstinence rates at 52 weeks than varenicline monotherapy.
274,2,5114940,False,NOINFO,NOINFO,False,0.9995052814483643,0.00034933502320200205,0.00014534035290125757,Combination nicotine replacement therapies with varenicline or bupropion lead to significantly higher long-term abstinence rates at 52 weeks than varenicline monotherapy.
274,3,8570690,False,NOINFO,NOINFO,False,0.9996381998062134,0.00022734684171155095,0.00013443571515381336,Combination nicotine replacement therapies with varenicline or bupropion lead to significantly higher long-term abstinence rates at 52 weeks than varenicline monotherapy.
274,4,5551138,False,NOINFO,NOINFO,False,0.9997125267982483,0.00014679707237519324,0.00014062298578210175,Combination nicotine replacement therapies with varenicline or bupropion lead to significantly higher long-term abstinence rates at 52 weeks than varenicline monotherapy.
274,5,24019260,False,NOINFO,NOINFO,False,0.9996945858001709,0.0001699522545095533,0.00013549775758292526,Combination nicotine replacement therapies with varenicline or bupropion lead to significantly higher long-term abstinence rates at 52 weeks than varenicline monotherapy.
274,6,34369306,False,NOINFO,NOINFO,False,0.999679684638977,0.00016829813830554485,0.0001520446821814403,Combination nicotine replacement therapies with varenicline or bupropion lead to significantly higher long-term abstinence rates at 52 weeks than varenicline monotherapy.
274,7,44408494,False,NOINFO,NOINFO,False,0.9997323155403137,0.0001267969055334106,0.00014090070908423513,Combination nicotine replacement therapies with varenicline or bupropion lead to significantly higher long-term abstinence rates at 52 weeks than varenicline monotherapy.
274,8,33417012,False,NOINFO,NOINFO,False,0.9996645450592041,0.00016279940609820187,0.0001726234331727028,Combination nicotine replacement therapies with varenicline or bupropion lead to significantly higher long-term abstinence rates at 52 weeks than varenicline monotherapy.
274,9,7639744,False,NOINFO,NOINFO,False,0.9996582269668579,0.00019408451044000685,0.00014765172090847045,Combination nicotine replacement therapies with varenicline or bupropion lead to significantly higher long-term abstinence rates at 52 weeks than varenicline monotherapy.
274,10,16422880,False,NOINFO,NOINFO,False,0.9997052550315857,0.00014823659148532897,0.0001465095701860264,Combination nicotine replacement therapies with varenicline or bupropion lead to significantly higher long-term abstinence rates at 52 weeks than varenicline monotherapy.
275,1,4961038,True,SUPPORTS,NOINFO,False,0.8101687431335449,0.18834176659584045,0.0014894612831994891,Combining phosphatidylinositide 3-kinase and MEK 1/2 inhibitors is effective at treating KRAS mutant tumors.
275,2,4920376,False,NOINFO,NOINFO,False,0.995404839515686,0.004404996056109667,0.0001902625081129372,Combining phosphatidylinositide 3-kinase and MEK 1/2 inhibitors is effective at treating KRAS mutant tumors.
275,3,14819804,False,NOINFO,NOINFO,False,0.9995834231376648,0.0002941925486084074,0.00012239842908456922,Combining phosphatidylinositide 3-kinase and MEK 1/2 inhibitors is effective at treating KRAS mutant tumors.
275,4,1285713,False,NOINFO,NOINFO,False,0.9996756315231323,0.0001612190972082317,0.00016311950457748026,Combining phosphatidylinositide 3-kinase and MEK 1/2 inhibitors is effective at treating KRAS mutant tumors.
275,5,29321530,False,NOINFO,NOINFO,False,0.999579131603241,0.0002959201519843191,0.00012505598715506494,Combining phosphatidylinositide 3-kinase and MEK 1/2 inhibitors is effective at treating KRAS mutant tumors.
275,6,14241418,True,SUPPORTS,NOINFO,False,0.9996265172958374,0.0002496887755114585,0.00012384653382468969,Combining phosphatidylinositide 3-kinase and MEK 1/2 inhibitors is effective at treating KRAS mutant tumors.
275,7,85665741,False,NOINFO,NOINFO,False,0.999716579914093,0.00016249020700342953,0.00012098853767383844,Combining phosphatidylinositide 3-kinase and MEK 1/2 inhibitors is effective at treating KRAS mutant tumors.
275,8,34016944,False,NOINFO,NOINFO,False,0.99958735704422,0.00024822025443427265,0.00016438434249721467,Combining phosphatidylinositide 3-kinase and MEK 1/2 inhibitors is effective at treating KRAS mutant tumors.
275,9,5403286,False,NOINFO,NOINFO,False,0.9996451139450073,0.00022602020180784166,0.0001287824270548299,Combining phosphatidylinositide 3-kinase and MEK 1/2 inhibitors is effective at treating KRAS mutant tumors.
275,10,28651643,False,NOINFO,NOINFO,False,0.9996945858001709,0.00014998234109953046,0.00015534894191659987,Combining phosphatidylinositide 3-kinase and MEK 1/2 inhibitors is effective at treating KRAS mutant tumors.
279,1,14376683,True,SUPPORTS,REFUTES,False,0.0019664005376398563,0.08850769698619843,0.909525990486145,Commelina yellow mottle virus' (ComYMV) genome consists of 7489 baise pairs.
279,2,37677954,False,NOINFO,NOINFO,False,0.9994208812713623,0.0002405432751402259,0.00033855848596431315,Commelina yellow mottle virus' (ComYMV) genome consists of 7489 baise pairs.
279,3,35711485,False,NOINFO,NOINFO,False,0.9996019005775452,0.00017126931925304234,0.00022689499019179493,Commelina yellow mottle virus' (ComYMV) genome consists of 7489 baise pairs.
279,4,21230110,False,NOINFO,NOINFO,False,0.9996665716171265,0.0001099408691516146,0.00022339177667163312,Commelina yellow mottle virus' (ComYMV) genome consists of 7489 baise pairs.
279,5,2107238,False,NOINFO,NOINFO,False,0.9996515512466431,0.00012979331950191408,0.00021864025620743632,Commelina yellow mottle virus' (ComYMV) genome consists of 7489 baise pairs.
279,6,5650232,False,NOINFO,NOINFO,False,0.9997100234031677,9.204263187712058e-05,0.00019792275270447135,Commelina yellow mottle virus' (ComYMV) genome consists of 7489 baise pairs.
279,7,7324039,False,NOINFO,NOINFO,False,0.9996638298034668,0.0001065580581780523,0.00022958379122428596,Commelina yellow mottle virus' (ComYMV) genome consists of 7489 baise pairs.
279,8,9872468,False,NOINFO,NOINFO,False,0.9996542930603027,0.00012457779666874558,0.0002212181279901415,Commelina yellow mottle virus' (ComYMV) genome consists of 7489 baise pairs.
279,9,17447653,False,NOINFO,NOINFO,False,0.9996685981750488,0.0001044975288095884,0.00022691013873554766,Commelina yellow mottle virus' (ComYMV) genome consists of 7489 baise pairs.
279,10,83667891,False,NOINFO,NOINFO,False,0.9996010661125183,0.00012263987446203828,0.00027637320454232395,Commelina yellow mottle virus' (ComYMV) genome consists of 7489 baise pairs.
295,1,29423324,False,NOINFO,SUPPORTS,False,0.08649705350399017,0.9123899340629578,0.0011130267521366477,Crosstalk between dendritic cells (DCs) and innate lymphoid cells (ILCs) is important in the regulation of intestinal homeostasis.
295,2,20310709,True,SUPPORTS,SUPPORTS,True,0.00207963353022933,0.997291624546051,0.0006287024007178843,Crosstalk between dendritic cells (DCs) and innate lymphoid cells (ILCs) is important in the regulation of intestinal homeostasis.
295,3,1022115,False,NOINFO,NOINFO,False,0.9957568049430847,0.004037762060761452,0.00020539402612484992,Crosstalk between dendritic cells (DCs) and innate lymphoid cells (ILCs) is important in the regulation of intestinal homeostasis.
295,4,22791348,False,NOINFO,NOINFO,False,0.9996076226234436,0.000276915350696072,0.00011543548316694796,Crosstalk between dendritic cells (DCs) and innate lymphoid cells (ILCs) is important in the regulation of intestinal homeostasis.
295,5,26702468,False,NOINFO,NOINFO,False,0.9994651675224304,0.0004060116480104625,0.0001287592458538711,Crosstalk between dendritic cells (DCs) and innate lymphoid cells (ILCs) is important in the regulation of intestinal homeostasis.
295,6,24044977,False,NOINFO,NOINFO,False,0.999316930770874,0.0005658136797137558,0.00011721923510776833,Crosstalk between dendritic cells (DCs) and innate lymphoid cells (ILCs) is important in the regulation of intestinal homeostasis.
295,7,11415809,False,NOINFO,NOINFO,False,0.9993928670883179,0.0004450142732821405,0.0001621206320123747,Crosstalk between dendritic cells (DCs) and innate lymphoid cells (ILCs) is important in the regulation of intestinal homeostasis.
295,8,40096222,False,NOINFO,NOINFO,False,0.9992398023605347,0.0006057982100173831,0.0001543710968689993,Crosstalk between dendritic cells (DCs) and innate lymphoid cells (ILCs) is important in the regulation of intestinal homeostasis.
295,9,41120293,False,NOINFO,NOINFO,False,0.9994845390319824,0.00037993304431438446,0.00013546929403673857,Crosstalk between dendritic cells (DCs) and innate lymphoid cells (ILCs) is important in the regulation of intestinal homeostasis.
295,10,46926352,False,NOINFO,NOINFO,False,0.9996505975723267,0.00022602143872063607,0.0001233666844200343,Crosstalk between dendritic cells (DCs) and innate lymphoid cells (ILCs) is important in the regulation of intestinal homeostasis.
298,1,23887844,False,NOINFO,NOINFO,False,0.9993436932563782,0.00016660659457556903,0.0004896839964203537,Cytochrome c is released from the mitochondrial intermembrane space to cytosol during apoptosis.
298,2,39381118,True,SUPPORTS,REFUTES,False,0.0030608277302235365,0.022017331793904305,0.9749217629432678,Cytochrome c is released from the mitochondrial intermembrane space to cytosol during apoptosis.
298,3,23403754,False,NOINFO,NOINFO,False,0.9995972514152527,0.00014563788136001676,0.0002571045479271561,Cytochrome c is released from the mitochondrial intermembrane space to cytosol during apoptosis.
298,4,34439544,False,NOINFO,NOINFO,False,0.9850205183029175,0.004789809230715036,0.010189658962190151,Cytochrome c is released from the mitochondrial intermembrane space to cytosol during apoptosis.
298,5,10852047,False,NOINFO,NOINFO,False,0.9996033310890198,0.0001154349884018302,0.00028127492987550795,Cytochrome c is released from the mitochondrial intermembrane space to cytosol during apoptosis.
298,6,15836115,False,NOINFO,NOINFO,False,0.9991481304168701,0.0005836758646182716,0.0002682721824385226,Cytochrome c is released from the mitochondrial intermembrane space to cytosol during apoptosis.
298,7,8654183,False,NOINFO,SUPPORTS,False,0.021330950781702995,0.9367212057113647,0.04194791615009308,Cytochrome c is released from the mitochondrial intermembrane space to cytosol during apoptosis.
298,8,28249680,False,NOINFO,NOINFO,False,0.9995442032814026,0.00010571616439847276,0.00035003162338398397,Cytochrome c is released from the mitochondrial intermembrane space to cytosol during apoptosis.
298,9,9878167,False,NOINFO,NOINFO,False,0.9993230104446411,0.0001349193335045129,0.0005420196102932096,Cytochrome c is released from the mitochondrial intermembrane space to cytosol during apoptosis.
298,10,935034,False,NOINFO,NOINFO,False,0.9996604919433594,7.98080291133374e-05,0.00025964403175748885,Cytochrome c is released from the mitochondrial intermembrane space to cytosol during apoptosis.
314,1,2638387,False,NOINFO,SUPPORTS,False,0.002053583273664117,0.9954351782798767,0.002511193510144949,Deamination of cytidine to uridine on the minus strand of viral DNA results in catastrophic G-to-A mutations in the viral genome.
314,2,544971,False,NOINFO,NOINFO,False,0.9988458156585693,0.0008802236407063901,0.0002740152704063803,Deamination of cytidine to uridine on the minus strand of viral DNA results in catastrophic G-to-A mutations in the viral genome.
314,3,25014337,False,NOINFO,NOINFO,False,0.9995643496513367,0.00020779648912139237,0.00022777447884436697,Deamination of cytidine to uridine on the minus strand of viral DNA results in catastrophic G-to-A mutations in the viral genome.
314,4,20996244,False,NOINFO,NOINFO,False,0.999576985836029,0.00021065963665023446,0.00021231186110526323,Deamination of cytidine to uridine on the minus strand of viral DNA results in catastrophic G-to-A mutations in the viral genome.
314,5,6426919,False,NOINFO,NOINFO,False,0.9995108842849731,0.00021860949345864356,0.00027047444018535316,Deamination of cytidine to uridine on the minus strand of viral DNA results in catastrophic G-to-A mutations in the viral genome.
314,6,2319305,False,NOINFO,NOINFO,False,0.9994365572929382,0.0002168921346310526,0.00034659262746572495,Deamination of cytidine to uridine on the minus strand of viral DNA results in catastrophic G-to-A mutations in the viral genome.
314,7,15319019,False,NOINFO,NOINFO,False,0.9994714856147766,0.00027099254657514393,0.00025757477851584554,Deamination of cytidine to uridine on the minus strand of viral DNA results in catastrophic G-to-A mutations in the viral genome.
314,8,4347374,True,SUPPORTS,SUPPORTS,True,0.0008885447750799358,0.997515082359314,0.0015964258927851915,Deamination of cytidine to uridine on the minus strand of viral DNA results in catastrophic G-to-A mutations in the viral genome.
314,9,34498325,False,NOINFO,NOINFO,False,0.9995761513710022,0.00015963644545990974,0.000264226138824597,Deamination of cytidine to uridine on the minus strand of viral DNA results in catastrophic G-to-A mutations in the viral genome.
314,10,24896957,False,NOINFO,NOINFO,False,0.9996060729026794,0.00020739968749694526,0.00018663951777853072,Deamination of cytidine to uridine on the minus strand of viral DNA results in catastrophic G-to-A mutations in the viral genome.
327,1,17997584,True,SUPPORTS,REFUTES,False,0.0006415527896024287,0.001366148702800274,0.9979922771453857,Deletion of αvβ8 does not result in a spontaneous inflammatory phenotype.
327,2,24998637,False,NOINFO,NOINFO,False,0.9996726512908936,8.202138269552961e-05,0.00024534936528652906,Deletion of αvβ8 does not result in a spontaneous inflammatory phenotype.
327,3,1499964,False,NOINFO,NOINFO,False,0.9997226595878601,7.630698382854462e-05,0.00020104213035665452,Deletion of αvβ8 does not result in a spontaneous inflammatory phenotype.
327,4,23305884,False,NOINFO,NOINFO,False,0.9996435642242432,8.058985986281186e-05,0.00027584569761529565,Deletion of αvβ8 does not result in a spontaneous inflammatory phenotype.
327,5,28644298,False,NOINFO,NOINFO,False,0.9996910095214844,7.252646901179105e-05,0.00023641579900868237,Deletion of αvβ8 does not result in a spontaneous inflammatory phenotype.
327,6,25089501,False,NOINFO,NOINFO,False,0.9996446371078491,9.81639968813397e-05,0.00025711674243211746,Deletion of αvβ8 does not result in a spontaneous inflammatory phenotype.
327,7,3330111,False,NOINFO,NOINFO,False,0.9997369647026062,0.00010553023457759991,0.00015749414160382003,Deletion of αvβ8 does not result in a spontaneous inflammatory phenotype.
327,8,34016987,False,NOINFO,NOINFO,False,0.9995835423469543,0.0001313143438892439,0.00028514122823253274,Deletion of αvβ8 does not result in a spontaneous inflammatory phenotype.
327,9,27789588,False,NOINFO,NOINFO,False,0.9997186064720154,9.797971142688766e-05,0.0001834080758271739,Deletion of αvβ8 does not result in a spontaneous inflammatory phenotype.
327,10,27545868,False,NOINFO,NOINFO,False,0.9996693134307861,0.000100690835097339,0.0002300339110661298,Deletion of αvβ8 does not result in a spontaneous inflammatory phenotype.
338,1,23349986,True,REFUTES,SUPPORTS,False,0.0010651141637936234,0.9683388471603394,0.03059602528810501,Dexamethasone decreases risk of postoperative bleeding.
338,2,24211561,False,NOINFO,NOINFO,False,0.9995898604393005,0.00017843795649241656,0.0002318196347914636,Dexamethasone decreases risk of postoperative bleeding.
338,3,8814634,False,NOINFO,NOINFO,False,0.9994174242019653,0.0002085791202262044,0.00037401760346256196,Dexamethasone decreases risk of postoperative bleeding.
338,4,34338075,False,NOINFO,NOINFO,False,0.9996565580368042,8.218042057706043e-05,0.0002611688105389476,Dexamethasone decreases risk of postoperative bleeding.
338,5,15948830,False,NOINFO,NOINFO,False,0.9994475245475769,0.00014877838839311153,0.0004036324971821159,Dexamethasone decreases risk of postoperative bleeding.
338,6,36288526,False,NOINFO,NOINFO,False,0.9994851350784302,0.00010407103400211781,0.000410805776482448,Dexamethasone decreases risk of postoperative bleeding.
338,7,42404093,False,NOINFO,NOINFO,False,0.9996557235717773,7.750344957457855e-05,0.00026684036129154265,Dexamethasone decreases risk of postoperative bleeding.
338,8,14973286,False,NOINFO,NOINFO,False,0.9995244741439819,0.00011363636440364644,0.0003618416958488524,Dexamethasone decreases risk of postoperative bleeding.
338,9,2391552,False,NOINFO,NOINFO,False,0.9997004270553589,0.00010887614189414307,0.00019071072165388614,Dexamethasone decreases risk of postoperative bleeding.
338,10,6477536,False,NOINFO,NOINFO,False,0.9996302127838135,0.0001076001426554285,0.0002621841267682612,Dexamethasone decreases risk of postoperative bleeding.
343,1,23783727,False,NOINFO,NOINFO,False,0.5109738111495972,0.48709869384765625,0.0019275317899882793,Diabetic patients with acute coronary syndrome experience increased short-term and long-term risk for bleeding events.
343,2,6158879,False,NOINFO,NOINFO,False,0.972984254360199,0.02645508572459221,0.0005606735358014703,Diabetic patients with acute coronary syndrome experience increased short-term and long-term risk for bleeding events.
343,3,7873737,False,NOINFO,NOINFO,False,0.9898605942726135,0.009780362248420715,0.0003590437991078943,Diabetic patients with acute coronary syndrome experience increased short-term and long-term risk for bleeding events.
343,4,5884524,True,SUPPORTS,SUPPORTS,True,0.001159269013442099,0.9978492259979248,0.0009915753034874797,Diabetic patients with acute coronary syndrome experience increased short-term and long-term risk for bleeding events.
343,5,16760369,False,NOINFO,NOINFO,False,0.9753240346908569,0.024247456341981888,0.0004283995949663222,Diabetic patients with acute coronary syndrome experience increased short-term and long-term risk for bleeding events.
343,6,10430148,False,NOINFO,NOINFO,False,0.9992303848266602,0.0005462199915200472,0.0002232942933915183,Diabetic patients with acute coronary syndrome experience increased short-term and long-term risk for bleeding events.
343,7,72933407,False,NOINFO,NOINFO,False,0.9996989965438843,0.00016601606330368668,0.00013497009058482945,Diabetic patients with acute coronary syndrome experience increased short-term and long-term risk for bleeding events.
343,8,6176498,False,NOINFO,NOINFO,False,0.9996299743652344,0.00020781012426596135,0.00016215909272432327,Diabetic patients with acute coronary syndrome experience increased short-term and long-term risk for bleeding events.
343,9,2138843,False,NOINFO,NOINFO,False,0.9997089505195618,0.00015175246517173946,0.0001392558915540576,Diabetic patients with acute coronary syndrome experience increased short-term and long-term risk for bleeding events.
343,10,33960383,False,NOINFO,NOINFO,False,0.9996849298477173,0.00015323801198974252,0.00016185158165171742,Diabetic patients with acute coronary syndrome experience increased short-term and long-term risk for bleeding events.
380,1,26068103,False,NOINFO,NOINFO,False,0.9989174604415894,0.0006638267659582198,0.000418670242652297,Enhanced early production of inflammatory chemokines improves viral control in the lung.
380,2,26030079,False,NOINFO,NOINFO,False,0.9997525811195374,8.99142978596501e-05,0.00015749660087749362,Enhanced early production of inflammatory chemokines improves viral control in the lung.
380,3,19005293,True,SUPPORTS,SUPPORTS,True,0.001149123883806169,0.568001925945282,0.43084898591041565,Enhanced early production of inflammatory chemokines improves viral control in the lung.
380,4,3835423,False,NOINFO,NOINFO,False,0.9996762275695801,0.00013682495045941323,0.000187017532880418,Enhanced early production of inflammatory chemokines improves viral control in the lung.
380,5,21395936,False,NOINFO,NOINFO,False,0.9997250437736511,9.150627010967582e-05,0.00018340925453230739,Enhanced early production of inflammatory chemokines improves viral control in the lung.
380,6,23509113,False,NOINFO,NOINFO,False,0.9997552037239075,9.186717943521217e-05,0.0001529497531009838,Enhanced early production of inflammatory chemokines improves viral control in the lung.
380,7,883747,False,NOINFO,NOINFO,False,0.9997016787528992,0.0001305626065004617,0.0001676456886343658,Enhanced early production of inflammatory chemokines improves viral control in the lung.
380,8,2947124,False,NOINFO,NOINFO,False,0.9996204376220703,0.00013080723874736577,0.00024871379719115794,Enhanced early production of inflammatory chemokines improves viral control in the lung.
380,9,696006,False,NOINFO,NOINFO,False,0.9996391534805298,0.00016407208750024438,0.0001967524876818061,Enhanced early production of inflammatory chemokines improves viral control in the lung.
380,10,12100963,False,NOINFO,NOINFO,False,0.9997356534004211,9.571164264343679e-05,0.00016863661585375667,Enhanced early production of inflammatory chemokines improves viral control in the lung.
385,1,1032372,False,NOINFO,SUPPORTS,False,0.06285321712493896,0.9361070394515991,0.0010397657752037048,Epigenetic modulating agents (EMAs) modulate antitumor immune response in a cancer model system.
385,2,9767444,False,NOINFO,SUPPORTS,False,0.017267543822526932,0.982008695602417,0.0007237636600621045,Epigenetic modulating agents (EMAs) modulate antitumor immune response in a cancer model system.
385,3,9955779,True,SUPPORTS,NOINFO,False,0.9191681742668152,0.07988578081130981,0.0009460714645683765,Epigenetic modulating agents (EMAs) modulate antitumor immune response in a cancer model system.
385,4,1243475,False,NOINFO,NOINFO,False,0.9996967315673828,0.00017061778635252267,0.0001326180063188076,Epigenetic modulating agents (EMAs) modulate antitumor immune response in a cancer model system.
385,5,5123516,False,NOINFO,NOINFO,False,0.999652624130249,0.0002078148245345801,0.00013952027074992657,Epigenetic modulating agents (EMAs) modulate antitumor immune response in a cancer model system.
385,6,10165723,False,NOINFO,NOINFO,False,0.999678373336792,0.00018126399663742632,0.00014034380728844553,Epigenetic modulating agents (EMAs) modulate antitumor immune response in a cancer model system.
385,7,6948886,False,NOINFO,NOINFO,False,0.9997133612632751,0.00013550030416809022,0.00015116151189431548,Epigenetic modulating agents (EMAs) modulate antitumor immune response in a cancer model system.
385,8,6944800,False,NOINFO,NOINFO,False,0.9996533393859863,0.00022165039263200015,0.00012506527127698064,Epigenetic modulating agents (EMAs) modulate antitumor immune response in a cancer model system.
385,9,29190724,False,NOINFO,NOINFO,False,0.9997251629829407,0.00015294516924768686,0.0001219385230797343,Epigenetic modulating agents (EMAs) modulate antitumor immune response in a cancer model system.
385,10,24726600,False,NOINFO,NOINFO,False,0.999622106552124,0.00025811721570789814,0.00011980145063716918,Epigenetic modulating agents (EMAs) modulate antitumor immune response in a cancer model system.
386,1,16495649,True,SUPPORTS,SUPPORTS,True,0.00104861322324723,0.9951935410499573,0.0037578074261546135,Errors in peripheral IV drug administration are most common during bolus administration and multiple-step medicine preparations.
386,2,21260231,False,NOINFO,NOINFO,False,0.9996634721755981,0.00015027089102659374,0.00018628603720571846,Errors in peripheral IV drug administration are most common during bolus administration and multiple-step medicine preparations.
386,3,42404093,False,NOINFO,NOINFO,False,0.9996932744979858,0.00010328264761483297,0.00020340595801826566,Errors in peripheral IV drug administration are most common during bolus administration and multiple-step medicine preparations.
386,4,39300105,False,NOINFO,NOINFO,False,0.999636173248291,0.00015564355999231339,0.00020821769430767745,Errors in peripheral IV drug administration are most common during bolus administration and multiple-step medicine preparations.
386,5,12258338,False,NOINFO,NOINFO,False,0.9995446801185608,0.000261139590293169,0.0001940624788403511,Errors in peripheral IV drug administration are most common during bolus administration and multiple-step medicine preparations.
386,6,38799797,False,NOINFO,NOINFO,False,0.9996925592422485,0.00013844005297869444,0.00016895901353564113,Errors in peripheral IV drug administration are most common during bolus administration and multiple-step medicine preparations.
386,7,24525112,False,NOINFO,NOINFO,False,0.999716579914093,0.00010594110790407285,0.00017741798365022987,Errors in peripheral IV drug administration are most common during bolus administration and multiple-step medicine preparations.
386,8,79231308,False,NOINFO,NOINFO,False,0.9997151494026184,0.00010389187082182616,0.00018091697711497545,Errors in peripheral IV drug administration are most common during bolus administration and multiple-step medicine preparations.
386,9,21958900,False,NOINFO,NOINFO,False,0.9996881484985352,9.951963147614151e-05,0.00021233546431176364,Errors in peripheral IV drug administration are most common during bolus administration and multiple-step medicine preparations.
386,10,9310407,False,NOINFO,NOINFO,False,0.9996352195739746,0.00010510811989661306,0.0002596374833956361,Errors in peripheral IV drug administration are most common during bolus administration and multiple-step medicine preparations.
399,1,791050,True,SUPPORTS,SUPPORTS,True,0.0005289833643473685,0.9964683055877686,0.0030027537140995264,Exposure to fine particulate air pollution is relate to anxiety prevalence.
399,2,471921,False,NOINFO,NOINFO,False,0.9996960163116455,0.000112112560600508,0.0001918306079460308,Exposure to fine particulate air pollution is relate to anxiety prevalence.
399,3,32357890,False,NOINFO,NOINFO,False,0.9996845722198486,0.0001362926559522748,0.00017915331409312785,Exposure to fine particulate air pollution is relate to anxiety prevalence.
399,4,21003930,False,NOINFO,NOINFO,False,0.9996534585952759,0.00015656091272830963,0.00018995831487700343,Exposure to fine particulate air pollution is relate to anxiety prevalence.
399,5,42387637,False,NOINFO,NOINFO,False,0.9996863603591919,0.00011145650205435231,0.00020221620798110962,Exposure to fine particulate air pollution is relate to anxiety prevalence.
399,6,21495419,False,NOINFO,NOINFO,False,0.9997299313545227,0.00010824325727298856,0.00016185887216124684,Exposure to fine particulate air pollution is relate to anxiety prevalence.
399,7,3580005,False,NOINFO,NOINFO,False,0.9996367692947388,0.00012953815166838467,0.00023364881053566933,Exposure to fine particulate air pollution is relate to anxiety prevalence.
399,8,7285256,False,NOINFO,NOINFO,False,0.9997180104255676,9.855543612502515e-05,0.00018340795941185206,Exposure to fine particulate air pollution is relate to anxiety prevalence.
399,9,11469078,False,NOINFO,NOINFO,False,0.9997270703315735,9.515165584161878e-05,0.00017776669119484723,Exposure to fine particulate air pollution is relate to anxiety prevalence.
399,10,27453479,False,NOINFO,NOINFO,False,0.9996871948242188,0.00010552498133620247,0.00020741652406286448,Exposure to fine particulate air pollution is relate to anxiety prevalence.
415,1,20937018,False,NOINFO,NOINFO,False,0.9996737241744995,0.00019599220831878483,0.00013030419358983636,Female carriers of the Apolipoprotein E4 (APOE4) allele have increased risk for dementia.
415,2,51386222,False,NOINFO,SUPPORTS,False,0.0021365215070545673,0.9969364404678345,0.000927018525544554,Female carriers of the Apolipoprotein E4 (APOE4) allele have increased risk for dementia.
415,3,4505748,False,NOINFO,NOINFO,False,0.9996101260185242,0.0002363966777920723,0.0001535260962555185,Female carriers of the Apolipoprotein E4 (APOE4) allele have increased risk for dementia.
415,4,24530130,False,NOINFO,NOINFO,False,0.9989123344421387,0.0009334023925475776,0.0001543205144116655,Female carriers of the Apolipoprotein E4 (APOE4) allele have increased risk for dementia.
415,5,18852643,False,NOINFO,NOINFO,False,0.9997273087501526,0.00014200506848283112,0.00013056595344096422,Female carriers of the Apolipoprotein E4 (APOE4) allele have increased risk for dementia.
415,6,4709641,False,NOINFO,NOINFO,False,0.9995050430297852,0.00034324792795814574,0.00015172151324804872,Female carriers of the Apolipoprotein E4 (APOE4) allele have increased risk for dementia.
415,7,6917133,False,NOINFO,NOINFO,False,0.6532846689224243,0.34492987394332886,0.00178544782102108,Female carriers of the Apolipoprotein E4 (APOE4) allele have increased risk for dementia.
415,8,6947286,False,NOINFO,NOINFO,False,0.9995144605636597,0.00034057992161251605,0.00014505810395348817,Female carriers of the Apolipoprotein E4 (APOE4) allele have increased risk for dementia.
415,9,41782935,False,NOINFO,NOINFO,False,0.9995641112327576,0.00030352536123245955,0.00013234168000053614,Female carriers of the Apolipoprotein E4 (APOE4) allele have increased risk for dementia.
415,10,15347087,False,NOINFO,NOINFO,False,0.9994688630104065,0.00040206743869930506,0.00012901145964860916,Female carriers of the Apolipoprotein E4 (APOE4) allele have increased risk for dementia.
431,1,14496749,False,NOINFO,SUPPORTS,False,0.04709796980023384,0.9516924023628235,0.00120957987383008,FoxO3a activation in neuronal death is mediated by reactive oxygen species (ROS).
431,2,29429111,False,NOINFO,NOINFO,False,0.9985461235046387,0.0009711770690046251,0.0004826491349376738,FoxO3a activation in neuronal death is mediated by reactive oxygen species (ROS).
431,3,14848619,False,NOINFO,NOINFO,False,0.9980454444885254,0.000806303636636585,0.0011482288828119636,FoxO3a activation in neuronal death is mediated by reactive oxygen species (ROS).
431,4,28937856,True,SUPPORTS,NOINFO,False,0.9880555272102356,0.004795192740857601,0.007149395998567343,FoxO3a activation in neuronal death is mediated by reactive oxygen species (ROS).
431,5,16728949,False,NOINFO,NOINFO,False,0.9975705742835999,0.0010823678458109498,0.0013470285339280963,FoxO3a activation in neuronal death is mediated by reactive oxygen species (ROS).
431,6,4795303,False,NOINFO,NOINFO,False,0.9984037280082703,0.0005924256984144449,0.0010038212640210986,FoxO3a activation in neuronal death is mediated by reactive oxygen species (ROS).
431,7,2543135,False,NOINFO,NOINFO,False,0.9987666606903076,0.00047249466297216713,0.0007609662134200335,FoxO3a activation in neuronal death is mediated by reactive oxygen species (ROS).
431,8,8002887,False,NOINFO,NOINFO,False,0.9970020651817322,0.0010004560463130474,0.0019974317401647568,FoxO3a activation in neuronal death is mediated by reactive oxygen species (ROS).
431,9,6121555,False,NOINFO,NOINFO,False,0.9959535598754883,0.001767765381373465,0.0022787395864725113,FoxO3a activation in neuronal death is mediated by reactive oxygen species (ROS).
431,10,25488034,False,NOINFO,NOINFO,False,0.9991011619567871,0.0002751580614130944,0.0006237222114577889,FoxO3a activation in neuronal death is mediated by reactive oxygen species (ROS).
436,1,14637235,True,SUPPORTS,SUPPORTS,True,0.015555075369775295,0.9837380647659302,0.0007068607956171036,Free histones are degraded by a Rad53-dependent mechanism once DNA has been replicated.
436,2,12588500,False,NOINFO,NOINFO,False,0.9996176958084106,0.000185189230251126,0.00019713291840162128,Free histones are degraded by a Rad53-dependent mechanism once DNA has been replicated.
436,3,8267678,False,NOINFO,NOINFO,False,0.9996697902679443,0.0001280332071473822,0.0002022128610406071,Free histones are degraded by a Rad53-dependent mechanism once DNA has been replicated.
436,4,406733,False,NOINFO,NOINFO,False,0.999639630317688,0.0001253080554306507,0.00023502252588514239,Free histones are degraded by a Rad53-dependent mechanism once DNA has been replicated.
436,5,12156187,False,NOINFO,NOINFO,False,0.9996750354766846,0.00016027710807975382,0.0001647201570449397,Free histones are degraded by a Rad53-dependent mechanism once DNA has been replicated.
436,6,20781656,False,NOINFO,NOINFO,False,0.9997246861457825,0.00011658197036013007,0.0001587274018675089,Free histones are degraded by a Rad53-dependent mechanism once DNA has been replicated.
436,7,5389523,False,NOINFO,NOINFO,False,0.9995378255844116,0.0002611377858556807,0.00020100495021324605,Free histones are degraded by a Rad53-dependent mechanism once DNA has been replicated.
436,8,11532659,False,NOINFO,NOINFO,False,0.9996480941772461,0.00015902554150670767,0.0001929486752487719,Free histones are degraded by a Rad53-dependent mechanism once DNA has been replicated.
436,9,34034749,False,NOINFO,NOINFO,False,0.9997106194496155,0.00010010672122007236,0.00018922853632830083,Free histones are degraded by a Rad53-dependent mechanism once DNA has been replicated.
436,10,12086599,False,NOINFO,NOINFO,False,0.9995143413543701,0.00020982520072720945,0.0002758100163191557,Free histones are degraded by a Rad53-dependent mechanism once DNA has been replicated.
443,1,10165258,True,SUPPORTS,SUPPORTS,True,0.0015343150589615107,0.9978700876235962,0.0005955886445008218,GATA-3 is important for hematopoietic stem cell (HSC) function.
443,2,13048272,False,NOINFO,NOINFO,False,0.9989383816719055,0.000908249116037041,0.00015342292317654938,GATA-3 is important for hematopoietic stem cell (HSC) function.
443,3,92499,False,NOINFO,NOINFO,False,0.9997280240058899,0.00012146346853114665,0.0001505744003225118,GATA-3 is important for hematopoietic stem cell (HSC) function.
443,4,5415832,False,NOINFO,NOINFO,False,0.9997209906578064,0.00012929628428537399,0.00014969366020523012,GATA-3 is important for hematopoietic stem cell (HSC) function.
443,5,13116880,False,NOINFO,NOINFO,False,0.9997488856315613,0.00011934951180592179,0.00013185010175220668,GATA-3 is important for hematopoietic stem cell (HSC) function.
443,6,19583924,False,NOINFO,NOINFO,False,0.9995909333229065,0.0002482211566530168,0.00016089087876025587,GATA-3 is important for hematopoietic stem cell (HSC) function.
443,7,13980338,False,NOINFO,NOINFO,False,0.9995965361595154,0.00023409616551361978,0.00016927307297009975,GATA-3 is important for hematopoietic stem cell (HSC) function.
443,8,9911547,False,NOINFO,NOINFO,False,0.9995750784873962,0.00025559679488651454,0.00016926943499129266,GATA-3 is important for hematopoietic stem cell (HSC) function.
443,9,17271462,False,NOINFO,NOINFO,False,0.9996871948242188,0.00016633866471238434,0.00014650692173745483,GATA-3 is important for hematopoietic stem cell (HSC) function.
443,10,3321943,False,NOINFO,NOINFO,False,0.9996150732040405,0.0001986785209737718,0.0001862770295701921,GATA-3 is important for hematopoietic stem cell (HSC) function.
452,1,9154703,False,NOINFO,REFUTES,False,0.010335874743759632,0.0011848370777443051,0.9884793162345886,Gene expression does not vary appreciably across genetically identical cells.
452,2,54561709,False,NOINFO,NOINFO,False,0.9987117052078247,0.00023388894624076784,0.0010543775279074907,Gene expression does not vary appreciably across genetically identical cells.
452,3,31543713,False,NOINFO,NOINFO,False,0.9996871948242188,0.00011680550232995301,0.00019599484221544117,Gene expression does not vary appreciably across genetically identical cells.
452,4,12804937,True,REFUTES,REFUTES,True,0.023086348548531532,0.0012304213596507907,0.9756832122802734,Gene expression does not vary appreciably across genetically identical cells.
452,5,21855837,False,NOINFO,NOINFO,False,0.9988487958908081,0.00029055142658762634,0.0008606759365648031,Gene expression does not vary appreciably across genetically identical cells.
452,6,37437064,False,NOINFO,NOINFO,False,0.9984690546989441,0.0002717803290579468,0.0012591563863679767,Gene expression does not vary appreciably across genetically identical cells.
452,7,13223806,False,NOINFO,NOINFO,False,0.9995692372322083,0.00013364109327085316,0.0002970753703266382,Gene expression does not vary appreciably across genetically identical cells.
452,8,13592721,False,NOINFO,NOINFO,False,0.9994683861732483,0.0001532048190711066,0.00037844566395506263,Gene expression does not vary appreciably across genetically identical cells.
452,9,32181055,False,NOINFO,NOINFO,False,0.9994163513183594,0.00021901614672970027,0.0003646401746664196,Gene expression does not vary appreciably across genetically identical cells.
452,10,24530633,False,NOINFO,NOINFO,False,0.9993630051612854,0.0002570442738942802,0.00037988682743161917,Gene expression does not vary appreciably across genetically identical cells.
475,1,23576165,False,NOINFO,NOINFO,False,0.9994718432426453,0.00039816126809455454,0.00013002367631997913,Glycolysis is one of the primary glycometabolic pathways in cells.
475,2,195689757,False,NOINFO,NOINFO,False,0.9993859529495239,0.000486843753606081,0.00012724906264338642,Glycolysis is one of the primary glycometabolic pathways in cells.
475,3,18810195,False,NOINFO,NOINFO,False,0.997113823890686,0.002711869776248932,0.00017421261873096228,Glycolysis is one of the primary glycometabolic pathways in cells.
475,4,20672596,False,NOINFO,NOINFO,False,0.99808669090271,0.00170868297573179,0.0002046718291239813,Glycolysis is one of the primary glycometabolic pathways in cells.
475,5,7548577,False,NOINFO,NOINFO,False,0.9996212720870972,0.00022207660367712379,0.00015655587776564062,Glycolysis is one of the primary glycometabolic pathways in cells.
475,6,3468459,False,NOINFO,NOINFO,False,0.996796190738678,0.003018444636836648,0.00018538928998168558,Glycolysis is one of the primary glycometabolic pathways in cells.
475,7,18678095,True,SUPPORTS,NOINFO,False,0.9989134073257446,0.0009352281922474504,0.00015133584383875132,Glycolysis is one of the primary glycometabolic pathways in cells.
475,8,27647593,False,NOINFO,NOINFO,False,0.9996825456619263,0.00017810628924053162,0.00013925220991950482,Glycolysis is one of the primary glycometabolic pathways in cells.
475,9,3831884,False,NOINFO,NOINFO,False,0.9968113303184509,0.0030214395374059677,0.00016716099344193935,Glycolysis is one of the primary glycometabolic pathways in cells.
475,10,35543846,False,NOINFO,NOINFO,False,0.8946361541748047,0.1044248715043068,0.0009389829938299954,Glycolysis is one of the primary glycometabolic pathways in cells.
501,1,17930286,True,SUPPORTS,REFUTES,False,0.0009013244998641312,0.0009764695423655212,0.9981221556663513,Headaches are not correlated with cognitive impairment.
501,2,24510595,False,NOINFO,NOINFO,False,0.999067485332489,7.670510240131989e-05,0.0008558349800296128,Headaches are not correlated with cognitive impairment.
501,3,41735503,False,NOINFO,NOINFO,False,0.9996111989021301,8.058724779402837e-05,0.0003083196934312582,Headaches are not correlated with cognitive impairment.
501,4,42095718,False,NOINFO,NOINFO,False,0.9996349811553955,9.607656829757616e-05,0.0002689276298042387,Headaches are not correlated with cognitive impairment.
501,5,14566771,False,NOINFO,NOINFO,False,0.9994838237762451,0.00011564684245968238,0.0004005059599876404,Headaches are not correlated with cognitive impairment.
501,6,24865781,False,NOINFO,NOINFO,False,0.9987708926200867,0.00021297094644978642,0.0010160275269299746,Headaches are not correlated with cognitive impairment.
501,7,30813140,False,NOINFO,NOINFO,False,0.9995868802070618,0.00011431130405981094,0.0002988264604937285,Headaches are not correlated with cognitive impairment.
501,8,72372925,False,NOINFO,NOINFO,False,0.999596893787384,9.239240898750722e-05,0.00031073344871401787,Headaches are not correlated with cognitive impairment.
501,9,8672737,False,NOINFO,NOINFO,False,0.9995577931404114,8.169223292497918e-05,0.0003604430239647627,Headaches are not correlated with cognitive impairment.
501,10,15984735,False,NOINFO,NOINFO,False,0.999381422996521,8.953049837145954e-05,0.0005289778346195817,Headaches are not correlated with cognitive impairment.
513,1,13230773,True,REFUTES,NOINFO,False,0.9949753284454346,0.0024044648744165897,0.002620236948132515,High cardiopulmonary fitness causes increased mortality rate.
513,2,12770738,False,NOINFO,NOINFO,False,0.9988445043563843,0.0008325644885189831,0.0003228684654459357,High cardiopulmonary fitness causes increased mortality rate.
513,3,25301182,False,NOINFO,NOINFO,False,0.999674916267395,8.396665361942723e-05,0.00024107481294777244,High cardiopulmonary fitness causes increased mortality rate.
513,4,2774906,False,NOINFO,NOINFO,False,0.9997026324272156,0.00011612489470280707,0.0001812684058677405,High cardiopulmonary fitness causes increased mortality rate.
513,5,24918110,False,NOINFO,NOINFO,False,0.9994317889213562,0.0003155746962875128,0.00025258277310058475,High cardiopulmonary fitness causes increased mortality rate.
513,6,2820454,False,NOINFO,NOINFO,False,0.9996997117996216,8.920984691940248e-05,0.0002110973873641342,High cardiopulmonary fitness causes increased mortality rate.
513,7,6993046,False,NOINFO,NOINFO,False,0.9995802044868469,0.00012097202852601185,0.00029882448143325746,High cardiopulmonary fitness causes increased mortality rate.
513,8,6647414,False,NOINFO,NOINFO,False,0.9996610879898071,0.00012240793148521334,0.000216517539229244,High cardiopulmonary fitness causes increased mortality rate.
513,9,40817021,False,NOINFO,NOINFO,False,0.9994484782218933,0.00016024080105125904,0.0003912143874913454,High cardiopulmonary fitness causes increased mortality rate.
513,10,24443043,False,NOINFO,NOINFO,False,0.999603807926178,0.00011933218775084242,0.00027691430295817554,High cardiopulmonary fitness causes increased mortality rate.
516,1,29564505,True,REFUTES,REFUTES,True,0.0012932722456753254,0.0008464938146062195,0.9978602528572083,High levels of CRP reduces the risk of exacerbations in chronic obstructive pulmonary disease (COPD).
516,2,21287352,False,NOINFO,NOINFO,False,0.9993913173675537,0.0001963198883458972,0.0004123748803976923,High levels of CRP reduces the risk of exacerbations in chronic obstructive pulmonary disease (COPD).
516,3,40935722,False,NOINFO,NOINFO,False,0.9996532201766968,8.512067142874002e-05,0.0002616785641293973,High levels of CRP reduces the risk of exacerbations in chronic obstructive pulmonary disease (COPD).
516,4,7285256,False,NOINFO,NOINFO,False,0.9997231364250183,8.529305341653526e-05,0.00019146149861626327,High levels of CRP reduces the risk of exacerbations in chronic obstructive pulmonary disease (COPD).
516,5,21495419,False,NOINFO,NOINFO,False,0.9997166991233826,9.33102928684093e-05,0.00018997033475898206,High levels of CRP reduces the risk of exacerbations in chronic obstructive pulmonary disease (COPD).
516,6,21048969,False,NOINFO,NOINFO,False,0.999586284160614,0.00012359990796539932,0.00029019860085099936,High levels of CRP reduces the risk of exacerbations in chronic obstructive pulmonary disease (COPD).
516,7,20109325,False,NOINFO,NOINFO,False,0.9997164607048035,9.797950042411685e-05,0.00018556960276328027,High levels of CRP reduces the risk of exacerbations in chronic obstructive pulmonary disease (COPD).
516,8,5558754,False,NOINFO,NOINFO,False,0.9995762705802917,0.00013469019904732704,0.00028906433726660907,High levels of CRP reduces the risk of exacerbations in chronic obstructive pulmonary disease (COPD).
516,9,18988265,False,NOINFO,NOINFO,False,0.9996071457862854,6.906440103193745e-05,0.00032374667352996767,High levels of CRP reduces the risk of exacerbations in chronic obstructive pulmonary disease (COPD).
516,10,6417632,False,NOINFO,NOINFO,False,0.9997013211250305,8.462744881398976e-05,0.00021400366676971316,High levels of CRP reduces the risk of exacerbations in chronic obstructive pulmonary disease (COPD).
521,1,34873974,True,SUPPORTS,NOINFO,False,0.9991855025291443,0.00044059817446395755,0.00037393081584014,High-sensitivity cardiac troponin T (HSCT-T) dosage may not be diagnostic if the onset of symptoms occurs less than 3 hours before acute myocardial injury (AMI).
521,2,3056682,False,NOINFO,NOINFO,False,0.999506950378418,0.0002477160014677793,0.000245308707235381,High-sensitivity cardiac troponin T (HSCT-T) dosage may not be diagnostic if the onset of symptoms occurs less than 3 hours before acute myocardial injury (AMI).
521,3,25028913,False,NOINFO,NOINFO,False,0.9995511174201965,0.00015351704496424645,0.0002953344665002078,High-sensitivity cardiac troponin T (HSCT-T) dosage may not be diagnostic if the onset of symptoms occurs less than 3 hours before acute myocardial injury (AMI).
521,4,29526125,False,NOINFO,NOINFO,False,0.9995459914207458,0.00017327851674053818,0.0002807099954225123,High-sensitivity cardiac troponin T (HSCT-T) dosage may not be diagnostic if the onset of symptoms occurs less than 3 hours before acute myocardial injury (AMI).
521,5,7602348,False,NOINFO,NOINFO,False,0.9996575117111206,0.00010088649287354201,0.0002415419148746878,High-sensitivity cardiac troponin T (HSCT-T) dosage may not be diagnostic if the onset of symptoms occurs less than 3 hours before acute myocardial injury (AMI).
521,6,27550580,False,NOINFO,NOINFO,False,0.9994972944259644,0.00013441676856018603,0.00036824840935878456,High-sensitivity cardiac troponin T (HSCT-T) dosage may not be diagnostic if the onset of symptoms occurs less than 3 hours before acute myocardial injury (AMI).
521,7,43483151,False,NOINFO,NOINFO,False,0.9995962977409363,0.00012628537660930306,0.0002774535969365388,High-sensitivity cardiac troponin T (HSCT-T) dosage may not be diagnostic if the onset of symptoms occurs less than 3 hours before acute myocardial injury (AMI).
521,8,24660385,False,NOINFO,NOINFO,False,0.9996665716171265,0.00012928925571031868,0.00020419662178028375,High-sensitivity cardiac troponin T (HSCT-T) dosage may not be diagnostic if the onset of symptoms occurs less than 3 hours before acute myocardial injury (AMI).
521,9,26341063,False,NOINFO,NOINFO,False,0.9996482133865356,0.00010108279820997268,0.00025067143724299967,High-sensitivity cardiac troponin T (HSCT-T) dosage may not be diagnostic if the onset of symptoms occurs less than 3 hours before acute myocardial injury (AMI).
521,10,23633726,False,NOINFO,NOINFO,False,0.9996880292892456,0.00011365496175130829,0.00019830532255582511,High-sensitivity cardiac troponin T (HSCT-T) dosage may not be diagnostic if the onset of symptoms occurs less than 3 hours before acute myocardial injury (AMI).
525,1,13639330,True,SUPPORTS,NOINFO,False,0.8462620377540588,0.15291643142700195,0.000821460853330791,Histone demethylase recruitment and a transient decrease in histone methylation is necessary for ligand-dependent induction of transcription by nuclear receptors.
525,2,20028729,False,NOINFO,NOINFO,False,0.9996097683906555,0.00026734976563602686,0.00012288070865906775,Histone demethylase recruitment and a transient decrease in histone methylation is necessary for ligand-dependent induction of transcription by nuclear receptors.
525,3,8267678,False,NOINFO,NOINFO,False,0.9996548891067505,0.000185196113307029,0.0001599611423444003,Histone demethylase recruitment and a transient decrease in histone methylation is necessary for ligand-dependent induction of transcription by nuclear receptors.
525,4,8548635,False,NOINFO,NOINFO,False,0.9995474219322205,0.00022033210552763194,0.00023226301709655672,Histone demethylase recruitment and a transient decrease in histone methylation is necessary for ligand-dependent induction of transcription by nuclear receptors.
525,5,3230361,False,NOINFO,NOINFO,False,0.9997112154960632,0.0001255620300071314,0.00016312531079165637,Histone demethylase recruitment and a transient decrease in histone methylation is necessary for ligand-dependent induction of transcription by nuclear receptors.
525,6,2754534,False,NOINFO,NOINFO,False,0.9996083378791809,0.0001914395106723532,0.00020023543038405478,Histone demethylase recruitment and a transient decrease in histone methylation is necessary for ligand-dependent induction of transcription by nuclear receptors.
525,7,29788648,False,NOINFO,NOINFO,False,0.9995680451393127,0.00017843405657913536,0.0002536059182602912,Histone demethylase recruitment and a transient decrease in histone methylation is necessary for ligand-dependent induction of transcription by nuclear receptors.
525,8,4455466,False,NOINFO,NOINFO,False,0.9996497631072998,0.0001679647248238325,0.0001823239726945758,Histone demethylase recruitment and a transient decrease in histone methylation is necessary for ligand-dependent induction of transcription by nuclear receptors.
525,9,2151983,False,NOINFO,NOINFO,False,0.9996497631072998,0.00016027306264732033,0.00018995761638507247,Histone demethylase recruitment and a transient decrease in histone methylation is necessary for ligand-dependent induction of transcription by nuclear receptors.
525,10,15215393,False,NOINFO,NOINFO,False,0.9996594190597534,0.00012954107660334557,0.00021108888904564083,Histone demethylase recruitment and a transient decrease in histone methylation is necessary for ligand-dependent induction of transcription by nuclear receptors.
528,1,5476778,True,SUPPORTS,SUPPORTS,True,0.002763659693300724,0.9965019226074219,0.0007344454643316567,Human T-lymphotropic virus type-I-associated myelopathy / tropical spastic paraparesis (HAM/TSP) patients produce Immunoglobulin G (IgG) antibodies which cross-react with an immunodominant epitope in Tax.
528,2,24512064,False,NOINFO,NOINFO,False,0.9997385144233704,0.00012028434139210731,0.00014117704995442182,Human T-lymphotropic virus type-I-associated myelopathy / tropical spastic paraparesis (HAM/TSP) patients produce Immunoglobulin G (IgG) antibodies which cross-react with an immunodominant epitope in Tax.
528,3,23326722,False,NOINFO,NOINFO,False,0.9995830655097961,0.0002586117770988494,0.00015839525440242141,Human T-lymphotropic virus type-I-associated myelopathy / tropical spastic paraparesis (HAM/TSP) patients produce Immunoglobulin G (IgG) antibodies which cross-react with an immunodominant epitope in Tax.
528,4,28738741,False,NOINFO,NOINFO,False,0.9997337460517883,0.00010845529322978109,0.00015780152170918882,Human T-lymphotropic virus type-I-associated myelopathy / tropical spastic paraparesis (HAM/TSP) patients produce Immunoglobulin G (IgG) antibodies which cross-react with an immunodominant epitope in Tax.
528,5,8300657,False,NOINFO,NOINFO,False,0.9996904134750366,0.0001428343093721196,0.0001666643947828561,Human T-lymphotropic virus type-I-associated myelopathy / tropical spastic paraparesis (HAM/TSP) patients produce Immunoglobulin G (IgG) antibodies which cross-react with an immunodominant epitope in Tax.
528,6,20754359,False,NOINFO,NOINFO,False,0.9995638728141785,0.0002516313106752932,0.00018445731257088482,Human T-lymphotropic virus type-I-associated myelopathy / tropical spastic paraparesis (HAM/TSP) patients produce Immunoglobulin G (IgG) antibodies which cross-react with an immunodominant epitope in Tax.
528,7,5377059,False,NOINFO,NOINFO,False,0.9996273517608643,0.00019868096569553018,0.00017397086776327342,Human T-lymphotropic virus type-I-associated myelopathy / tropical spastic paraparesis (HAM/TSP) patients produce Immunoglobulin G (IgG) antibodies which cross-react with an immunodominant epitope in Tax.
528,8,13322804,False,NOINFO,NOINFO,False,0.9997313618659973,0.0001290453365072608,0.0001395312719978392,Human T-lymphotropic virus type-I-associated myelopathy / tropical spastic paraparesis (HAM/TSP) patients produce Immunoglobulin G (IgG) antibodies which cross-react with an immunodominant epitope in Tax.
528,9,39443128,False,NOINFO,NOINFO,False,0.9997178912162781,0.00013210377073846757,0.0001499858481111005,Human T-lymphotropic virus type-I-associated myelopathy / tropical spastic paraparesis (HAM/TSP) patients produce Immunoglobulin G (IgG) antibodies which cross-react with an immunodominant epitope in Tax.
528,10,601033,False,NOINFO,NOINFO,False,0.9995385408401489,0.0002868039591703564,0.0001746362540870905,Human T-lymphotropic virus type-I-associated myelopathy / tropical spastic paraparesis (HAM/TSP) patients produce Immunoglobulin G (IgG) antibodies which cross-react with an immunodominant epitope in Tax.
532,1,12991445,True,REFUTES,NOINFO,False,0.993436872959137,0.0003268150903750211,0.006236191838979721,Hyperfibrinogenemia decreases rates of femoropopliteal bypass thrombosis.
532,2,34338075,False,NOINFO,NOINFO,False,0.9995811581611633,7.153377373469993e-05,0.00034732045605778694,Hyperfibrinogenemia decreases rates of femoropopliteal bypass thrombosis.
532,3,1387104,False,NOINFO,NOINFO,False,0.9993969202041626,9.530619718134403e-05,0.0005077281966805458,Hyperfibrinogenemia decreases rates of femoropopliteal bypass thrombosis.
532,4,36288526,False,NOINFO,NOINFO,False,0.9996148347854614,7.629875472048298e-05,0.0003089236270170659,Hyperfibrinogenemia decreases rates of femoropopliteal bypass thrombosis.
532,5,11718220,False,NOINFO,NOINFO,False,0.9995457530021667,8.730023546377197e-05,0.0003668305289465934,Hyperfibrinogenemia decreases rates of femoropopliteal bypass thrombosis.
532,6,21301090,False,NOINFO,NOINFO,False,0.9996325969696045,6.733460759278387e-05,0.00030000973492860794,Hyperfibrinogenemia decreases rates of femoropopliteal bypass thrombosis.
532,7,37424881,False,NOINFO,NOINFO,False,0.9996252059936523,7.181691762525588e-05,0.00030295163742266595,Hyperfibrinogenemia decreases rates of femoropopliteal bypass thrombosis.
532,8,21164071,False,NOINFO,NOINFO,False,0.9994850158691406,9.112762927543372e-05,0.00042384612606838346,Hyperfibrinogenemia decreases rates of femoropopliteal bypass thrombosis.
532,9,23195674,False,NOINFO,NOINFO,False,0.999387264251709,7.643052231287584e-05,0.0005362627562135458,Hyperfibrinogenemia decreases rates of femoropopliteal bypass thrombosis.
532,10,14973286,False,NOINFO,NOINFO,False,0.9995002746582031,8.729625551495701e-05,0.000412419845815748,Hyperfibrinogenemia decreases rates of femoropopliteal bypass thrombosis.
533,1,12991445,True,SUPPORTS,NOINFO,False,0.9984580278396606,0.0003729294694494456,0.0011690740939229727,Hyperfibrinogenemia increases rates of femoropopliteal bypass thrombosis.
533,2,1387104,False,NOINFO,NOINFO,False,0.9997269511222839,0.00010470794950379059,0.00016830609820317477,Hyperfibrinogenemia increases rates of femoropopliteal bypass thrombosis.
533,3,34338075,False,NOINFO,NOINFO,False,0.9997017979621887,8.028034790186211e-05,0.00021779880626127124,Hyperfibrinogenemia increases rates of femoropopliteal bypass thrombosis.
533,4,36288526,False,NOINFO,NOINFO,False,0.9996857643127441,8.429621084360406e-05,0.00023003769456408918,Hyperfibrinogenemia increases rates of femoropopliteal bypass thrombosis.
533,5,11718220,False,NOINFO,NOINFO,False,0.9997135996818542,8.446336869383231e-05,0.000201827147975564,Hyperfibrinogenemia increases rates of femoropopliteal bypass thrombosis.
533,6,21301090,False,NOINFO,NOINFO,False,0.9997215867042542,7.224592263810337e-05,0.00020621184376068413,Hyperfibrinogenemia increases rates of femoropopliteal bypass thrombosis.
533,7,37424881,False,NOINFO,NOINFO,False,0.9996951818466187,7.750651275273412e-05,0.0002273597929161042,Hyperfibrinogenemia increases rates of femoropopliteal bypass thrombosis.
533,8,21164071,False,NOINFO,NOINFO,False,0.9996920824050903,8.186293416656554e-05,0.00022603081015404314,Hyperfibrinogenemia increases rates of femoropopliteal bypass thrombosis.
533,9,14973286,False,NOINFO,NOINFO,False,0.9997230172157288,8.397069905186072e-05,0.0001929631398525089,Hyperfibrinogenemia increases rates of femoropopliteal bypass thrombosis.
533,10,23195674,False,NOINFO,NOINFO,False,0.999649167060852,8.445791900157928e-05,0.00026631797663867474,Hyperfibrinogenemia increases rates of femoropopliteal bypass thrombosis.
536,1,16056514,True,SUPPORTS,SUPPORTS,True,0.0005306210368871689,0.9840567111968994,0.01541266217827797,Hypocretin neurones induce panicprone state in rats.
536,2,3943235,False,NOINFO,NOINFO,False,0.999618649482727,0.00010717941768234596,0.0002742272918112576,Hypocretin neurones induce panicprone state in rats.
536,3,36357627,False,NOINFO,NOINFO,False,0.9996148347854614,0.00012457289267331362,0.0002606483467388898,Hypocretin neurones induce panicprone state in rats.
536,4,4951831,False,NOINFO,NOINFO,False,0.9995529055595398,0.00014478062803391367,0.0003023386816494167,Hypocretin neurones induce panicprone state in rats.
536,5,4462155,False,NOINFO,NOINFO,False,0.9995404481887817,0.0002069814217975363,0.00025261021801270545,Hypocretin neurones induce panicprone state in rats.
536,6,25007443,False,NOINFO,NOINFO,False,0.9996716976165771,0.00012878584675490856,0.00019946742395404726,Hypocretin neurones induce panicprone state in rats.
536,7,17506075,False,NOINFO,NOINFO,False,0.9997250437736511,0.00010228218889096752,0.00017263388144783676,Hypocretin neurones induce panicprone state in rats.
536,8,2436602,False,NOINFO,NOINFO,False,0.9995908141136169,0.0001746453926898539,0.00023455249902326614,Hypocretin neurones induce panicprone state in rats.
536,9,25440070,False,NOINFO,NOINFO,False,0.9996086955070496,0.00014592427760362625,0.0002453336783219129,Hypocretin neurones induce panicprone state in rats.
536,10,1070920,False,NOINFO,NOINFO,False,0.999643087387085,0.00015115088899619877,0.00020579330157488585,Hypocretin neurones induce panicprone state in rats.
539,1,13282296,True,SUPPORTS,REFUTES,False,0.0012367810122668743,0.002592820907011628,0.9961703419685364,Hypoglycemia increases the risk of dementia.
539,2,24921368,False,NOINFO,NOINFO,False,0.9996225833892822,0.00010802044562296942,0.0002694500726647675,Hypoglycemia increases the risk of dementia.
539,3,1904291,False,NOINFO,NOINFO,False,0.9997033476829529,7.872771675465629e-05,0.0002177991409553215,Hypoglycemia increases the risk of dementia.
539,4,10190462,False,NOINFO,NOINFO,False,0.999194324016571,0.00025301644927822053,0.000552638724911958,Hypoglycemia increases the risk of dementia.
539,5,21472388,False,NOINFO,NOINFO,False,0.9996688365936279,8.106549648800865e-05,0.00025018746964633465,Hypoglycemia increases the risk of dementia.
539,6,41264017,False,NOINFO,NOINFO,False,0.9994093179702759,0.00018228012777399272,0.00040837479173205793,Hypoglycemia increases the risk of dementia.
539,7,45457778,False,NOINFO,NOINFO,False,0.9996529817581177,9.932194370776415e-05,0.00024775220663286746,Hypoglycemia increases the risk of dementia.
539,8,11953232,False,NOINFO,NOINFO,False,0.9995926022529602,9.113743726629764e-05,0.00031624248367734253,Hypoglycemia increases the risk of dementia.
539,9,13933299,False,NOINFO,NOINFO,False,0.9995025396347046,0.00019104575039818883,0.000306485133478418,Hypoglycemia increases the risk of dementia.
539,10,7011850,False,NOINFO,NOINFO,False,0.9996209144592285,8.314618025906384e-05,0.0002959325211122632,Hypoglycemia increases the risk of dementia.
540,1,2225918,False,NOINFO,NOINFO,False,0.9913884997367859,0.008305184543132782,0.0003063813492190093,Hypothalamic glutamate neurotransmission is crucial to energy balance.
540,2,11886686,True,SUPPORTS,SUPPORTS,True,0.0008034194470383227,0.9983677268028259,0.000828922726213932,Hypothalamic glutamate neurotransmission is crucial to energy balance.
540,3,46451940,False,NOINFO,NOINFO,False,0.9984152317047119,0.0013991385931149125,0.00018569041276350617,Hypothalamic glutamate neurotransmission is crucial to energy balance.
540,4,17150648,False,NOINFO,SUPPORTS,False,0.0013036938617005944,0.9980732202529907,0.000623080471996218,Hypothalamic glutamate neurotransmission is crucial to energy balance.
540,5,45154987,False,NOINFO,SUPPORTS,False,0.0009104001219384372,0.9983749389648438,0.0007145812269300222,Hypothalamic glutamate neurotransmission is crucial to energy balance.
540,6,22545779,False,NOINFO,NOINFO,False,0.999396800994873,0.0004906674148514867,0.00011251767136855051,Hypothalamic glutamate neurotransmission is crucial to energy balance.
540,7,3085264,False,NOINFO,NOINFO,False,0.9993948936462402,0.00046911262325011194,0.00013598729856312275,Hypothalamic glutamate neurotransmission is crucial to energy balance.
540,8,23869951,False,NOINFO,SUPPORTS,False,0.0009301869431510568,0.9983919262886047,0.0006778861279599369,Hypothalamic glutamate neurotransmission is crucial to energy balance.
540,9,15535511,False,NOINFO,NOINFO,False,0.9996857643127441,0.00017466198187321424,0.0001395248982589692,Hypothalamic glutamate neurotransmission is crucial to energy balance.
540,10,11742219,False,NOINFO,NOINFO,False,0.99970942735672,0.00015354134666267782,0.00013709699851460755,Hypothalamic glutamate neurotransmission is crucial to energy balance.
549,1,9433958,True,SUPPORTS,SUPPORTS,True,0.007754020392894745,0.9915661811828613,0.0006798585527576506,IRG1 has antiviral effects against neurotropic viruses.
549,2,5137019,False,NOINFO,NOINFO,False,0.9996391534805298,0.00017261905304621905,0.0001881095813587308,IRG1 has antiviral effects against neurotropic viruses.
549,3,26731863,False,NOINFO,NOINFO,False,0.9996232986450195,0.0001631109626032412,0.0002135694376192987,IRG1 has antiviral effects against neurotropic viruses.
549,4,10559501,False,NOINFO,NOINFO,False,0.9996153116226196,0.00025361793814226985,0.00013106229016557336,IRG1 has antiviral effects against neurotropic viruses.
549,5,10627801,False,NOINFO,NOINFO,False,0.9996578693389893,0.00014851934975013137,0.00019370575319044292,IRG1 has antiviral effects against neurotropic viruses.
549,6,7820043,False,NOINFO,NOINFO,False,0.9997003078460693,0.00012531565153039992,0.00017432370805181563,IRG1 has antiviral effects against neurotropic viruses.
549,7,31272411,False,NOINFO,NOINFO,False,0.9996852874755859,0.00013655921793542802,0.0001781067840056494,IRG1 has antiviral effects against neurotropic viruses.
549,8,46135768,False,NOINFO,NOINFO,False,0.9995174407958984,0.0002419802185613662,0.00024056652910076082,IRG1 has antiviral effects against neurotropic viruses.
549,9,21651116,False,NOINFO,NOINFO,False,0.9996455907821655,0.0002359438076382503,0.00011840849037980661,IRG1 has antiviral effects against neurotropic viruses.
549,10,3308636,False,NOINFO,NOINFO,False,0.9997444748878479,0.00011842020467156544,0.0001371018006466329,IRG1 has antiviral effects against neurotropic viruses.
569,1,37311371,False,NOINFO,NOINFO,False,0.9996870756149292,0.00019220392277929932,0.0001207489040098153,"In adult tissue, most T cells are memory T cells."
569,2,3155731,False,NOINFO,NOINFO,False,0.9993934631347656,0.0004372603725641966,0.00016923868679441512,"In adult tissue, most T cells are memory T cells."
569,3,991137,False,NOINFO,NOINFO,False,0.9996981620788574,0.00017364369705319405,0.00012828715262003243,"In adult tissue, most T cells are memory T cells."
569,4,21320417,False,NOINFO,NOINFO,False,0.9997355341911316,0.00013817586295772344,0.00012630296987481415,"In adult tissue, most T cells are memory T cells."
569,5,23460562,True,SUPPORTS,SUPPORTS,True,0.0009540833998471498,0.9983667731285095,0.0006791942287236452,"In adult tissue, most T cells are memory T cells."
569,6,11666252,False,NOINFO,NOINFO,False,0.9996271133422852,0.00022601614182349294,0.00014678454317618161,"In adult tissue, most T cells are memory T cells."
569,7,17463549,False,NOINFO,NOINFO,False,0.9986153841018677,0.0011807328555732965,0.00020398189371917397,"In adult tissue, most T cells are memory T cells."
569,8,13636631,False,NOINFO,NOINFO,False,0.9995961785316467,0.00027049751952290535,0.00013338393182493746,"In adult tissue, most T cells are memory T cells."
569,9,5508750,False,NOINFO,NOINFO,False,0.9996449947357178,0.00023825907555874437,0.00011680057650664821,"In adult tissue, most T cells are memory T cells."
569,10,6961811,False,NOINFO,NOINFO,False,0.9996877908706665,0.00010930089047178626,0.00020300796313676983,"In adult tissue, most T cells are memory T cells."
578,1,8764879,True,REFUTES,SUPPORTS,False,0.32745110988616943,0.6705750226974487,0.0019738986156880856,"In mouse models, the loss of CSF1R facilitates MOZ-TIF2-induced leuekmogenesis."
578,2,44801733,False,NOINFO,NOINFO,False,0.9997171759605408,0.00011680901661748067,0.00016601909010205418,"In mouse models, the loss of CSF1R facilitates MOZ-TIF2-induced leuekmogenesis."
578,3,18489989,False,NOINFO,NOINFO,False,0.9997108578681946,0.00012146138033131137,0.00016764723113738,"In mouse models, the loss of CSF1R facilitates MOZ-TIF2-induced leuekmogenesis."
578,4,33068577,False,NOINFO,NOINFO,False,0.9996674060821533,0.00013655677321366966,0.00019599097140599042,"In mouse models, the loss of CSF1R facilitates MOZ-TIF2-induced leuekmogenesis."
578,5,34753204,False,NOINFO,NOINFO,False,0.9996484518051147,0.0001660076668485999,0.00018555698625277728,"In mouse models, the loss of CSF1R facilitates MOZ-TIF2-induced leuekmogenesis."
578,6,22358449,False,NOINFO,NOINFO,False,0.9997262358665466,0.00012630179116968066,0.0001473736483603716,"In mouse models, the loss of CSF1R facilitates MOZ-TIF2-induced leuekmogenesis."
578,7,33920995,False,NOINFO,NOINFO,False,0.9997097849845886,9.496435086475685e-05,0.00019523514492902905,"In mouse models, the loss of CSF1R facilitates MOZ-TIF2-induced leuekmogenesis."
578,8,21108759,False,NOINFO,NOINFO,False,0.9997239708900452,9.855601820163429e-05,0.00017741929332260042,"In mouse models, the loss of CSF1R facilitates MOZ-TIF2-induced leuekmogenesis."
578,9,37138639,False,NOINFO,NOINFO,False,0.9997305274009705,9.913584653986618e-05,0.00017029064474627376,"In mouse models, the loss of CSF1R facilitates MOZ-TIF2-induced leuekmogenesis."
578,10,11844826,False,NOINFO,NOINFO,False,0.9997329115867615,0.00010109136201208457,0.00016602169489488006,"In mouse models, the loss of CSF1R facilitates MOZ-TIF2-induced leuekmogenesis."
589,1,10984005,True,SUPPORTS,REFUTES,False,0.0009483201429247856,0.0008839315851218998,0.9981676340103149,"In young and middle-aged adults, current or remote uses of ADHD medications do not increase the risk of serious cardiovascular events."
589,2,2338488,False,NOINFO,NOINFO,False,0.9996871948242188,7.224343426059932e-05,0.00024060737632680684,"In young and middle-aged adults, current or remote uses of ADHD medications do not increase the risk of serious cardiovascular events."
589,3,2475059,False,NOINFO,NOINFO,False,0.999648928642273,8.990497735794634e-05,0.0002611668314784765,"In young and middle-aged adults, current or remote uses of ADHD medications do not increase the risk of serious cardiovascular events."
589,4,1068106,False,NOINFO,NOINFO,False,0.9997124075889587,8.138632983900607e-05,0.00020620995201170444,"In young and middle-aged adults, current or remote uses of ADHD medications do not increase the risk of serious cardiovascular events."
589,5,27391365,False,NOINFO,NOINFO,False,0.9997014403343201,8.782693475950509e-05,0.0002106858737533912,"In young and middle-aged adults, current or remote uses of ADHD medications do not increase the risk of serious cardiovascular events."
589,6,38752049,False,NOINFO,NOINFO,False,0.9996398687362671,7.600319804623723e-05,0.00028404558543115854,"In young and middle-aged adults, current or remote uses of ADHD medications do not increase the risk of serious cardiovascular events."
589,7,1831916,False,NOINFO,NOINFO,False,0.999661922454834,8.043408888624981e-05,0.0002576238475739956,"In young and middle-aged adults, current or remote uses of ADHD medications do not increase the risk of serious cardiovascular events."
589,8,24625323,False,NOINFO,NOINFO,False,0.999679684638977,7.78086541686207e-05,0.0002424926497042179,"In young and middle-aged adults, current or remote uses of ADHD medications do not increase the risk of serious cardiovascular events."
589,9,22057077,False,NOINFO,NOINFO,False,0.9997095465660095,7.690444908803329e-05,0.0002135878603439778,"In young and middle-aged adults, current or remote uses of ADHD medications do not increase the risk of serious cardiovascular events."
589,10,40996863,False,NOINFO,NOINFO,False,0.9996625185012817,8.027719013625756e-05,0.00025712131173349917,"In young and middle-aged adults, current or remote uses of ADHD medications do not increase the risk of serious cardiovascular events."
593,1,19675911,True,SUPPORTS,REFUTES,False,0.000871522759553045,0.001425715978257358,0.9977027773857117,Incidence of heart failure decreased by 10% in women since 1979.
593,2,13481731,False,NOINFO,NOINFO,False,0.9917224049568176,0.0002448284940328449,0.008032736368477345,Incidence of heart failure decreased by 10% in women since 1979.
593,3,20945963,False,NOINFO,NOINFO,False,0.99885094165802,0.0001804078638087958,0.0009686315315775573,Incidence of heart failure decreased by 10% in women since 1979.
593,4,33533307,False,NOINFO,NOINFO,False,0.9985879063606262,0.00015639404591638595,0.0012556222500279546,Incidence of heart failure decreased by 10% in women since 1979.
593,5,40817021,False,NOINFO,NOINFO,False,0.9993405938148499,0.00010344806651119143,0.0005559677956625819,Incidence of heart failure decreased by 10% in women since 1979.
593,6,31889025,False,NOINFO,NOINFO,False,0.998446524143219,0.00013638999371323735,0.001417058752849698,Incidence of heart failure decreased by 10% in women since 1979.
593,7,7602348,False,NOINFO,NOINFO,False,0.9994744658470154,8.26483010314405e-05,0.00044288282515481114,Incidence of heart failure decreased by 10% in women since 1979.
593,8,6085365,False,NOINFO,NOINFO,False,0.9994558691978455,8.04175142548047e-05,0.0004636755329556763,Incidence of heart failure decreased by 10% in women since 1979.
593,9,24443043,False,NOINFO,NOINFO,False,0.9990383386611938,0.00013383124314714223,0.0008278610184788704,Incidence of heart failure decreased by 10% in women since 1979.
593,10,25301182,False,NOINFO,NOINFO,False,0.9993559718132019,9.400819544680417e-05,0.0005500358529388905,Incidence of heart failure decreased by 10% in women since 1979.
597,1,76415938,False,NOINFO,NOINFO,False,0.9989829659461975,0.00012280367081984878,0.0008942079148255289,Incidence rates of cervical cancer have decreased.
597,2,23136735,False,NOINFO,NOINFO,False,0.555263876914978,0.003767001908272505,0.4409690499305725,Incidence rates of cervical cancer have decreased.
597,3,13857083,False,NOINFO,NOINFO,False,0.9995673298835754,9.60700708674267e-05,0.00033662989153526723,Incidence rates of cervical cancer have decreased.
597,4,5433667,False,NOINFO,NOINFO,False,0.9877635836601257,0.0004983994294889271,0.011737938970327377,Incidence rates of cervical cancer have decreased.
597,5,9764256,False,NOINFO,NOINFO,False,0.9984544515609741,0.00011462869588285685,0.0014309764374047518,Incidence rates of cervical cancer have decreased.
597,6,28617573,False,NOINFO,NOINFO,False,0.9992270469665527,0.00011789748532464728,0.0006550156977027655,Incidence rates of cervical cancer have decreased.
597,7,36355784,True,SUPPORTS,REFUTES,False,0.0026478597428649664,0.2646065354347229,0.7327455878257751,Incidence rates of cervical cancer have decreased.
597,8,829646,False,NOINFO,NOINFO,False,0.9898657202720642,0.0003131651901639998,0.0098210908472538,Incidence rates of cervical cancer have decreased.
597,9,46355579,False,NOINFO,NOINFO,False,0.999491810798645,8.136837277561426e-05,0.0004267563344910741,Incidence rates of cervical cancer have decreased.
597,10,7650066,False,NOINFO,NOINFO,False,0.9990851879119873,9.020594734465703e-05,0.000824672169983387,Incidence rates of cervical cancer have decreased.
598,1,76415938,False,NOINFO,NOINFO,False,0.999427080154419,0.0003333117056172341,0.00023960696125868708,Incidence rates of cervical cancer have increased due to nationwide screening programs based primarily on cytology to detect uterine cervical cancer.
598,2,27873158,False,NOINFO,NOINFO,False,0.9993360638618469,0.00036747060948982835,0.00029642655863426626,Incidence rates of cervical cancer have increased due to nationwide screening programs based primarily on cytology to detect uterine cervical cancer.
598,3,6561200,False,NOINFO,NOINFO,False,0.9996733665466309,0.0001373600825900212,0.00018922147864941508,Incidence rates of cervical cancer have increased due to nationwide screening programs based primarily on cytology to detect uterine cervical cancer.
598,4,36355784,False,NOINFO,NOINFO,False,0.881951093673706,0.11665108799934387,0.001397760002873838,Incidence rates of cervical cancer have increased due to nationwide screening programs based primarily on cytology to detect uterine cervical cancer.
598,5,28617573,False,NOINFO,NOINFO,False,0.99967360496521,0.00019560974033083767,0.00013081419456284493,Incidence rates of cervical cancer have increased due to nationwide screening programs based primarily on cytology to detect uterine cervical cancer.
598,6,27446873,False,NOINFO,NOINFO,False,0.9982175230979919,0.0014949084725230932,0.0002875459613278508,Incidence rates of cervical cancer have increased due to nationwide screening programs based primarily on cytology to detect uterine cervical cancer.
598,7,19140422,False,NOINFO,NOINFO,False,0.9995193481445312,0.0002812512975651771,0.0001994370250031352,Incidence rates of cervical cancer have increased due to nationwide screening programs based primarily on cytology to detect uterine cervical cancer.
598,8,5433667,False,NOINFO,NOINFO,False,0.9996091723442078,0.00023732167028356344,0.0001535259507363662,Incidence rates of cervical cancer have increased due to nationwide screening programs based primarily on cytology to detect uterine cervical cancer.
598,9,829646,False,NOINFO,NOINFO,False,0.999679684638977,0.0001397968444507569,0.0001805575448088348,Incidence rates of cervical cancer have increased due to nationwide screening programs based primarily on cytology to detect uterine cervical cancer.
598,10,9764256,False,NOINFO,NOINFO,False,0.9995923638343811,0.00020219718862790614,0.00020538133685477078,Incidence rates of cervical cancer have increased due to nationwide screening programs based primarily on cytology to detect uterine cervical cancer.
613,1,9638032,True,SUPPORTS,SUPPORTS,True,0.0007562661194242537,0.9984307885169983,0.0008129412890411913,Increased microtubule acetylation repairs LRRK2 Roc-COR domain mutation induced locomotor deficits.
613,2,1917068,False,NOINFO,NOINFO,False,0.9996583461761475,0.00014678911247756332,0.0001948441640706733,Increased microtubule acetylation repairs LRRK2 Roc-COR domain mutation induced locomotor deficits.
613,3,20054396,False,NOINFO,NOINFO,False,0.9993956089019775,0.0002207293437095359,0.00038362733903340995,Increased microtubule acetylation repairs LRRK2 Roc-COR domain mutation induced locomotor deficits.
613,4,16056410,False,NOINFO,NOINFO,False,0.999321460723877,0.0003300376411061734,0.0003485892666503787,Increased microtubule acetylation repairs LRRK2 Roc-COR domain mutation induced locomotor deficits.
613,5,11200685,False,NOINFO,NOINFO,False,0.9993543028831482,0.00022028952662367374,0.0004254493396729231,Increased microtubule acetylation repairs LRRK2 Roc-COR domain mutation induced locomotor deficits.
613,6,36830715,False,NOINFO,NOINFO,False,0.999234676361084,0.00034248552401550114,0.00042291314457543194,Increased microtubule acetylation repairs LRRK2 Roc-COR domain mutation induced locomotor deficits.
613,7,1371440,False,NOINFO,NOINFO,False,0.9992282390594482,0.0003471978416200727,0.0004245656309649348,Increased microtubule acetylation repairs LRRK2 Roc-COR domain mutation induced locomotor deficits.
613,8,11041152,False,NOINFO,NOINFO,False,0.9993964433670044,0.0002381998347118497,0.00036534579703584313,Increased microtubule acetylation repairs LRRK2 Roc-COR domain mutation induced locomotor deficits.
613,9,30835854,False,NOINFO,NOINFO,False,0.9996346235275269,0.00012145211803726852,0.00024390668841078877,Increased microtubule acetylation repairs LRRK2 Roc-COR domain mutation induced locomotor deficits.
613,10,33911859,False,NOINFO,NOINFO,False,0.9994600415229797,0.0002073693904094398,0.00033267232356593013,Increased microtubule acetylation repairs LRRK2 Roc-COR domain mutation induced locomotor deficits.
619,1,5254741,False,NOINFO,NOINFO,False,0.9994729161262512,0.00010570861923042685,0.0004213648207951337,Increased vessel density along with a reduction in fibrosis decreases the efficacy of chemotherapy treatments.
619,2,24974080,False,NOINFO,NOINFO,False,0.9993261098861694,9.967808000510558e-05,0.0005741682252846658,Increased vessel density along with a reduction in fibrosis decreases the efficacy of chemotherapy treatments.
619,3,42298280,False,NOINFO,NOINFO,False,0.9995582699775696,8.058298408286646e-05,0.00036114786053076386,Increased vessel density along with a reduction in fibrosis decreases the efficacy of chemotherapy treatments.
619,4,23420807,False,NOINFO,NOINFO,False,0.999245285987854,0.00010547832789598033,0.0006492958054877818,Increased vessel density along with a reduction in fibrosis decreases the efficacy of chemotherapy treatments.
619,5,15541119,False,NOINFO,NOINFO,False,0.9995015859603882,9.238360507879406e-05,0.00040602643275633454,Increased vessel density along with a reduction in fibrosis decreases the efficacy of chemotherapy treatments.
619,6,12866641,False,NOINFO,NOINFO,False,0.9991936087608337,0.00016528520791325718,0.0006410717614926398,Increased vessel density along with a reduction in fibrosis decreases the efficacy of chemotherapy treatments.
619,7,30919024,False,NOINFO,NOINFO,False,0.9996169805526733,8.298360626213253e-05,0.00030000507831573486,Increased vessel density along with a reduction in fibrosis decreases the efficacy of chemotherapy treatments.
619,8,25732836,False,NOINFO,NOINFO,False,0.9991751313209534,9.417493856744841e-05,0.0007306848419830203,Increased vessel density along with a reduction in fibrosis decreases the efficacy of chemotherapy treatments.
619,9,37578311,False,NOINFO,NOINFO,False,0.9994807839393616,7.510577415814623e-05,0.0004441850178409368,Increased vessel density along with a reduction in fibrosis decreases the efficacy of chemotherapy treatments.
619,10,22123421,False,NOINFO,NOINFO,False,0.9993245601654053,8.935071673477069e-05,0.0005860637756995857,Increased vessel density along with a reduction in fibrosis decreases the efficacy of chemotherapy treatments.
636,1,42708716,False,NOINFO,NOINFO,False,0.9996308088302612,0.0001689485798124224,0.00020023994147777557,"Inositol lipid 3-phosphatase PTEN converts Ptdlns(3,4)P 2 into phosphatidylinositol 4-phosphate."
636,2,24294572,True,SUPPORTS,NOINFO,False,0.9984439015388489,0.0013869352405890822,0.00016907787357922643,"Inositol lipid 3-phosphatase PTEN converts Ptdlns(3,4)P 2 into phosphatidylinositol 4-phosphate."
636,3,6492658,False,NOINFO,NOINFO,False,0.9996637105941772,0.00014338950859382749,0.00019295168749522418,"Inositol lipid 3-phosphatase PTEN converts Ptdlns(3,4)P 2 into phosphatidylinositol 4-phosphate."
636,4,14328288,False,NOINFO,NOINFO,False,0.9996517896652222,0.00018055250984616578,0.00016763732128310949,"Inositol lipid 3-phosphatase PTEN converts Ptdlns(3,4)P 2 into phosphatidylinositol 4-phosphate."
636,5,22025252,False,NOINFO,NOINFO,False,0.9996765851974487,0.00012004219752270728,0.00020340256742201746,"Inositol lipid 3-phosphatase PTEN converts Ptdlns(3,4)P 2 into phosphatidylinositol 4-phosphate."
636,6,11289247,False,NOINFO,NOINFO,False,0.9979650974273682,0.0016238823300227523,0.0004109829314984381,"Inositol lipid 3-phosphatase PTEN converts Ptdlns(3,4)P 2 into phosphatidylinositol 4-phosphate."
636,7,34071621,False,NOINFO,NOINFO,False,0.9990190267562866,0.0007178408559411764,0.000263049325440079,"Inositol lipid 3-phosphatase PTEN converts Ptdlns(3,4)P 2 into phosphatidylinositol 4-phosphate."
636,8,21425864,False,NOINFO,NOINFO,False,0.9996427297592163,0.00014033880142960697,0.0002169368672184646,"Inositol lipid 3-phosphatase PTEN converts Ptdlns(3,4)P 2 into phosphatidylinositol 4-phosphate."
636,9,26283293,False,NOINFO,NOINFO,False,0.9995359182357788,0.00023499813687521964,0.00022910651750862598,"Inositol lipid 3-phosphatase PTEN converts Ptdlns(3,4)P 2 into phosphatidylinositol 4-phosphate."
636,10,41325555,False,NOINFO,NOINFO,False,0.9996483325958252,0.00014909921446815133,0.00020260385645087808,"Inositol lipid 3-phosphatase PTEN converts Ptdlns(3,4)P 2 into phosphatidylinositol 4-phosphate."
641,1,5912283,True,SUPPORTS,SUPPORTS,True,0.000575401762034744,0.9965950846672058,0.0028294625226408243,Insomnia can be effectively treated with cognitive behavioral therapy.
641,2,17973630,False,NOINFO,NOINFO,False,0.9938285946846008,0.00576699199154973,0.0004045112000312656,Insomnia can be effectively treated with cognitive behavioral therapy.
641,3,31554917,False,NOINFO,NOINFO,False,0.9996132254600525,0.00022077739413361996,0.0001660018169786781,Insomnia can be effectively treated with cognitive behavioral therapy.
641,4,24346598,False,NOINFO,NOINFO,False,0.9992201328277588,0.000559167587198317,0.00022069059195928276,Insomnia can be effectively treated with cognitive behavioral therapy.
641,5,20602517,False,NOINFO,NOINFO,False,0.9996956586837769,0.00015027572226244956,0.00015414017252624035,Insomnia can be effectively treated with cognitive behavioral therapy.
641,6,26150367,False,NOINFO,NOINFO,False,0.9996005892753601,0.0002327294641872868,0.00016664942086208612,Insomnia can be effectively treated with cognitive behavioral therapy.
641,7,11913139,False,NOINFO,NOINFO,False,0.9996134638786316,0.00022337990230880678,0.00016310934734065086,Insomnia can be effectively treated with cognitive behavioral therapy.
641,8,4587978,False,NOINFO,NOINFO,False,0.999669075012207,0.00018090862431563437,0.0001499785139458254,Insomnia can be effectively treated with cognitive behavioral therapy.
641,9,21373821,False,NOINFO,NOINFO,False,0.9997043013572693,0.00013602939725387841,0.00015965692000463605,Insomnia can be effectively treated with cognitive behavioral therapy.
641,10,22483580,False,NOINFO,NOINFO,False,0.9997097849845886,0.00010887716780416667,0.00018126970098819584,Insomnia can be effectively treated with cognitive behavioral therapy.
674,1,7662206,False,NOINFO,NOINFO,False,0.9945337772369385,0.00036570473457686603,0.005100429989397526,LDL cholesterol has no involvement in the development of cardiovascular disease.
674,2,30981192,False,NOINFO,NOINFO,False,0.9919041991233826,0.0005224627093411982,0.007573281414806843,LDL cholesterol has no involvement in the development of cardiovascular disease.
674,3,9617381,False,NOINFO,NOINFO,False,0.5658991932868958,0.0019023757195100188,0.4321984052658081,LDL cholesterol has no involvement in the development of cardiovascular disease.
674,4,2095573,True,REFUTES,REFUTES,True,0.0012081182794645429,0.0006843435112386942,0.9981074333190918,LDL cholesterol has no involvement in the development of cardiovascular disease.
674,5,9814332,False,NOINFO,NOINFO,False,0.9993533492088318,0.0001338734437013045,0.0005126884789206088,LDL cholesterol has no involvement in the development of cardiovascular disease.
674,6,15561961,False,NOINFO,NOINFO,False,0.9990890026092529,0.00011403143435018137,0.0007969643920660019,LDL cholesterol has no involvement in the development of cardiovascular disease.
674,7,15360986,False,NOINFO,NOINFO,False,0.9993621706962585,8.183591853594407e-05,0.0005559797864407301,LDL cholesterol has no involvement in the development of cardiovascular disease.
674,8,25974070,False,NOINFO,NOINFO,False,0.9994537234306335,0.0001338868896709755,0.00041240063728764653,LDL cholesterol has no involvement in the development of cardiovascular disease.
674,9,3868322,False,NOINFO,NOINFO,False,0.9983104467391968,0.00018279235519003123,0.0015067734057083726,LDL cholesterol has no involvement in the development of cardiovascular disease.
674,10,15879931,False,NOINFO,NOINFO,False,0.9993756413459778,0.00011768493277486414,0.0005067267338745296,LDL cholesterol has no involvement in the development of cardiovascular disease.
692,1,24088502,True,REFUTES,REFUTES,True,0.0026512593030929565,0.0013501695357263088,0.9959985017776489,Leuko-increased blood increases infectious complications in red blood cell transfusion.
692,2,43587663,False,NOINFO,NOINFO,False,0.9995762705802917,0.00011840028309961781,0.00030531277297995985,Leuko-increased blood increases infectious complications in red blood cell transfusion.
692,3,11156883,False,NOINFO,NOINFO,False,0.9995670914649963,0.0001240812853211537,0.0003089088713750243,Leuko-increased blood increases infectious complications in red blood cell transfusion.
692,4,3698758,False,NOINFO,NOINFO,False,0.9996323585510254,9.025535109685734e-05,0.00027746360865421593,Leuko-increased blood increases infectious complications in red blood cell transfusion.
692,5,27243019,False,NOINFO,NOINFO,False,0.9995858073234558,0.00012628405238501728,0.0002879400853998959,Leuko-increased blood increases infectious complications in red blood cell transfusion.
692,6,25420421,False,NOINFO,NOINFO,False,0.9996139407157898,0.00011453789193183184,0.0002715610316954553,Leuko-increased blood increases infectious complications in red blood cell transfusion.
692,7,14021596,False,NOINFO,NOINFO,False,0.9996412992477417,0.00010147772991331294,0.00025711586931720376,Leuko-increased blood increases infectious complications in red blood cell transfusion.
692,8,11349166,False,NOINFO,NOINFO,False,0.9992747902870178,0.00010630874749040231,0.0006189759005792439,Leuko-increased blood increases infectious complications in red blood cell transfusion.
692,9,5377059,False,NOINFO,NOINFO,False,0.999637246131897,8.153931412380189e-05,0.00028128447593189776,Leuko-increased blood increases infectious complications in red blood cell transfusion.
692,10,3090454,False,NOINFO,NOINFO,False,0.9996039271354675,0.00010246973397443071,0.00029362455825321376,Leuko-increased blood increases infectious complications in red blood cell transfusion.
693,1,24088502,True,SUPPORTS,SUPPORTS,True,0.0016840867465361953,0.9885342717170715,0.009781576693058014,Leuko-reduced blood reduces infectious complications in red blood cell transfusion.
693,2,43587663,False,NOINFO,NOINFO,False,0.9996838569641113,0.0001331353560090065,0.00018304382683709264,Leuko-reduced blood reduces infectious complications in red blood cell transfusion.
693,3,27243019,False,NOINFO,NOINFO,False,0.9997286200523376,0.00010824311902979389,0.0001631281484151259,Leuko-reduced blood reduces infectious complications in red blood cell transfusion.
693,4,3698758,False,NOINFO,NOINFO,False,0.9997244477272034,9.646124090068042e-05,0.0001791604736354202,Leuko-reduced blood reduces infectious complications in red blood cell transfusion.
693,5,25420421,False,NOINFO,NOINFO,False,0.9997081160545349,0.00011887936852872372,0.00017296845908276737,Leuko-reduced blood reduces infectious complications in red blood cell transfusion.
693,6,11156883,False,NOINFO,NOINFO,False,0.9996651411056519,0.0001258017000509426,0.00020903868426103145,Leuko-reduced blood reduces infectious complications in red blood cell transfusion.
693,7,14021596,False,NOINFO,NOINFO,False,0.9996868371963501,0.00013952504377812147,0.00017364173254463822,Leuko-reduced blood reduces infectious complications in red blood cell transfusion.
693,8,5377059,False,NOINFO,NOINFO,False,0.9996602535247803,0.0001442316424800083,0.0001956071355380118,Leuko-reduced blood reduces infectious complications in red blood cell transfusion.
693,9,3090454,False,NOINFO,NOINFO,False,0.9997110962867737,0.00010188201122218743,0.00018702406669035554,Leuko-reduced blood reduces infectious complications in red blood cell transfusion.
693,10,623486,False,NOINFO,NOINFO,False,0.9997099041938782,9.971636609407142e-05,0.00019034043361898512,Leuko-reduced blood reduces infectious complications in red blood cell transfusion.
718,1,17587795,True,REFUTES,SUPPORTS,False,0.0006444703903980553,0.9986224174499512,0.0007331388769671321,Low nucleosome occupancy correlates with low methylation levels across species.
718,2,3098821,False,NOINFO,NOINFO,False,0.9997146725654602,0.0001349722151644528,0.00015027858898974955,Low nucleosome occupancy correlates with low methylation levels across species.
718,3,4392608,False,NOINFO,NOINFO,False,0.9993854761123657,0.0004811716207768768,0.00013335581752471626,Low nucleosome occupancy correlates with low methylation levels across species.
718,4,3346812,False,NOINFO,NOINFO,False,0.9997344613075256,0.00013082215446047485,0.0001347115176031366,Low nucleosome occupancy correlates with low methylation levels across species.
718,5,21380232,False,NOINFO,NOINFO,False,0.9994310736656189,0.0002457696245983243,0.00032305807690136135,Low nucleosome occupancy correlates with low methylation levels across species.
718,6,1695604,False,NOINFO,NOINFO,False,0.9997373223304749,0.0001313345564994961,0.0001313345564994961,Low nucleosome occupancy correlates with low methylation levels across species.
718,7,18670,False,NOINFO,NOINFO,False,0.9996020197868347,0.00021314815967343748,0.00018482498126104474,Low nucleosome occupancy correlates with low methylation levels across species.
718,8,3174305,False,NOINFO,NOINFO,False,0.9995637536048889,0.00027962058084085584,0.00015654687013011426,Low nucleosome occupancy correlates with low methylation levels across species.
718,9,38076716,False,NOINFO,NOINFO,False,0.9997301697731018,0.00010951922740787268,0.00016028595564421266,Low nucleosome occupancy correlates with low methylation levels across species.
718,10,1354567,False,NOINFO,NOINFO,False,0.9996577501296997,0.00019907542446162552,0.00014310887490864843,Low nucleosome occupancy correlates with low methylation levels across species.
721,1,1834762,True,SUPPORTS,SUPPORTS,True,0.0023126662708818913,0.9970563650131226,0.0006310140597634017,Lupus-prone mice infected with curliproducing bacteria have higher autoantibody titers compared to controls.
721,2,12670680,False,NOINFO,NOINFO,False,0.9996203184127808,0.0002657906443346292,0.00011386946425773203,Lupus-prone mice infected with curliproducing bacteria have higher autoantibody titers compared to controls.
721,3,32454714,False,NOINFO,NOINFO,False,0.9997377991676331,0.00012241733202245086,0.00013980496441945434,Lupus-prone mice infected with curliproducing bacteria have higher autoantibody titers compared to controls.
721,4,5476778,False,NOINFO,NOINFO,False,0.9997138381004333,0.00017162339645437896,0.00011454934428911656,Lupus-prone mice infected with curliproducing bacteria have higher autoantibody titers compared to controls.
721,5,28015516,False,NOINFO,NOINFO,False,0.9996786117553711,0.00015056694974191487,0.00017094826034735888,Lupus-prone mice infected with curliproducing bacteria have higher autoantibody titers compared to controls.
721,6,13989491,False,NOINFO,NOINFO,False,0.9997497200965881,0.0001200509796035476,0.00013031410344410688,Lupus-prone mice infected with curliproducing bacteria have higher autoantibody titers compared to controls.
721,7,28149602,False,NOINFO,NOINFO,False,0.9997462630271912,0.00011865192936966196,0.0001349764788756147,Lupus-prone mice infected with curliproducing bacteria have higher autoantibody titers compared to controls.
721,8,24998637,False,NOINFO,NOINFO,False,0.9997377991676331,0.00011841941886814311,0.00014368050324264914,Lupus-prone mice infected with curliproducing bacteria have higher autoantibody titers compared to controls.
721,9,14938990,False,NOINFO,NOINFO,False,0.999767005443573,0.00010208690218860283,0.00013082641817163676,Lupus-prone mice infected with curliproducing bacteria have higher autoantibody titers compared to controls.
721,10,15405204,False,NOINFO,NOINFO,False,0.9997321963310242,0.00010532382293604314,0.00016249273903667927,Lupus-prone mice infected with curliproducing bacteria have higher autoantibody titers compared to controls.
723,1,5531479,True,SUPPORTS,SUPPORTS,True,0.000827445590402931,0.9985369443893433,0.0006356647936627269,Ly49Q directs the organization of neutrophil migration to inflammation sites by regulating membrane raft functions.
723,2,20608982,False,NOINFO,NOINFO,False,0.9997162222862244,0.00015116194845177233,0.00013262059655971825,Ly49Q directs the organization of neutrophil migration to inflammation sites by regulating membrane raft functions.
723,3,1871230,False,NOINFO,NOINFO,False,0.9996583461761475,0.00021992658730596304,0.00012169245019322261,Ly49Q directs the organization of neutrophil migration to inflammation sites by regulating membrane raft functions.
723,4,3330111,False,NOINFO,NOINFO,False,0.9995808005332947,0.0002626837231218815,0.00015654953313060105,Ly49Q directs the organization of neutrophil migration to inflammation sites by regulating membrane raft functions.
723,5,34469966,False,NOINFO,NOINFO,False,0.999588668346405,0.00022206935682334006,0.00018920544243883342,Ly49Q directs the organization of neutrophil migration to inflammation sites by regulating membrane raft functions.
723,6,46135768,False,NOINFO,NOINFO,False,0.9995193481445312,0.0002429277665214613,0.00023776428133714944,Ly49Q directs the organization of neutrophil migration to inflammation sites by regulating membrane raft functions.
723,7,22406695,False,NOINFO,NOINFO,False,0.9997082352638245,0.00015965754573699087,0.0001321025047218427,Ly49Q directs the organization of neutrophil migration to inflammation sites by regulating membrane raft functions.
723,8,24315156,False,NOINFO,NOINFO,False,0.9995205402374268,0.0003466217312961817,0.00013285386376082897,Ly49Q directs the organization of neutrophil migration to inflammation sites by regulating membrane raft functions.
723,9,33920995,False,NOINFO,NOINFO,False,0.9996910095214844,0.00016216898802667856,0.00014679391460958868,Ly49Q directs the organization of neutrophil migration to inflammation sites by regulating membrane raft functions.
723,10,5099266,False,NOINFO,NOINFO,False,0.9994755387306213,0.0003100894973613322,0.0002143736055586487,Ly49Q directs the organization of neutrophil migration to inflammation sites by regulating membrane raft functions.
728,1,36444198,True,REFUTES,REFUTES,True,0.0012858748668804765,0.0007312397938221693,0.9979828596115112,Ly6C hi monocytes have a lower inflammatory capacity than Ly6C lo monocytes.
728,2,22406695,False,NOINFO,NOINFO,False,0.9992181062698364,0.00033259179326705635,0.00044930283911526203,Ly6C hi monocytes have a lower inflammatory capacity than Ly6C lo monocytes.
728,3,17934603,False,NOINFO,NOINFO,False,0.9951942563056946,0.00021724066755268723,0.004588454961776733,Ly6C hi monocytes have a lower inflammatory capacity than Ly6C lo monocytes.
728,4,34469966,False,NOINFO,NOINFO,False,0.9976589679718018,0.000198677385924384,0.002142250305041671,Ly6C hi monocytes have a lower inflammatory capacity than Ly6C lo monocytes.
728,5,14492339,False,NOINFO,NOINFO,False,0.9946210384368896,0.00026810189592652023,0.005110849626362324,Ly6C hi monocytes have a lower inflammatory capacity than Ly6C lo monocytes.
728,6,8317408,False,NOINFO,NOINFO,False,0.9995943903923035,0.00010613525228109211,0.0002994129026774317,Ly6C hi monocytes have a lower inflammatory capacity than Ly6C lo monocytes.
728,7,7521113,False,NOINFO,NOINFO,False,0.9995189905166626,0.0001397743762936443,0.0003412473015487194,Ly6C hi monocytes have a lower inflammatory capacity than Ly6C lo monocytes.
728,8,9196472,False,NOINFO,NOINFO,False,0.9992190599441528,0.00015049774083308876,0.0006305328570306301,Ly6C hi monocytes have a lower inflammatory capacity than Ly6C lo monocytes.
728,9,7489663,False,NOINFO,NOINFO,False,0.9992600083351135,0.00018296622147317976,0.0005570097710005939,Ly6C hi monocytes have a lower inflammatory capacity than Ly6C lo monocytes.
728,10,623486,False,NOINFO,NOINFO,False,0.9995763897895813,8.363105735043064e-05,0.00033993643592111766,Ly6C hi monocytes have a lower inflammatory capacity than Ly6C lo monocytes.
729,1,26851674,True,SUPPORTS,SUPPORTS,True,0.0007792712422087789,0.9971495270729065,0.002071230672299862,Lymphadenopathy is observed in knockin mouse lacking the SHP-2 MAPK pathway.
729,2,10279084,False,NOINFO,NOINFO,False,0.9996747970581055,0.00011980775889242068,0.0002053982752840966,Lymphadenopathy is observed in knockin mouse lacking the SHP-2 MAPK pathway.
729,3,37895688,False,NOINFO,NOINFO,False,0.9996908903121948,9.132459672400728e-05,0.00021779641974717379,Lymphadenopathy is observed in knockin mouse lacking the SHP-2 MAPK pathway.
729,4,83308790,False,NOINFO,NOINFO,False,0.9996885061264038,0.00014255533460527658,0.0001689583295956254,Lymphadenopathy is observed in knockin mouse lacking the SHP-2 MAPK pathway.
729,5,22210434,False,NOINFO,NOINFO,False,0.9996744394302368,0.00014536494563799351,0.00018020429706666619,Lymphadenopathy is observed in knockin mouse lacking the SHP-2 MAPK pathway.
729,6,43419566,False,NOINFO,NOINFO,False,0.9997138381004333,9.132669219980016e-05,0.00019485497614368796,Lymphadenopathy is observed in knockin mouse lacking the SHP-2 MAPK pathway.
729,7,25089501,False,NOINFO,NOINFO,False,0.9996732473373413,0.00011409811850171536,0.00021274741447996348,Lymphadenopathy is observed in knockin mouse lacking the SHP-2 MAPK pathway.
729,8,32101982,False,NOINFO,NOINFO,False,0.9996428489685059,0.00013209386088419706,0.00022513853036798537,Lymphadenopathy is observed in knockin mouse lacking the SHP-2 MAPK pathway.
729,9,12670680,False,NOINFO,NOINFO,False,0.9996988773345947,0.00013576324272435158,0.00016536879411432892,Lymphadenopathy is observed in knockin mouse lacking the SHP-2 MAPK pathway.
729,10,22997657,False,NOINFO,NOINFO,False,0.9996501207351685,0.00011210741649847478,0.0002377953933319077,Lymphadenopathy is observed in knockin mouse lacking the SHP-2 MAPK pathway.
742,1,3984231,False,NOINFO,NOINFO,False,0.9993785619735718,0.00021144215133972466,0.0004099604848306626,Macrolides have no protective effect against myocardial infarction.
742,2,6853699,False,NOINFO,NOINFO,False,0.9996669292449951,0.00013979505456518382,0.00019332954252604395,Macrolides have no protective effect against myocardial infarction.
742,3,7454794,False,NOINFO,NOINFO,False,0.9997007846832275,0.00012289189908187836,0.00017637865676078945,Macrolides have no protective effect against myocardial infarction.
742,4,41913714,False,NOINFO,NOINFO,False,0.9997220635414124,8.462920959573239e-05,0.00019334020907990634,Macrolides have no protective effect against myocardial infarction.
742,5,2842550,False,NOINFO,NOINFO,False,0.9996875524520874,9.422322909813374e-05,0.0002182214957429096,Macrolides have no protective effect against myocardial infarction.
742,6,17897801,False,NOINFO,NOINFO,False,0.9995201826095581,0.00012776425865013152,0.00035208012559451163,Macrolides have no protective effect against myocardial infarction.
742,7,24150328,False,NOINFO,NOINFO,False,0.9996851682662964,9.797642997000366e-05,0.00021694607858080417,Macrolides have no protective effect against myocardial infarction.
742,8,6158879,False,NOINFO,NOINFO,False,0.9996263980865479,9.87390594673343e-05,0.00027476553805172443,Macrolides have no protective effect against myocardial infarction.
742,9,7662206,False,NOINFO,NOINFO,False,0.9997122883796692,0.00010030259727500379,0.0001873899163911119,Macrolides have no protective effect against myocardial infarction.
742,10,21239672,False,NOINFO,NOINFO,False,0.9996229410171509,0.00010551820014370605,0.00027156350552104414,Macrolides have no protective effect against myocardial infarction.
743,1,3984231,False,NOINFO,NOINFO,False,0.9996951818466187,0.00015656744653824717,0.00014823509263806045,Macrolides protect against myocardial infarction.
743,2,6853699,False,NOINFO,NOINFO,False,0.9997250437736511,0.00013817442231811583,0.00013683162978850305,Macrolides protect against myocardial infarction.
743,3,2192419,False,NOINFO,NOINFO,False,0.9997580647468567,8.991478534881026e-05,0.00015205660020001233,Macrolides protect against myocardial infarction.
743,4,41913714,False,NOINFO,NOINFO,False,0.9996528625488281,0.00014650188677478582,0.0002006358263315633,Macrolides protect against myocardial infarction.
743,5,7454794,False,NOINFO,NOINFO,False,0.9997252821922302,0.00014200479199644178,0.0001326218043686822,Macrolides protect against myocardial infarction.
743,6,1122198,False,NOINFO,NOINFO,False,0.9997360110282898,8.348120172740892e-05,0.00018056773114949465,Macrolides protect against myocardial infarction.
743,7,7662206,False,NOINFO,NOINFO,False,0.9997355341911316,0.0001076114785973914,0.0001568798761582002,Macrolides protect against myocardial infarction.
743,8,4928057,False,NOINFO,NOINFO,False,0.9997031092643738,0.00014395639300346375,0.00015294179320335388,Macrolides protect against myocardial infarction.
743,9,17897801,False,NOINFO,NOINFO,False,0.9997437596321106,0.00012289718142710626,0.00013340362056624144,Macrolides protect against myocardial infarction.
743,10,21557614,False,NOINFO,NOINFO,False,0.9997649788856506,9.760224929777905e-05,0.00013737266999669373,Macrolides protect against myocardial infarction.
744,1,4138659,False,NOINFO,SUPPORTS,False,0.0008098782855086029,0.9985619187355042,0.000628274807240814,Macropinocytosis contributes to a cell's supply of amino acids via the intracellular uptake of protein.
744,2,6454371,False,NOINFO,NOINFO,False,0.9996165037155151,0.00024533559917472303,0.00013815941929351538,Macropinocytosis contributes to a cell's supply of amino acids via the intracellular uptake of protein.
744,3,8460275,True,SUPPORTS,SUPPORTS,True,0.0006832984508946538,0.998531699180603,0.0007849371759220958,Macropinocytosis contributes to a cell's supply of amino acids via the intracellular uptake of protein.
744,4,20672596,False,NOINFO,NOINFO,False,0.9997186064720154,0.00012361627887003124,0.00015779913519509137,Macropinocytosis contributes to a cell's supply of amino acids via the intracellular uptake of protein.
744,5,23895668,False,NOINFO,NOINFO,False,0.9995166063308716,0.0003193216398358345,0.00016405197675339878,Macropinocytosis contributes to a cell's supply of amino acids via the intracellular uptake of protein.
744,6,10169908,False,NOINFO,NOINFO,False,0.9995195865631104,0.0003493400290608406,0.00013104973186273128,Macropinocytosis contributes to a cell's supply of amino acids via the intracellular uptake of protein.
744,7,1546650,False,NOINFO,NOINFO,False,0.9995842576026917,0.00020338378089945763,0.00021231340360827744,Macropinocytosis contributes to a cell's supply of amino acids via the intracellular uptake of protein.
744,8,1344498,False,NOINFO,NOINFO,False,0.9996410608291626,0.00017194640531670302,0.00018701096996665,Macropinocytosis contributes to a cell's supply of amino acids via the intracellular uptake of protein.
744,9,12207167,False,NOINFO,NOINFO,False,0.9997374415397644,0.00011635597184067592,0.00014622841263189912,Macropinocytosis contributes to a cell's supply of amino acids via the intracellular uptake of protein.
744,10,16319097,False,NOINFO,NOINFO,False,0.9996123909950256,0.000215662905247882,0.0001719414722174406,Macropinocytosis contributes to a cell's supply of amino acids via the intracellular uptake of protein.
756,1,27134527,False,NOINFO,NOINFO,False,0.9948956370353699,0.004909217357635498,0.00019505544332787395,Many proteins in human cells can be post-translationally modified at lysine residues via acetylation.
756,2,8646760,False,NOINFO,SUPPORTS,False,0.008076419122517109,0.9912900924682617,0.0006335213547572494,Many proteins in human cells can be post-translationally modified at lysine residues via acetylation.
756,3,17919731,False,NOINFO,NOINFO,False,0.9778683185577393,0.021393975242972374,0.0007378032896667719,Many proteins in human cells can be post-translationally modified at lysine residues via acetylation.
756,4,2831620,True,SUPPORTS,NOINFO,False,0.9921686053276062,0.0075200204737484455,0.00031145100365392864,Many proteins in human cells can be post-translationally modified at lysine residues via acetylation.
756,5,12172346,False,NOINFO,NOINFO,False,0.9990859031677246,0.0007815473363734782,0.00013253698125481606,Many proteins in human cells can be post-translationally modified at lysine residues via acetylation.
756,6,6669242,False,NOINFO,NOINFO,False,0.9995695948600769,0.0002862532564904541,0.00014421857486013323,Many proteins in human cells can be post-translationally modified at lysine residues via acetylation.
756,7,6209599,False,NOINFO,NOINFO,False,0.9993343949317932,0.0005182157037779689,0.0001473158918088302,Many proteins in human cells can be post-translationally modified at lysine residues via acetylation.
756,8,32638085,False,NOINFO,NOINFO,False,0.9994456171989441,0.0004296637198422104,0.00012479530414566398,Many proteins in human cells can be post-translationally modified at lysine residues via acetylation.
756,9,1748921,False,NOINFO,NOINFO,False,0.9996665716171265,0.00018701572844292969,0.00014650389493908733,Many proteins in human cells can be post-translationally modified at lysine residues via acetylation.
756,10,25901598,False,NOINFO,NOINFO,False,0.9624320864677429,0.03674347326159477,0.0008244518539868295,Many proteins in human cells can be post-translationally modified at lysine residues via acetylation.
759,1,1805641,True,REFUTES,SUPPORTS,False,0.0016108861891552806,0.9977426528930664,0.0006464227335527539,Mathematical models predict that using Artemisinin-based combination therapy over nongametocytocidal drugs have a dramatic impact in reducing malaria transmission.
759,2,12409683,False,NOINFO,SUPPORTS,False,0.27460262179374695,0.7227753400802612,0.0026220534928143024,Mathematical models predict that using Artemisinin-based combination therapy over nongametocytocidal drugs have a dramatic impact in reducing malaria transmission.
759,3,3929361,False,NOINFO,NOINFO,False,0.9573955535888672,0.04202396422624588,0.0005804297979921103,Mathematical models predict that using Artemisinin-based combination therapy over nongametocytocidal drugs have a dramatic impact in reducing malaria transmission.
759,4,6503185,False,NOINFO,NOINFO,False,0.9988582134246826,0.0010013403370976448,0.0001405028160661459,Mathematical models predict that using Artemisinin-based combination therapy over nongametocytocidal drugs have a dramatic impact in reducing malaria transmission.
759,5,18074797,False,NOINFO,SUPPORTS,False,0.08527209609746933,0.9131873250007629,0.0015406053280457854,Mathematical models predict that using Artemisinin-based combination therapy over nongametocytocidal drugs have a dramatic impact in reducing malaria transmission.
759,6,10617916,False,NOINFO,NOINFO,False,0.9994155168533325,0.00045291619608178735,0.00013154894986655563,Mathematical models predict that using Artemisinin-based combination therapy over nongametocytocidal drugs have a dramatic impact in reducing malaria transmission.
759,7,13948920,False,NOINFO,NOINFO,False,0.9997346997261047,0.00014145250315777957,0.000123859936138615,Mathematical models predict that using Artemisinin-based combination therapy over nongametocytocidal drugs have a dramatic impact in reducing malaria transmission.
759,8,20761364,False,NOINFO,NOINFO,False,0.9997287392616272,0.00015234942839015275,0.0001188818205264397,Mathematical models predict that using Artemisinin-based combination therapy over nongametocytocidal drugs have a dramatic impact in reducing malaria transmission.
759,9,5289038,False,NOINFO,NOINFO,False,0.9994431138038635,0.0004132025351282209,0.00014363814261741936,Mathematical models predict that using Artemisinin-based combination therapy over nongametocytocidal drugs have a dramatic impact in reducing malaria transmission.
759,10,37248570,False,NOINFO,NOINFO,False,0.9996960163116455,0.0001650456542847678,0.00013898238830734044,Mathematical models predict that using Artemisinin-based combination therapy over nongametocytocidal drugs have a dramatic impact in reducing malaria transmission.
770,1,15476777,True,SUPPORTS,REFUTES,False,0.0007995272753760219,0.0076079596765339375,0.991592526435852,Metastatic colorectal cancer treated with a single agent fluoropyrimidines resulted in reduced efficacy and lower quality of life when compared with oxaliplatin-based chemotherapy in elderly patients.
770,2,2492146,False,NOINFO,NOINFO,False,0.9995044469833374,0.00015231526049319655,0.00034324772423133254,Metastatic colorectal cancer treated with a single agent fluoropyrimidines resulted in reduced efficacy and lower quality of life when compared with oxaliplatin-based chemotherapy in elderly patients.
770,3,5492542,False,NOINFO,NOINFO,False,0.9997099041938782,7.857461605453864e-05,0.00021151226246729493,Metastatic colorectal cancer treated with a single agent fluoropyrimidines resulted in reduced efficacy and lower quality of life when compared with oxaliplatin-based chemotherapy in elderly patients.
770,4,10958594,False,NOINFO,NOINFO,False,0.9996670484542847,0.000113874782982748,0.00021907109476160258,Metastatic colorectal cancer treated with a single agent fluoropyrimidines resulted in reduced efficacy and lower quality of life when compared with oxaliplatin-based chemotherapy in elderly patients.
770,5,24634621,False,NOINFO,NOINFO,False,0.9996091723442078,9.025325562106445e-05,0.00030058922129683197,Metastatic colorectal cancer treated with a single agent fluoropyrimidines resulted in reduced efficacy and lower quality of life when compared with oxaliplatin-based chemotherapy in elderly patients.
770,6,7613033,False,NOINFO,NOINFO,False,0.9997009038925171,8.512472413713112e-05,0.00021400356490630656,Metastatic colorectal cancer treated with a single agent fluoropyrimidines resulted in reduced efficacy and lower quality of life when compared with oxaliplatin-based chemotherapy in elderly patients.
770,7,2328272,False,NOINFO,NOINFO,False,0.9996868371963501,7.996616477612406e-05,0.00023320456966757774,Metastatic colorectal cancer treated with a single agent fluoropyrimidines resulted in reduced efficacy and lower quality of life when compared with oxaliplatin-based chemotherapy in elderly patients.
770,8,13256155,False,NOINFO,NOINFO,False,0.9996522665023804,8.512059139320627e-05,0.0002627024950925261,Metastatic colorectal cancer treated with a single agent fluoropyrimidines resulted in reduced efficacy and lower quality of life when compared with oxaliplatin-based chemotherapy in elderly patients.
770,9,39903312,False,NOINFO,NOINFO,False,0.9996508359909058,7.43885466363281e-05,0.0002747722319327295,Metastatic colorectal cancer treated with a single agent fluoropyrimidines resulted in reduced efficacy and lower quality of life when compared with oxaliplatin-based chemotherapy in elderly patients.
770,10,7165938,False,NOINFO,NOINFO,False,0.9996662139892578,9.514586417935789e-05,0.00023872993187978864,Metastatic colorectal cancer treated with a single agent fluoropyrimidines resulted in reduced efficacy and lower quality of life when compared with oxaliplatin-based chemotherapy in elderly patients.
781,1,24338780,True,REFUTES,SUPPORTS,False,0.0008636629208922386,0.9984076619148254,0.0007286990294232965,Mice that lack Interferon-γ or its receptor exhibit high resistance to experimental autoimmune myocarditis.
781,2,8246922,False,NOINFO,SUPPORTS,False,0.0017146291211247444,0.9976551532745361,0.0006301610847003758,Mice that lack Interferon-γ or its receptor exhibit high resistance to experimental autoimmune myocarditis.
781,3,40632104,False,NOINFO,NOINFO,False,0.999372661113739,0.00047278133570216596,0.0001546934654470533,Mice that lack Interferon-γ or its receptor exhibit high resistance to experimental autoimmune myocarditis.
781,4,39084565,False,NOINFO,NOINFO,False,0.999652624130249,0.0001895875029731542,0.00015778871602378786,Mice that lack Interferon-γ or its receptor exhibit high resistance to experimental autoimmune myocarditis.
781,5,6270720,False,NOINFO,NOINFO,False,0.9994503855705261,0.0003777004312723875,0.00017191360529977828,Mice that lack Interferon-γ or its receptor exhibit high resistance to experimental autoimmune myocarditis.
781,6,34378726,False,NOINFO,NOINFO,False,0.999705970287323,0.00016028208483476192,0.00013365938502829522,Mice that lack Interferon-γ or its receptor exhibit high resistance to experimental autoimmune myocarditis.
781,7,13651792,False,NOINFO,NOINFO,False,0.9995417594909668,0.000229107856284827,0.000229107856284827,Mice that lack Interferon-γ or its receptor exhibit high resistance to experimental autoimmune myocarditis.
781,8,1386103,False,NOINFO,NOINFO,False,0.9996721744537354,0.0001844773069024086,0.00014339073095470667,Mice that lack Interferon-γ or its receptor exhibit high resistance to experimental autoimmune myocarditis.
781,9,15707049,False,NOINFO,NOINFO,False,0.9995790123939514,0.00017948460299521685,0.00024152295372914523,Mice that lack Interferon-γ or its receptor exhibit high resistance to experimental autoimmune myocarditis.
781,10,1049501,False,NOINFO,NOINFO,False,0.9996837377548218,0.00014061894034966826,0.00017568802286405116,Mice that lack Interferon-γ or its receptor exhibit high resistance to experimental autoimmune myocarditis.
784,1,42662816,False,NOINFO,NOINFO,False,0.9991970658302307,0.0006486306665465236,0.00015436450485140085,MicroRNA is involved in the regulation of Neural Stem Cell (NSC) differentiation and proliferation dynamic homeostasis
784,2,2356950,True,SUPPORTS,SUPPORTS,True,0.1376250833272934,0.8613643646240234,0.0010105257388204336,MicroRNA is involved in the regulation of Neural Stem Cell (NSC) differentiation and proliferation dynamic homeostasis
784,3,16627684,False,NOINFO,NOINFO,False,0.9993324875831604,0.0005315410671755672,0.0001359788147965446,MicroRNA is involved in the regulation of Neural Stem Cell (NSC) differentiation and proliferation dynamic homeostasis
784,4,6285534,False,NOINFO,NOINFO,False,0.996640682220459,0.0031504787039011717,0.00020881369709968567,MicroRNA is involved in the regulation of Neural Stem Cell (NSC) differentiation and proliferation dynamic homeostasis
784,5,16605494,False,NOINFO,NOINFO,False,0.999390721321106,0.00039195659337565303,0.00021730619482696056,MicroRNA is involved in the regulation of Neural Stem Cell (NSC) differentiation and proliferation dynamic homeostasis
784,6,13290521,False,NOINFO,NOINFO,False,0.9995450377464294,0.0003425918985158205,0.00011231478856643662,MicroRNA is involved in the regulation of Neural Stem Cell (NSC) differentiation and proliferation dynamic homeostasis
784,7,15590539,False,NOINFO,NOINFO,False,0.999388575553894,0.0004398278542794287,0.00017156756075564772,MicroRNA is involved in the regulation of Neural Stem Cell (NSC) differentiation and proliferation dynamic homeostasis
784,8,28704738,False,NOINFO,NOINFO,False,0.9993498921394348,0.0004546590498648584,0.00019554639584384859,MicroRNA is involved in the regulation of Neural Stem Cell (NSC) differentiation and proliferation dynamic homeostasis
784,9,22871664,False,NOINFO,NOINFO,False,0.9996069073677063,0.000242001871811226,0.00015114540292415768,MicroRNA is involved in the regulation of Neural Stem Cell (NSC) differentiation and proliferation dynamic homeostasis
784,10,12337611,False,NOINFO,NOINFO,False,0.9992581009864807,0.0005526740569621325,0.00018914288375526667,MicroRNA is involved in the regulation of Neural Stem Cell (NSC) differentiation and proliferation dynamic homeostasis
793,1,23403754,False,NOINFO,NOINFO,False,0.5359635949134827,0.0024578834418207407,0.46157851815223694,Mitochondria are uninvolved in apoptosis.
793,2,39381118,False,NOINFO,REFUTES,False,0.006385133136063814,0.0014685061760246754,0.9921464323997498,Mitochondria are uninvolved in apoptosis.
793,3,935034,False,NOINFO,NOINFO,False,0.9989743232727051,0.00010042450594482943,0.0009252919699065387,Mitochondria are uninvolved in apoptosis.
793,4,28249680,False,NOINFO,NOINFO,False,0.9977936744689941,0.00027265946846455336,0.0019337336998432875,Mitochondria are uninvolved in apoptosis.
793,5,23887844,False,NOINFO,NOINFO,False,0.999359667301178,0.00015529690426774323,0.0004849329707212746,Mitochondria are uninvolved in apoptosis.
793,6,25251625,False,NOINFO,NOINFO,False,0.9995937943458557,7.674551306990907e-05,0.0003294834459666163,Mitochondria are uninvolved in apoptosis.
793,7,34439544,False,NOINFO,NOINFO,False,0.9976179003715515,0.0002586079353932291,0.0021234170999377966,Mitochondria are uninvolved in apoptosis.
793,8,8551160,True,REFUTES,REFUTES,True,0.0016405526548624039,0.0009220657520927489,0.9974373579025269,Mitochondria are uninvolved in apoptosis.
793,9,23513818,False,NOINFO,NOINFO,False,0.9989038705825806,0.00017181961447931826,0.0009243236854672432,Mitochondria are uninvolved in apoptosis.
793,10,13651792,False,NOINFO,NOINFO,False,0.99943608045578,0.00016727412003092468,0.0003965948417317122,Mitochondria are uninvolved in apoptosis.
805,1,22180793,True,SUPPORTS,SUPPORTS,True,0.0011439459631219506,0.9982143640518188,0.0006416955147869885,Monoclonal antibody targeting of N-cadherin inhibits metastasis.
805,2,17188921,False,NOINFO,NOINFO,False,0.999718964099884,0.0001431176351616159,0.00013790397497359663,Monoclonal antibody targeting of N-cadherin inhibits metastasis.
805,3,3727986,False,NOINFO,NOINFO,False,0.9996564388275146,0.00020700544700957835,0.00013655527436640114,Monoclonal antibody targeting of N-cadherin inhibits metastasis.
805,4,14149065,False,NOINFO,NOINFO,False,0.9997221827507019,0.00010308410855941474,0.00017466835561208427,Monoclonal antibody targeting of N-cadherin inhibits metastasis.
805,5,3118719,False,NOINFO,NOINFO,False,0.9997286200523376,0.00010824311902979389,0.0001631281484151259,Monoclonal antibody targeting of N-cadherin inhibits metastasis.
805,6,38243984,False,NOINFO,NOINFO,False,0.9997021555900574,0.00011726442608051002,0.00018056161934509873,Monoclonal antibody targeting of N-cadherin inhibits metastasis.
805,7,13952658,False,NOINFO,NOINFO,False,0.9997040629386902,0.00013470742851495743,0.00016122369561344385,Monoclonal antibody targeting of N-cadherin inhibits metastasis.
805,8,32742683,False,NOINFO,NOINFO,False,0.9997077584266663,0.00014255808491725475,0.00014969168114475906,Monoclonal antibody targeting of N-cadherin inhibits metastasis.
805,9,9558539,False,NOINFO,NOINFO,False,0.9996084570884705,0.00025710740010254085,0.00013443171337712556,Monoclonal antibody targeting of N-cadherin inhibits metastasis.
805,10,2593298,False,NOINFO,NOINFO,False,0.9997476935386658,0.00011081214324804023,0.00014145433669909835,Monoclonal antibody targeting of N-cadherin inhibits metastasis.
808,1,36606083,True,SUPPORTS,SUPPORTS,True,0.003496037097647786,0.8791660666465759,0.1173378974199295,Most termination events in Okazaki fragments are sequence specific.
808,2,18111172,False,NOINFO,NOINFO,False,0.9996639490127563,0.00013924961967859417,0.00019675737712532282,Most termination events in Okazaki fragments are sequence specific.
808,3,25462689,False,NOINFO,NOINFO,False,0.9997221827507019,8.680552855366841e-05,0.00019108773267362267,Most termination events in Okazaki fragments are sequence specific.
808,4,35448676,False,NOINFO,NOINFO,False,0.9997143149375916,0.00010930379357887432,0.00017638105782680213,Most termination events in Okazaki fragments are sequence specific.
808,5,20821402,False,NOINFO,NOINFO,False,0.9995949864387512,0.00021356336947064847,0.00019143696408718824,Most termination events in Okazaki fragments are sequence specific.
808,6,23664875,False,NOINFO,NOINFO,False,0.999688982963562,0.00011772182915592566,0.00019333380623720586,Most termination events in Okazaki fragments are sequence specific.
808,7,31514338,False,NOINFO,NOINFO,False,0.9997062087059021,0.00011911155161214992,0.00017466556164436042,Most termination events in Okazaki fragments are sequence specific.
808,8,8250852,False,NOINFO,NOINFO,False,0.9996727705001831,0.00010348244541091844,0.00022382989118341357,Most termination events in Okazaki fragments are sequence specific.
808,9,12207340,False,NOINFO,NOINFO,False,0.9997195601463318,0.00011703765630954877,0.00016344556934200227,Most termination events in Okazaki fragments are sequence specific.
808,10,20585600,False,NOINFO,NOINFO,False,0.9996047616004944,0.00010950548312393948,0.000285704736597836,Most termination events in Okazaki fragments are sequence specific.
811,1,19799455,True,REFUTES,NOINFO,False,0.9966733455657959,0.0030269278213381767,0.0002997063857037574,Mutant mice lacking SVCT2 have greatly increased ascorbic acid levels in both brain and adrenals.
811,2,23868856,False,NOINFO,NOINFO,False,0.9996576309204102,0.00011058596282964572,0.00023183536541182548,Mutant mice lacking SVCT2 have greatly increased ascorbic acid levels in both brain and adrenals.
811,3,12785130,False,NOINFO,NOINFO,False,0.9997215867042542,9.026340558193624e-05,0.00018812509370036423,Mutant mice lacking SVCT2 have greatly increased ascorbic acid levels in both brain and adrenals.
811,4,44562221,False,NOINFO,NOINFO,False,0.9994059801101685,0.0002177343558287248,0.0003762112173717469,Mutant mice lacking SVCT2 have greatly increased ascorbic acid levels in both brain and adrenals.
811,5,11886686,False,NOINFO,NOINFO,False,0.9996857643127441,0.00013365667837206274,0.00018055865075439215,Mutant mice lacking SVCT2 have greatly increased ascorbic acid levels in both brain and adrenals.
811,6,2601324,False,NOINFO,NOINFO,False,0.9996747970581055,0.00014650510274805129,0.00017880200175568461,Mutant mice lacking SVCT2 have greatly increased ascorbic acid levels in both brain and adrenals.
811,7,36357627,False,NOINFO,NOINFO,False,0.9997331500053406,9.952411346603185e-05,0.00016732384392526,Mutant mice lacking SVCT2 have greatly increased ascorbic acid levels in both brain and adrenals.
811,8,13921526,False,NOINFO,NOINFO,False,0.9997202754020691,9.664942626841366e-05,0.00018305050616618246,Mutant mice lacking SVCT2 have greatly increased ascorbic acid levels in both brain and adrenals.
811,9,5704562,False,NOINFO,NOINFO,False,0.9997289776802063,9.385978773934767e-05,0.0001770739909261465,Mutant mice lacking SVCT2 have greatly increased ascorbic acid levels in both brain and adrenals.
811,10,12462961,False,NOINFO,NOINFO,False,0.9996362924575806,0.00014116261445451528,0.00022251412156037986,Mutant mice lacking SVCT2 have greatly increased ascorbic acid levels in both brain and adrenals.
823,1,15319019,True,SUPPORTS,SUPPORTS,True,0.005026828497648239,0.9941604733467102,0.0008126324391923845,N348I mutations cause resistance to zidovudine (AZT).
823,2,6426919,False,NOINFO,NOINFO,False,0.9996764659881592,0.00014367168478202075,0.00017985304293688387,N348I mutations cause resistance to zidovudine (AZT).
823,3,25014337,False,NOINFO,NOINFO,False,0.9997305274009705,0.00012122676707804203,0.00014824033132754266,N348I mutations cause resistance to zidovudine (AZT).
823,4,6421792,False,NOINFO,NOINFO,False,0.9996963739395142,0.0001673176884651184,0.00013629425666294992,N348I mutations cause resistance to zidovudine (AZT).
823,5,2319305,False,NOINFO,NOINFO,False,0.9996191263198853,0.00019713320943992585,0.0001837483432609588,N348I mutations cause resistance to zidovudine (AZT).
823,6,641786,False,NOINFO,NOINFO,False,0.9996474981307983,0.00019070063717663288,0.00016184552805498242,N348I mutations cause resistance to zidovudine (AZT).
823,7,13450938,False,NOINFO,NOINFO,False,0.9997369647026062,0.0001275426329812035,0.00013550350558944046,N348I mutations cause resistance to zidovudine (AZT).
823,8,2638387,False,NOINFO,NOINFO,False,0.9996386766433716,0.00021821082918904722,0.00014310615370050073,N348I mutations cause resistance to zidovudine (AZT).
823,9,16630996,False,NOINFO,NOINFO,False,0.9997225403785706,0.0001233755610883236,0.00015414431982208043,N348I mutations cause resistance to zidovudine (AZT).
823,10,13221399,False,NOINFO,NOINFO,False,0.9997363686561584,0.00011911514593521133,0.00014452464529313147,N348I mutations cause resistance to zidovudine (AZT).
832,1,30303335,True,SUPPORTS,NOINFO,False,0.9934355020523071,0.006328206043690443,0.0002363170642638579,NFAT4 activation requires IP3R-mediated Ca2+ mobilization.
832,2,1605392,False,NOINFO,NOINFO,False,0.9995697140693665,0.00023964115825947374,0.00019068579422309995,NFAT4 activation requires IP3R-mediated Ca2+ mobilization.
832,3,19561411,False,NOINFO,NOINFO,False,0.9990625977516174,0.0007493905141018331,0.0001880010822787881,NFAT4 activation requires IP3R-mediated Ca2+ mobilization.
832,4,6936141,False,NOINFO,NOINFO,False,0.9995290040969849,0.00018808884487953037,0.00028290681075304747,NFAT4 activation requires IP3R-mediated Ca2+ mobilization.
832,5,4399311,False,NOINFO,NOINFO,False,0.999607503414154,0.00015292715397663414,0.00023965020955074579,NFAT4 activation requires IP3R-mediated Ca2+ mobilization.
832,6,7116734,False,NOINFO,NOINFO,False,0.9994876384735107,0.00023270318342838436,0.0002795992768369615,NFAT4 activation requires IP3R-mediated Ca2+ mobilization.
832,7,5389095,False,NOINFO,NOINFO,False,0.9992223978042603,0.0003404804156161845,0.00043718551751226187,NFAT4 activation requires IP3R-mediated Ca2+ mobilization.
832,8,36399109,False,NOINFO,NOINFO,False,0.9995612502098083,0.00020179638522677124,0.00023684726329520345,NFAT4 activation requires IP3R-mediated Ca2+ mobilization.
832,9,34469966,False,NOINFO,NOINFO,False,0.99941086769104,0.000314952339977026,0.00027417027740739286,NFAT4 activation requires IP3R-mediated Ca2+ mobilization.
832,10,712078,False,NOINFO,NOINFO,False,0.9994902610778809,0.000257077015703544,0.00025259755784645677,NFAT4 activation requires IP3R-mediated Ca2+ mobilization.
837,1,15928989,True,SUPPORTS,SUPPORTS,True,0.0009430148056708276,0.9984164237976074,0.0006405730964615941,NR5A2 is important in development of endometrial tissues.
837,2,9239963,False,NOINFO,NOINFO,False,0.9996028542518616,0.0002212067338405177,0.00017601725994609296,NR5A2 is important in development of endometrial tissues.
837,3,16201748,False,NOINFO,NOINFO,False,0.9995526671409607,0.00021189243125263602,0.00023546151351183653,NR5A2 is important in development of endometrial tissues.
837,4,16346504,False,NOINFO,NOINFO,False,0.9995974898338318,0.00017739683971740305,0.00022512830037157983,NR5A2 is important in development of endometrial tissues.
837,5,20725212,False,NOINFO,NOINFO,False,0.9996284246444702,0.00015716973575763404,0.00021440640557557344,NR5A2 is important in development of endometrial tissues.
837,6,9211173,False,NOINFO,NOINFO,False,0.9995598196983337,0.00019673687347676605,0.00024341254902537912,NR5A2 is important in development of endometrial tissues.
837,7,13777138,False,NOINFO,NOINFO,False,0.9994350075721741,0.00038589700125157833,0.00017910859605763108,NR5A2 is important in development of endometrial tissues.
837,8,26121646,False,NOINFO,NOINFO,False,0.9996852874755859,0.00013313554518390447,0.00018161963089369237,NR5A2 is important in development of endometrial tissues.
837,9,25263942,False,NOINFO,NOINFO,False,0.999616265296936,0.00017914109048433602,0.00020458552171476185,NR5A2 is important in development of endometrial tissues.
837,10,25628793,False,NOINFO,NOINFO,False,0.9996261596679688,0.0001631114282645285,0.00021066999761387706,NR5A2 is important in development of endometrial tissues.
839,1,6219790,False,NOINFO,NOINFO,False,0.998595654964447,0.0012630107812583447,0.00014129132614471018,Nanoparticles can be targeted against specific cell types by incorporating aptamers into lipid nanoparticles.
839,2,1469751,True,SUPPORTS,SUPPORTS,True,0.00159542600158602,0.9978644251823425,0.0005401723901741207,Nanoparticles can be targeted against specific cell types by incorporating aptamers into lipid nanoparticles.
839,3,22482820,False,NOINFO,NOINFO,False,0.9996486902236938,0.00022868526866659522,0.00012264572433196008,Nanoparticles can be targeted against specific cell types by incorporating aptamers into lipid nanoparticles.
839,4,13923069,False,NOINFO,NOINFO,False,0.9996726512908936,0.0002026087895501405,0.00012482365127652884,Nanoparticles can be targeted against specific cell types by incorporating aptamers into lipid nanoparticles.
839,5,8182950,False,NOINFO,NOINFO,False,0.9994366765022278,0.00043727929005399346,0.0001260188437299803,Nanoparticles can be targeted against specific cell types by incorporating aptamers into lipid nanoparticles.
839,6,17327939,False,NOINFO,NOINFO,False,0.9993579983711243,0.0005172168021090329,0.00012478436110541224,Nanoparticles can be targeted against specific cell types by incorporating aptamers into lipid nanoparticles.
839,7,31715818,False,NOINFO,NOINFO,False,0.9996637105941772,0.00020499523088801652,0.00013132487947586924,Nanoparticles can be targeted against specific cell types by incorporating aptamers into lipid nanoparticles.
839,8,4435369,False,NOINFO,NOINFO,False,0.9996792078018188,0.00019599328516051173,0.00012482446618378162,Nanoparticles can be targeted against specific cell types by incorporating aptamers into lipid nanoparticles.
839,9,33397197,False,NOINFO,NOINFO,False,0.9995750784873962,0.00029591895872727036,0.00012902516755275428,Nanoparticles can be targeted against specific cell types by incorporating aptamers into lipid nanoparticles.
839,10,25435456,False,NOINFO,NOINFO,False,0.999658465385437,0.00022426429495681077,0.00011725929653039202,Nanoparticles can be targeted against specific cell types by incorporating aptamers into lipid nanoparticles.
845,1,2236768,False,NOINFO,NOINFO,False,0.9989431500434875,0.0008985490421764553,0.00015829384210519493,Neutrophil extracellular traps (NETs) are released by ANCA-stimulated neutrophils.
845,2,29399239,False,NOINFO,NOINFO,False,0.9990229606628418,0.0007822617189958692,0.00019472031272016466,Neutrophil extracellular traps (NETs) are released by ANCA-stimulated neutrophils.
845,3,9878167,False,NOINFO,NOINFO,False,0.6299741864204407,0.3688988983631134,0.0011269411770626903,Neutrophil extracellular traps (NETs) are released by ANCA-stimulated neutrophils.
845,4,36089763,False,NOINFO,NOINFO,False,0.9994290471076965,0.00043727594311349094,0.00013362236495595425,Neutrophil extracellular traps (NETs) are released by ANCA-stimulated neutrophils.
845,5,1800734,False,NOINFO,NOINFO,False,0.9992637038230896,0.0006034508696757257,0.00013281972496770322,Neutrophil extracellular traps (NETs) are released by ANCA-stimulated neutrophils.
845,6,3330111,False,NOINFO,NOINFO,False,0.9995495676994324,0.00030649956897832453,0.00014393428864423186,Neutrophil extracellular traps (NETs) are released by ANCA-stimulated neutrophils.
845,7,43054703,False,NOINFO,NOINFO,False,0.9995613694190979,0.00028181300149299204,0.00015685254766140133,Neutrophil extracellular traps (NETs) are released by ANCA-stimulated neutrophils.
845,8,20608982,False,NOINFO,NOINFO,False,0.9996936321258545,0.00013817007129546255,0.00016830048116389662,Neutrophil extracellular traps (NETs) are released by ANCA-stimulated neutrophils.
845,9,11328820,False,NOINFO,NOINFO,False,0.9854736328125,0.014026174321770668,0.0005001660902053118,Neutrophil extracellular traps (NETs) are released by ANCA-stimulated neutrophils.
845,10,17741440,True,SUPPORTS,SUPPORTS,True,0.0012660118518397212,0.9980402588844299,0.0006937173311598599,Neutrophil extracellular traps (NETs) are released by ANCA-stimulated neutrophils.
847,1,16787954,True,REFUTES,REFUTES,True,0.003833511145785451,0.061794258654117584,0.9343722462654114,New drugs for tuberculosis often do not penetrate the necrotic portion of a tuberculosis lesion in high concentrations.
847,2,341324,False,NOINFO,NOINFO,False,0.9995937943458557,0.00012505782069638371,0.00028127225232310593,New drugs for tuberculosis often do not penetrate the necrotic portion of a tuberculosis lesion in high concentrations.
847,3,4424888,False,NOINFO,NOINFO,False,0.9994773268699646,0.00027258662157692015,0.0002501395356375724,New drugs for tuberculosis often do not penetrate the necrotic portion of a tuberculosis lesion in high concentrations.
847,4,11254040,False,NOINFO,NOINFO,False,0.9996812343597412,0.00012122078624088317,0.0001975308550754562,New drugs for tuberculosis often do not penetrate the necrotic portion of a tuberculosis lesion in high concentrations.
847,5,21479231,False,NOINFO,NOINFO,False,0.9995648264884949,0.0001631014165468514,0.0002720785851124674,New drugs for tuberculosis often do not penetrate the necrotic portion of a tuberculosis lesion in high concentrations.
847,6,33835579,False,NOINFO,NOINFO,False,0.9986827969551086,0.00023896135098766536,0.0010782964527606964,New drugs for tuberculosis often do not penetrate the necrotic portion of a tuberculosis lesion in high concentrations.
847,7,4246523,False,NOINFO,NOINFO,False,0.9996778964996338,0.00013030474656261504,0.00019182713003829122,New drugs for tuberculosis often do not penetrate the necrotic portion of a tuberculosis lesion in high concentrations.
847,8,6491532,False,NOINFO,NOINFO,False,0.9994966983795166,0.00013494279119186103,0.00036824820563197136,New drugs for tuberculosis often do not penetrate the necrotic portion of a tuberculosis lesion in high concentrations.
847,9,31363207,False,NOINFO,NOINFO,False,0.9996217489242554,0.00011298348545096815,0.0002652723924256861,New drugs for tuberculosis often do not penetrate the necrotic portion of a tuberculosis lesion in high concentrations.
847,10,5284188,False,NOINFO,NOINFO,False,0.9995681643486023,0.00017328235844615847,0.00025860790628939867,New drugs for tuberculosis often do not penetrate the necrotic portion of a tuberculosis lesion in high concentrations.
852,1,8190282,False,NOINFO,REFUTES,False,0.0011803940869867802,0.002438624855130911,0.9963809847831726,Non-invasive ventilation use should be decreased if there is inadequate response to conventional treatment.
852,2,474325,False,NOINFO,NOINFO,False,0.9990932941436768,0.0003299622912891209,0.0005768441478721797,Non-invasive ventilation use should be decreased if there is inadequate response to conventional treatment.
852,3,13843341,True,REFUTES,REFUTES,True,0.0007602344849146903,0.0053236582316458225,0.9939162135124207,Non-invasive ventilation use should be decreased if there is inadequate response to conventional treatment.
852,4,40867854,False,NOINFO,REFUTES,False,0.0016030828701332211,0.0025742582511156797,0.9958226680755615,Non-invasive ventilation use should be decreased if there is inadequate response to conventional treatment.
852,5,25098790,False,NOINFO,NOINFO,False,0.9997120499610901,8.446323772659525e-05,0.00020340978517197073,Non-invasive ventilation use should be decreased if there is inadequate response to conventional treatment.
852,6,38735355,False,NOINFO,REFUTES,False,0.005519024096429348,0.005497507285326719,0.9889834523200989,Non-invasive ventilation use should be decreased if there is inadequate response to conventional treatment.
852,7,14361849,False,NOINFO,REFUTES,False,0.005976345855742693,0.003572125919163227,0.990451455116272,Non-invasive ventilation use should be decreased if there is inadequate response to conventional treatment.
852,8,12145359,False,NOINFO,NOINFO,False,0.9996191263198853,0.00011409194848965853,0.00026683061150833964,Non-invasive ventilation use should be decreased if there is inadequate response to conventional treatment.
852,9,26611094,False,NOINFO,NOINFO,False,0.999629020690918,0.00013548888091463596,0.0002354794996790588,Non-invasive ventilation use should be decreased if there is inadequate response to conventional treatment.
852,10,9658390,False,NOINFO,NOINFO,False,0.9995748400688171,0.00015143606287892908,0.0002736801980063319,Non-invasive ventilation use should be decreased if there is inadequate response to conventional treatment.
859,1,22049489,False,NOINFO,NOINFO,False,0.9973121881484985,0.002484190044924617,0.00020371569553390145,Normal expression of RUNX1 has tumor-promoting effects.
859,2,9076196,False,NOINFO,NOINFO,False,0.999626874923706,0.00019219235400669277,0.0001809009991120547,Normal expression of RUNX1 has tumor-promoting effects.
859,3,12315072,False,NOINFO,NOINFO,False,0.9996579885482788,0.0001660092530073598,0.00017602696607355028,Normal expression of RUNX1 has tumor-promoting effects.
859,4,1982286,True,REFUTES,SUPPORTS,False,0.0008355802274309099,0.9985542893409729,0.0006101307226344943,Normal expression of RUNX1 has tumor-promoting effects.
859,5,46617075,False,NOINFO,NOINFO,False,0.999692440032959,0.00012098561273887753,0.00018665564130060375,Normal expression of RUNX1 has tumor-promoting effects.
859,6,25576204,False,NOINFO,NOINFO,False,0.9995961785316467,0.00015995174180716276,0.00024389730242546648,Normal expression of RUNX1 has tumor-promoting effects.
859,7,11615422,False,NOINFO,NOINFO,False,0.9995604157447815,0.0001918046036735177,0.00024772927281446755,Normal expression of RUNX1 has tumor-promoting effects.
859,8,57783564,False,NOINFO,NOINFO,False,0.9996758699417114,0.00014144416491035372,0.00018268519488628954,Normal expression of RUNX1 has tumor-promoting effects.
859,9,8385277,False,NOINFO,NOINFO,False,0.9993459582328796,0.00045111909275874496,0.00020293855050113052,Normal expression of RUNX1 has tumor-promoting effects.
859,10,825728,False,NOINFO,NOINFO,False,0.9995831847190857,0.00016278614930342883,0.0002541056019254029,Normal expression of RUNX1 has tumor-promoting effects.
873,1,41310252,False,NOINFO,NOINFO,False,0.9992838501930237,0.0003004913742188364,0.00041556451469659805,Obesity is determined solely by environmental factors.
873,2,4345757,False,NOINFO,NOINFO,False,0.9994369149208069,0.00023681781021878123,0.00032623030710965395,Obesity is determined solely by environmental factors.
873,3,3315558,True,REFUTES,NOINFO,False,0.9993170499801636,0.00034385427716188133,0.0003391851205378771,Obesity is determined solely by environmental factors.
873,4,4353857,False,NOINFO,NOINFO,False,0.9994556307792664,0.0002372852322878316,0.0003070698876399547,Obesity is determined solely by environmental factors.
873,5,27686445,False,NOINFO,NOINFO,False,0.9994760155677795,0.00023498405062127858,0.0002890353207476437,Obesity is determined solely by environmental factors.
873,6,21641088,False,NOINFO,NOINFO,False,0.9996023774147034,0.0001599527313373983,0.00023778402828611434,Obesity is determined solely by environmental factors.
873,7,6290112,False,NOINFO,NOINFO,False,0.9985866546630859,0.0005028772866353393,0.0009105931385420263,Obesity is determined solely by environmental factors.
873,8,6042706,False,NOINFO,NOINFO,False,0.9828307628631592,0.0013142279349267483,0.015854982659220695,Obesity is determined solely by environmental factors.
873,9,27393799,True,REFUTES,NOINFO,False,0.9992679953575134,0.00032363683567382395,0.00040831704973243177,Obesity is determined solely by environmental factors.
873,10,29025270,True,REFUTES,NOINFO,False,0.9988369345664978,0.00033376613282598555,0.0008293123100884259,Obesity is determined solely by environmental factors.
879,1,8426046,True,REFUTES,NOINFO,False,0.9990598559379578,0.00023765496734995395,0.0007026116945780814,Occupancy of ribosomes by IncRNAs do not make functional peptides.
879,2,40721190,False,NOINFO,NOINFO,False,0.9996260404586792,9.0431232820265e-05,0.0002834874321706593,Occupancy of ribosomes by IncRNAs do not make functional peptides.
879,3,21330280,False,NOINFO,NOINFO,False,0.9996570348739624,0.00013628890155814588,0.0002066016459139064,Occupancy of ribosomes by IncRNAs do not make functional peptides.
879,4,45143088,False,NOINFO,NOINFO,False,0.9994404911994934,9.852807124843821e-05,0.0004609595926012844,Occupancy of ribosomes by IncRNAs do not make functional peptides.
879,5,26112624,False,NOINFO,NOINFO,False,0.9995902180671692,7.05630736774765e-05,0.00033927784534171224,Occupancy of ribosomes by IncRNAs do not make functional peptides.
879,6,8126244,False,NOINFO,NOINFO,False,0.9993422627449036,0.00014250597450882196,0.0005151922814548016,Occupancy of ribosomes by IncRNAs do not make functional peptides.
879,7,6670101,False,NOINFO,NOINFO,False,0.9997208714485168,7.996888598427176e-05,0.00019908799731638283,Occupancy of ribosomes by IncRNAs do not make functional peptides.
879,8,11484808,False,NOINFO,NOINFO,False,0.9997385144233704,8.646850619697943e-05,0.00017501268303021789,Occupancy of ribosomes by IncRNAs do not make functional peptides.
879,9,35448676,False,NOINFO,NOINFO,False,0.9996764659881592,9.312447218690068e-05,0.00023048526782076806,Occupancy of ribosomes by IncRNAs do not make functional peptides.
879,10,20725212,False,NOINFO,NOINFO,False,0.9991576671600342,0.0001230652560479939,0.0007193440687842667,Occupancy of ribosomes by IncRNAs do not make functional peptides.
880,1,20725212,False,NOINFO,NOINFO,False,0.9995637536048889,0.0001998358202399686,0.00023638572019990534,Occupancy of ribosomes by IncRNAs mirror 5 0-UTRs
880,2,8426046,True,SUPPORTS,NOINFO,False,0.8581778407096863,0.14098578691482544,0.0008362879161722958,Occupancy of ribosomes by IncRNAs mirror 5 0-UTRs
880,3,18467982,False,NOINFO,NOINFO,False,0.9997187256813049,0.00013817354920320213,0.00014311760605778545,Occupancy of ribosomes by IncRNAs mirror 5 0-UTRs
880,4,6670101,False,NOINFO,NOINFO,False,0.9997431635856628,0.00011388345592422411,0.0001428418472642079,Occupancy of ribosomes by IncRNAs mirror 5 0-UTRs
880,5,26112624,False,NOINFO,NOINFO,False,0.9996730089187622,0.00012753446935676038,0.00019946768588852137,Occupancy of ribosomes by IncRNAs mirror 5 0-UTRs
880,6,5702790,False,NOINFO,NOINFO,False,0.9996504783630371,0.00011725835793185979,0.0002322869549971074,Occupancy of ribosomes by IncRNAs mirror 5 0-UTRs
880,7,45143088,False,NOINFO,NOINFO,False,0.9996564388275146,0.00012360859545879066,0.00021992616530042142,Occupancy of ribosomes by IncRNAs mirror 5 0-UTRs
880,8,40721190,False,NOINFO,NOINFO,False,0.9997028708457947,0.00013871214468963444,0.00015841424465179443,Occupancy of ribosomes by IncRNAs mirror 5 0-UTRs
880,9,12642224,False,NOINFO,NOINFO,False,0.9996970891952515,0.00010348496289225295,0.00019947248802054673,Occupancy of ribosomes by IncRNAs mirror 5 0-UTRs
880,10,22623275,False,NOINFO,NOINFO,False,0.9995891451835632,0.00021607951202895492,0.0001948306744452566,Occupancy of ribosomes by IncRNAs mirror 5 0-UTRs
882,1,14803797,True,REFUTES,REFUTES,True,0.001520552788861096,0.000829945842269808,0.997649610042572,Omnivores produce less trimethylamine N-oxide from dietary I-carnitine than vegetarians.
882,2,6793674,False,NOINFO,NOINFO,False,0.9964698553085327,0.00021289569849614054,0.0033172653056681156,Omnivores produce less trimethylamine N-oxide from dietary I-carnitine than vegetarians.
882,3,6327940,False,NOINFO,NOINFO,False,0.9988834261894226,0.0001317359710810706,0.000984878628514707,Omnivores produce less trimethylamine N-oxide from dietary I-carnitine than vegetarians.
882,4,12709184,False,NOINFO,NOINFO,False,0.9982587695121765,0.00015756870561745018,0.0015836360398679972,Omnivores produce less trimethylamine N-oxide from dietary I-carnitine than vegetarians.
882,5,4463811,False,NOINFO,NOINFO,False,0.999182403087616,0.0001162913758889772,0.0007013267604634166,Omnivores produce less trimethylamine N-oxide from dietary I-carnitine than vegetarians.
882,6,44624045,False,NOINFO,NOINFO,False,0.9977542757987976,0.00016504712402820587,0.0020805983804166317,Omnivores produce less trimethylamine N-oxide from dietary I-carnitine than vegetarians.
882,7,29460384,False,NOINFO,NOINFO,False,0.9981813430786133,0.00013958731142338365,0.0016790692461654544,Omnivores produce less trimethylamine N-oxide from dietary I-carnitine than vegetarians.
882,8,33684572,False,NOINFO,NOINFO,False,0.9964841604232788,0.0002226806100225076,0.003293104935437441,Omnivores produce less trimethylamine N-oxide from dietary I-carnitine than vegetarians.
882,9,168265642,False,NOINFO,NOINFO,False,0.9995324611663818,0.00010286344331689179,0.00036468254984356463,Omnivores produce less trimethylamine N-oxide from dietary I-carnitine than vegetarians.
882,10,31070360,False,NOINFO,NOINFO,False,0.999224066734314,0.00013676306116394699,0.0006392158102244139,Omnivores produce less trimethylamine N-oxide from dietary I-carnitine than vegetarians.
903,1,10648422,True,REFUTES,REFUTES,True,0.0008875575731508434,0.0065903132781386375,0.9925221800804138,PD-1 triggering on monocytes reduces IL-10 production by monocytes.
903,2,7343711,False,NOINFO,NOINFO,False,0.9997286200523376,0.00012434397649485618,0.00014708642265759408,PD-1 triggering on monocytes reduces IL-10 production by monocytes.
903,3,5752492,False,NOINFO,NOINFO,False,0.9995381832122803,0.00018809057655744255,0.00027367015718482435,PD-1 triggering on monocytes reduces IL-10 production by monocytes.
903,4,34469966,False,NOINFO,NOINFO,False,0.9996808767318726,0.00014650599041488022,0.0001726262562442571,PD-1 triggering on monocytes reduces IL-10 production by monocytes.
903,5,36444198,False,NOINFO,NOINFO,False,0.9996703863143921,0.0001493940071668476,0.00018020356947090477,PD-1 triggering on monocytes reduces IL-10 production by monocytes.
903,6,14938990,False,NOINFO,NOINFO,False,0.9996891021728516,0.00011102227290393785,0.00019986086408607662,PD-1 triggering on monocytes reduces IL-10 production by monocytes.
903,7,14492339,False,NOINFO,NOINFO,False,0.9995504021644592,0.00018699400243349373,0.00026267574867233634,PD-1 triggering on monocytes reduces IL-10 production by monocytes.
903,8,21498497,False,NOINFO,NOINFO,False,0.9995521903038025,0.00018662947695702314,0.0002611415402498096,PD-1 triggering on monocytes reduces IL-10 production by monocytes.
903,9,9334631,False,NOINFO,NOINFO,False,0.9996941089630127,0.00010951526928693056,0.00019637936202343553,PD-1 triggering on monocytes reduces IL-10 production by monocytes.
903,10,26068103,False,NOINFO,NOINFO,False,0.9997263550758362,9.097178553929552e-05,0.00018269443535245955,PD-1 triggering on monocytes reduces IL-10 production by monocytes.
904,1,7370282,True,SUPPORTS,SUPPORTS,True,0.0006469403742812574,0.9985415935516357,0.0008114450611174107,PDPN promotes efficient motility along stromal surfaces by activating the C-type lectin receptor to rearrange the actin cytoskeleton in dendritic cells.
904,2,3720107,False,NOINFO,NOINFO,False,0.9996154308319092,0.0001746497000567615,0.00020984643197152764,PDPN promotes efficient motility along stromal surfaces by activating the C-type lectin receptor to rearrange the actin cytoskeleton in dendritic cells.
904,3,3506723,False,NOINFO,NOINFO,False,0.9997513890266418,0.00010803436452988535,0.00014062845730222762,PDPN promotes efficient motility along stromal surfaces by activating the C-type lectin receptor to rearrange the actin cytoskeleton in dendritic cells.
904,4,2177022,False,NOINFO,NOINFO,False,0.9996148347854614,0.00026372080901637673,0.00012144971697125584,PDPN promotes efficient motility along stromal surfaces by activating the C-type lectin receptor to rearrange the actin cytoskeleton in dendritic cells.
904,5,8997410,False,NOINFO,NOINFO,False,0.9995993971824646,0.0001895774039439857,0.00021107621432747692,PDPN promotes efficient motility along stromal surfaces by activating the C-type lectin receptor to rearrange the actin cytoskeleton in dendritic cells.
904,6,34735369,False,NOINFO,NOINFO,False,0.9997335076332092,0.00010656548693077639,0.00015997372975107282,PDPN promotes efficient motility along stromal surfaces by activating the C-type lectin receptor to rearrange the actin cytoskeleton in dendritic cells.
904,7,20313748,False,NOINFO,NOINFO,False,0.999622106552124,0.0001994575432036072,0.000178443719050847,PDPN promotes efficient motility along stromal surfaces by activating the C-type lectin receptor to rearrange the actin cytoskeleton in dendritic cells.
904,8,32194449,False,NOINFO,NOINFO,False,0.9996156692504883,0.00017809438577387482,0.00020619000133592635,PDPN promotes efficient motility along stromal surfaces by activating the C-type lectin receptor to rearrange the actin cytoskeleton in dendritic cells.
904,9,5700349,False,NOINFO,NOINFO,False,0.9997037053108215,0.00012361444532871246,0.00017263019981328398,PDPN promotes efficient motility along stromal surfaces by activating the C-type lectin receptor to rearrange the actin cytoskeleton in dendritic cells.
904,10,2576811,False,NOINFO,NOINFO,False,0.9996652603149414,0.00015174582949839532,0.0001830404216889292,PDPN promotes efficient motility along stromal surfaces by activating the C-type lectin receptor to rearrange the actin cytoskeleton in dendritic cells.
911,1,10666475,False,NOINFO,NOINFO,False,0.9990801811218262,0.000807928154245019,0.00011182486923644319,PKG-la plays an essential role in expression of pain hypersensitivity in PGK-la knockout mice.
911,2,11254556,True,SUPPORTS,SUPPORTS,True,0.000965373998042196,0.9984124898910522,0.0006220760988071561,PKG-la plays an essential role in expression of pain hypersensitivity in PGK-la knockout mice.
911,3,19843244,False,NOINFO,NOINFO,False,0.9995567202568054,0.0002953361254185438,0.00014792535512242466,PKG-la plays an essential role in expression of pain hypersensitivity in PGK-la knockout mice.
911,4,19529370,False,NOINFO,NOINFO,False,0.9994524121284485,0.00041240008431486785,0.000135200607473962,PKG-la plays an essential role in expression of pain hypersensitivity in PGK-la knockout mice.
911,5,32927401,False,NOINFO,NOINFO,False,0.9992063641548157,0.000656282645650208,0.0001372959086438641,PKG-la plays an essential role in expression of pain hypersensitivity in PGK-la knockout mice.
911,6,1275505,False,NOINFO,NOINFO,False,0.9994888305664062,0.000366093881893903,0.0001450543786631897,PKG-la plays an essential role in expression of pain hypersensitivity in PGK-la knockout mice.
911,7,16208091,False,NOINFO,NOINFO,False,0.9993531107902527,0.0003904137993231416,0.0002565401664469391,PKG-la plays an essential role in expression of pain hypersensitivity in PGK-la knockout mice.
911,8,6625693,False,NOINFO,NOINFO,False,0.998664379119873,0.0011545647867023945,0.00018108014774043113,PKG-la plays an essential role in expression of pain hypersensitivity in PGK-la knockout mice.
911,9,58006489,False,NOINFO,NOINFO,False,0.9992891550064087,0.000502249167766422,0.00020855235925409943,PKG-la plays an essential role in expression of pain hypersensitivity in PGK-la knockout mice.
911,10,12130690,False,NOINFO,NOINFO,False,0.9995641112327576,0.0002890608157031238,0.00014677528815809637,PKG-la plays an essential role in expression of pain hypersensitivity in PGK-la knockout mice.
921,1,1642727,True,SUPPORTS,SUPPORTS,True,0.0008931412012316287,0.9968172311782837,0.0022896421141922474,Participating in six months of physical activity improves cognitive functioning.
921,2,2424794,False,NOINFO,NOINFO,False,0.9997053742408752,0.00011544677545316517,0.00017915705393534154,Participating in six months of physical activity improves cognitive functioning.
921,3,50670403,False,NOINFO,NOINFO,False,0.9996480941772461,0.0001419938198523596,0.00020985327137168497,Participating in six months of physical activity improves cognitive functioning.
921,4,17691617,False,NOINFO,SUPPORTS,False,0.014131703414022923,0.9791668057441711,0.006701470818370581,Participating in six months of physical activity improves cognitive functioning.
921,5,12205576,False,NOINFO,NOINFO,False,0.999542236328125,0.0001653428771533072,0.0002924617729149759,Participating in six months of physical activity improves cognitive functioning.
921,6,2028532,False,NOINFO,NOINFO,False,0.999200165271759,0.0006250035366974771,0.00017491844482719898,Participating in six months of physical activity improves cognitive functioning.
921,7,2575938,False,NOINFO,NOINFO,False,0.9996770620346069,9.951852553058416e-05,0.0002233941195299849,Participating in six months of physical activity improves cognitive functioning.
921,8,13083189,False,NOINFO,NOINFO,False,0.9996767044067383,0.00011058806558139622,0.00021274815662764013,Participating in six months of physical activity improves cognitive functioning.
921,9,13230773,False,NOINFO,NOINFO,False,0.9995610117912292,0.00017843280511442572,0.00026063431869260967,Participating in six months of physical activity improves cognitive functioning.
921,10,6647414,False,NOINFO,NOINFO,False,0.9993160963058472,0.0002811941085383296,0.00040279192035086453,Participating in six months of physical activity improves cognitive functioning.
922,1,17077004,True,REFUTES,SUPPORTS,False,0.0006698897923342884,0.9982448816299438,0.0010852168779820204,Patients in stable partnerships have a faster progression from HIV to AIDS.
922,2,74701974,False,NOINFO,NOINFO,False,0.9996492862701416,0.00020102736016269773,0.00014968292089179158,Patients in stable partnerships have a faster progression from HIV to AIDS.
922,3,46353045,False,NOINFO,NOINFO,False,0.9996316432952881,0.00021482625743374228,0.00015352939954027534,Patients in stable partnerships have a faster progression from HIV to AIDS.
922,4,57121667,False,NOINFO,SUPPORTS,False,0.0030372878536581993,0.9961857199668884,0.0007769989897496998,Patients in stable partnerships have a faster progression from HIV to AIDS.
922,5,14319754,False,NOINFO,NOINFO,False,0.9947081804275513,0.004985586274415255,0.00030620876350440085,Patients in stable partnerships have a faster progression from HIV to AIDS.
922,6,374902,False,NOINFO,NOINFO,False,0.9996978044509888,0.00017195616965182126,0.00013030733680352569,Patients in stable partnerships have a faster progression from HIV to AIDS.
922,7,22227889,False,NOINFO,NOINFO,False,0.9997438788414001,0.00010050186392618343,0.0001556603383505717,Patients in stable partnerships have a faster progression from HIV to AIDS.
922,8,5548081,False,NOINFO,NOINFO,False,0.9996798038482666,0.00019753057858906686,0.00012264953693374991,Patients in stable partnerships have a faster progression from HIV to AIDS.
922,9,11230569,False,NOINFO,NOINFO,False,0.9997395873069763,0.0001238605473190546,0.0001365666394121945,Patients in stable partnerships have a faster progression from HIV to AIDS.
922,10,5735492,False,NOINFO,NOINFO,False,0.9996309280395508,0.00021190902043599635,0.0001571701286593452,Patients in stable partnerships have a faster progression from HIV to AIDS.
936,1,23100962,False,NOINFO,NOINFO,False,0.9996639490127563,0.0001465035165892914,0.00018958964210469276,Peroxynitrite is required for nitration of TCR/CD8.
936,2,5483793,True,SUPPORTS,SUPPORTS,True,0.0008162209414876997,0.9985505938529968,0.0006331952754408121,Peroxynitrite is required for nitration of TCR/CD8.
936,3,3986403,False,NOINFO,NOINFO,False,0.999667763710022,0.00011566811735974625,0.0002165189798688516,Peroxynitrite is required for nitration of TCR/CD8.
936,4,38805486,False,NOINFO,NOINFO,False,0.9996403455734253,0.00013843282067682594,0.0002212150429841131,Peroxynitrite is required for nitration of TCR/CD8.
936,5,22995164,False,NOINFO,NOINFO,False,0.9996992349624634,0.0001248269691132009,0.00017603422747924924,Peroxynitrite is required for nitration of TCR/CD8.
936,6,22059387,False,NOINFO,NOINFO,False,0.9994843006134033,0.00019826492643915117,0.0003174458397552371,Peroxynitrite is required for nitration of TCR/CD8.
936,7,18348376,False,NOINFO,NOINFO,False,0.9995346069335938,0.00023545724980067462,0.00023000290093477815,Peroxynitrite is required for nitration of TCR/CD8.
936,8,25488034,False,NOINFO,NOINFO,False,0.9996833801269531,0.00011321134661557153,0.00020340394985396415,Peroxynitrite is required for nitration of TCR/CD8.
936,9,13823200,False,NOINFO,NOINFO,False,0.999589741230011,0.0001580872485646978,0.00025212974287569523,Peroxynitrite is required for nitration of TCR/CD8.
936,10,10993232,False,NOINFO,NOINFO,False,0.9996678829193115,9.89362015388906e-05,0.00023320016043726355,Peroxynitrite is required for nitration of TCR/CD8.
957,1,13492264,False,NOINFO,NOINFO,False,0.9996588230133057,0.0001428297982783988,0.00019829953089356422,Podocytes are motile and migrate in the presence of injury.
957,2,16280642,False,NOINFO,NOINFO,False,0.999699592590332,0.00010328330245101824,0.00019714905647560954,Podocytes are motile and migrate in the presence of injury.
957,3,38485364,False,NOINFO,NOINFO,False,0.9996433258056641,0.00010449488763697445,0.0002521432761568576,Podocytes are motile and migrate in the presence of injury.
957,4,123859,True,SUPPORTS,SUPPORTS,True,0.0009033942478708923,0.9984622001647949,0.0006343770073726773,Podocytes are motile and migrate in the presence of injury.
957,5,2121272,False,NOINFO,NOINFO,False,0.9996860027313232,0.00011058909876737744,0.00020340447372291237,Podocytes are motile and migrate in the presence of injury.
957,6,22241778,False,NOINFO,NOINFO,False,0.9997072815895081,0.00015872465155553073,0.00013392086839303374,Podocytes are motile and migrate in the presence of injury.
957,7,17934082,False,NOINFO,NOINFO,False,0.9997417330741882,0.0001047094920068048,0.0001535463088657707,Podocytes are motile and migrate in the presence of injury.
957,8,40667577,False,NOINFO,NOINFO,False,0.9997333884239197,0.00011037855438189581,0.0001562679244671017,Podocytes are motile and migrate in the presence of injury.
957,9,21369472,False,NOINFO,NOINFO,False,0.9997115731239319,0.00013056390162091702,0.000157798029249534,Podocytes are motile and migrate in the presence of injury.
957,10,3770726,False,NOINFO,NOINFO,False,0.9996820688247681,0.00011454569903435186,0.0002034036733675748,Podocytes are motile and migrate in the presence of injury.
960,1,8780599,True,SUPPORTS,SUPPORTS,True,0.0005129422061145306,0.9910987019538879,0.008388330228626728,Polymeal nutrition reduces cardiovascular mortality.
960,2,25974070,False,NOINFO,NOINFO,False,0.9997145533561707,0.0001420032640453428,0.00014339681365527213,Polymeal nutrition reduces cardiovascular mortality.
960,3,70704988,False,NOINFO,NOINFO,False,0.9996730089187622,0.00014679126616101712,0.00018020403513219208,Polymeal nutrition reduces cardiovascular mortality.
960,4,12709184,False,NOINFO,NOINFO,False,0.9992915391921997,0.000522257701959461,0.00018621674098540097,Polymeal nutrition reduces cardiovascular mortality.
960,5,44624045,False,NOINFO,NOINFO,False,0.9994580149650574,0.0002947307366412133,0.0002472205669619143,Polymeal nutrition reduces cardiovascular mortality.
960,6,24273592,False,NOINFO,NOINFO,False,0.9996083378791809,0.0001994547783397138,0.00019218878878746182,Polymeal nutrition reduces cardiovascular mortality.
960,7,29735200,False,NOINFO,NOINFO,False,0.9997184872627258,0.00010719012061599642,0.00017432689492125064,Polymeal nutrition reduces cardiovascular mortality.
960,8,35495268,False,NOINFO,NOINFO,False,0.9991248250007629,0.0006904138717800379,0.00018473675299901515,Polymeal nutrition reduces cardiovascular mortality.
960,9,14803797,False,NOINFO,NOINFO,False,0.9989669322967529,0.0008213598630391061,0.00021176825975999236,Polymeal nutrition reduces cardiovascular mortality.
960,10,1365188,False,NOINFO,NOINFO,False,0.9996861219406128,0.00011255024583078921,0.00020142779976595193,Polymeal nutrition reduces cardiovascular mortality.
967,1,8997410,True,SUPPORTS,SUPPORTS,True,0.011940053664147854,0.9875051975250244,0.0005547747132368386,Pretreatment with the Arp2/3 inhibitor CK-666 affects lamelliopodia formation.
967,2,4530659,False,NOINFO,NOINFO,False,0.9997279047966003,0.0001272926019737497,0.0001448059774702415,Pretreatment with the Arp2/3 inhibitor CK-666 affects lamelliopodia formation.
967,3,22767022,False,NOINFO,NOINFO,False,0.9990887641906738,0.0007589847664348781,0.00015225190145429224,Pretreatment with the Arp2/3 inhibitor CK-666 affects lamelliopodia formation.
967,4,9185195,False,NOINFO,NOINFO,False,0.9996547698974609,0.00011431906750658527,0.00023093084746506065,Pretreatment with the Arp2/3 inhibitor CK-666 affects lamelliopodia formation.
967,5,32372280,False,NOINFO,NOINFO,False,0.9997175335884094,0.00011612662638071924,0.00016634371422696859,Pretreatment with the Arp2/3 inhibitor CK-666 affects lamelliopodia formation.
967,6,2119889,False,NOINFO,NOINFO,False,0.9995903372764587,0.00025560069479979575,0.0001541239325888455,Pretreatment with the Arp2/3 inhibitor CK-666 affects lamelliopodia formation.
967,7,17708753,False,NOINFO,NOINFO,False,0.9997223019599915,0.00010973247117362916,0.00016797691932879388,Pretreatment with the Arp2/3 inhibitor CK-666 affects lamelliopodia formation.
967,8,25089501,False,NOINFO,NOINFO,False,0.9996824264526367,0.00012604982475750148,0.00019145369878970087,Pretreatment with the Arp2/3 inhibitor CK-666 affects lamelliopodia formation.
967,9,15365719,False,NOINFO,NOINFO,False,0.9997138381004333,0.00011841658124467358,0.000167647740454413,Pretreatment with the Arp2/3 inhibitor CK-666 affects lamelliopodia formation.
967,10,23260700,False,NOINFO,NOINFO,False,0.9997033476829529,0.00011957740207435563,0.00017706946528051049,Pretreatment with the Arp2/3 inhibitor CK-666 affects lamelliopodia formation.
971,1,6561200,False,NOINFO,NOINFO,False,0.9881939888000488,0.011459829285740852,0.0003460568841546774,Primary cervical cancer screening with HPV detection has higher longitudinal sensitivity than conventional cytology to detect cervical intraepithelial neoplasia grade 2.
971,2,27873158,True,SUPPORTS,SUPPORTS,True,0.0008418767829425633,0.9982495903968811,0.0009085097117349505,Primary cervical cancer screening with HPV detection has higher longitudinal sensitivity than conventional cytology to detect cervical intraepithelial neoplasia grade 2.
971,3,9764256,True,SUPPORTS,SUPPORTS,True,0.0012536912690848112,0.9980263113975525,0.0007199342944659293,Primary cervical cancer screening with HPV detection has higher longitudinal sensitivity than conventional cytology to detect cervical intraepithelial neoplasia grade 2.
971,4,27446873,False,NOINFO,SUPPORTS,False,0.0008909748285077512,0.9982914328575134,0.000817604421172291,Primary cervical cancer screening with HPV detection has higher longitudinal sensitivity than conventional cytology to detect cervical intraepithelial neoplasia grade 2.
971,5,28617573,True,SUPPORTS,SUPPORTS,True,0.0017655262490734458,0.9976104497909546,0.0006240091752260923,Primary cervical cancer screening with HPV detection has higher longitudinal sensitivity than conventional cytology to detect cervical intraepithelial neoplasia grade 2.
971,6,7650066,False,NOINFO,SUPPORTS,False,0.00520126661285758,0.99409419298172,0.0007046026876196265,Primary cervical cancer screening with HPV detection has higher longitudinal sensitivity than conventional cytology to detect cervical intraepithelial neoplasia grade 2.
971,7,829646,False,NOINFO,NOINFO,False,0.9993495345115662,0.0005222880281507969,0.00012824242003262043,Primary cervical cancer screening with HPV detection has higher longitudinal sensitivity than conventional cytology to detect cervical intraepithelial neoplasia grade 2.
971,8,76415938,False,NOINFO,SUPPORTS,False,0.24838824570178986,0.7495591640472412,0.0020525739528238773,Primary cervical cancer screening with HPV detection has higher longitudinal sensitivity than conventional cytology to detect cervical intraepithelial neoplasia grade 2.
971,9,19140422,False,NOINFO,SUPPORTS,False,0.0032389757689088583,0.9960254430770874,0.0007355294656008482,Primary cervical cancer screening with HPV detection has higher longitudinal sensitivity than conventional cytology to detect cervical intraepithelial neoplasia grade 2.
971,10,46695481,True,SUPPORTS,SUPPORTS,True,0.017914069816470146,0.9811842441558838,0.0009017416159622371,Primary cervical cancer screening with HPV detection has higher longitudinal sensitivity than conventional cytology to detect cervical intraepithelial neoplasia grade 2.
982,1,2988714,True,SUPPORTS,SUPPORTS,True,0.0012222914956510067,0.9980521202087402,0.0007255995296873152,Proteins synthesized at the growth cone are ubiquitinated at a higher rate than proteins from the cell body.
982,2,6422576,False,NOINFO,NOINFO,False,0.9996652603149414,0.00011910666944459081,0.00021567431394942105,Proteins synthesized at the growth cone are ubiquitinated at a higher rate than proteins from the cell body.
982,3,44947611,False,NOINFO,NOINFO,False,0.9996412992477417,0.00015293233445845544,0.00020579293777700514,Proteins synthesized at the growth cone are ubiquitinated at a higher rate than proteins from the cell body.
982,4,29557235,False,NOINFO,NOINFO,False,0.9996273517608643,0.00024438175023533404,0.00012827807222492993,Proteins synthesized at the growth cone are ubiquitinated at a higher rate than proteins from the cell body.
982,5,86231298,False,NOINFO,NOINFO,False,0.9996157884597778,0.00015055750554893166,0.00023364390654023737,Proteins synthesized at the growth cone are ubiquitinated at a higher rate than proteins from the cell body.
982,6,19149247,False,NOINFO,NOINFO,False,0.9997379183769226,9.740916721057147e-05,0.00016473053256049752,Proteins synthesized at the growth cone are ubiquitinated at a higher rate than proteins from the cell body.
982,7,3845894,False,NOINFO,NOINFO,False,0.9996449947357178,0.00011957041715504602,0.0002354832540731877,Proteins synthesized at the growth cone are ubiquitinated at a higher rate than proteins from the cell body.
982,8,21948782,False,NOINFO,NOINFO,False,0.999698281288147,0.00014823554374743253,0.00015353962953668088,Proteins synthesized at the growth cone are ubiquitinated at a higher rate than proteins from the cell body.
982,9,20935673,False,NOINFO,NOINFO,False,0.9996389150619507,0.00010802220640471205,0.0002531290228944272,Proteins synthesized at the growth cone are ubiquitinated at a higher rate than proteins from the cell body.
982,10,7142113,False,NOINFO,NOINFO,False,0.9994906187057495,0.00016277108807116747,0.0003466113703325391,Proteins synthesized at the growth cone are ubiquitinated at a higher rate than proteins from the cell body.
985,1,6828370,True,SUPPORTS,SUPPORTS,True,0.03558358550071716,0.96344393491745,0.0009724629344418645,Pseudogene PTENP1 regulates the expression of PTEN by functioning as an miRNA decoy.
985,2,16346504,False,NOINFO,NOINFO,False,0.9996471405029297,0.00014422975073102862,0.00020862705423496664,Pseudogene PTENP1 regulates the expression of PTEN by functioning as an miRNA decoy.
985,3,16364639,False,NOINFO,NOINFO,False,0.9995212554931641,0.00027689142734743655,0.0002017883089138195,Pseudogene PTENP1 regulates the expression of PTEN by functioning as an miRNA decoy.
985,4,2619579,False,NOINFO,NOINFO,False,0.9996401071548462,0.0001669818302616477,0.00019294714729767293,Pseudogene PTENP1 regulates the expression of PTEN by functioning as an miRNA decoy.
985,5,8006440,False,NOINFO,NOINFO,False,0.9995918869972229,0.0001903179509099573,0.00021777485380880535,Pseudogene PTENP1 regulates the expression of PTEN by functioning as an miRNA decoy.
985,6,12652963,False,NOINFO,NOINFO,False,0.9995276927947998,0.0002106492465827614,0.0002616457059048116,Pseudogene PTENP1 regulates the expression of PTEN by functioning as an miRNA decoy.
985,7,13290521,False,NOINFO,NOINFO,False,0.999710738658905,0.00010802996985148638,0.00018126987561117858,Pseudogene PTENP1 regulates the expression of PTEN by functioning as an miRNA decoy.
985,8,24294572,False,NOINFO,NOINFO,False,0.999640941619873,0.0001841116027208045,0.000174995613633655,Pseudogene PTENP1 regulates the expression of PTEN by functioning as an miRNA decoy.
985,9,10024681,False,NOINFO,NOINFO,False,0.9995530247688293,0.00020258454605937004,0.00024436358944512904,Pseudogene PTENP1 regulates the expression of PTEN by functioning as an miRNA decoy.
985,10,32556431,False,NOINFO,NOINFO,False,0.9997050166130066,0.00011365689715603366,0.00018126884242519736,Pseudogene PTENP1 regulates the expression of PTEN by functioning as an miRNA decoy.
993,1,16472469,True,REFUTES,SUPPORTS,False,0.0005342655931599438,0.9985866546630859,0.0008791363216005266,Pyridostatin destabilizes the G - quadruplex in the telomeric region.
993,2,26118532,False,NOINFO,NOINFO,False,0.9996912479400635,0.0001221727579832077,0.00018665542302187532,Pyridostatin destabilizes the G - quadruplex in the telomeric region.
993,3,1226452,False,NOINFO,NOINFO,False,0.9997187256813049,8.413450996158645e-05,0.00019715283997356892,Pyridostatin destabilizes the G - quadruplex in the telomeric region.
993,4,2758012,False,NOINFO,NOINFO,False,0.9997383952140808,0.00010888028191402555,0.00015264876128640026,Pyridostatin destabilizes the G - quadruplex in the telomeric region.
993,5,4319844,False,NOINFO,NOINFO,False,0.9997206330299377,8.869052544469014e-05,0.00019071459246333688,Pyridostatin destabilizes the G - quadruplex in the telomeric region.
993,6,7468449,False,NOINFO,NOINFO,False,0.9997432827949524,9.386113379150629e-05,0.00016281222633551806,Pyridostatin destabilizes the G - quadruplex in the telomeric region.
993,7,25787749,False,NOINFO,NOINFO,False,0.9997252821922302,0.0001125546550611034,0.00016217456141021103,Pyridostatin destabilizes the G - quadruplex in the telomeric region.
993,8,25842866,False,NOINFO,NOINFO,False,0.9996926784515381,0.0001026791796903126,0.00020460115047171712,Pyridostatin destabilizes the G - quadruplex in the telomeric region.
993,9,24351680,False,NOINFO,NOINFO,False,0.9997454285621643,8.991365029942244e-05,0.00016473176947329193,Pyridostatin destabilizes the G - quadruplex in the telomeric region.
993,10,4429668,False,NOINFO,NOINFO,False,0.9996911287307739,0.00016928908007685095,0.00013952564040664583,Pyridostatin destabilizes the G - quadruplex in the telomeric region.
1012,1,9745001,True,SUPPORTS,SUPPORTS,True,0.0005883956328034401,0.981975257396698,0.017436403781175613,Radioiodine treatment of non-toxic multinodular goitre reduces thyroid volume.
1012,2,6751418,False,NOINFO,NOINFO,False,0.9996261596679688,8.528478065272793e-05,0.00028851471142843366,Radioiodine treatment of non-toxic multinodular goitre reduces thyroid volume.
1012,3,43122426,False,NOINFO,NOINFO,False,0.999444305896759,0.00011496667138999328,0.0004407122905831784,Radioiodine treatment of non-toxic multinodular goitre reduces thyroid volume.
1012,4,37912677,False,NOINFO,NOINFO,False,0.9996707439422607,0.00010676712554413825,0.00022252177586778998,Radioiodine treatment of non-toxic multinodular goitre reduces thyroid volume.
1012,5,26026009,False,NOINFO,NOINFO,False,0.9995569586753845,0.00018445604655425996,0.00025860502501018345,Radioiodine treatment of non-toxic multinodular goitre reduces thyroid volume.
1012,6,18414462,False,NOINFO,NOINFO,False,0.9997250437736511,7.154407649068162e-05,0.0002034124336205423,Radioiodine treatment of non-toxic multinodular goitre reduces thyroid volume.
1012,7,26409363,False,NOINFO,NOINFO,False,0.9996944665908813,7.182189438026398e-05,0.0002336622856091708,Radioiodine treatment of non-toxic multinodular goitre reduces thyroid volume.
1012,8,40667066,False,NOINFO,NOINFO,False,0.9997311234474182,9.58983218879439e-05,0.0001729724317556247,Radioiodine treatment of non-toxic multinodular goitre reduces thyroid volume.
1012,9,21551568,False,NOINFO,NOINFO,False,0.9997257590293884,7.630721665918827e-05,0.00019792586681433022,Radioiodine treatment of non-toxic multinodular goitre reduces thyroid volume.
1012,10,25452937,False,NOINFO,NOINFO,False,0.999699592590332,7.872741116443649e-05,0.00022166063718032092,Radioiodine treatment of non-toxic multinodular goitre reduces thyroid volume.
1019,1,12370190,False,NOINFO,NOINFO,False,0.9992994070053101,0.0005792214069515467,0.00012141138722654432,Rapid phosphotransfer rates govern fidelity in two component systems
1019,2,196664003,False,NOINFO,NOINFO,False,0.9996008276939392,0.0002683937200345099,0.00013080466305837035,Rapid phosphotransfer rates govern fidelity in two component systems
1019,3,21578627,False,NOINFO,NOINFO,False,0.9997358918190002,0.00011911508772755042,0.0001450902345823124,Rapid phosphotransfer rates govern fidelity in two component systems
1019,4,9724974,False,NOINFO,NOINFO,False,0.9996825456619263,0.00017741193005349487,0.00014007055142428726,Rapid phosphotransfer rates govern fidelity in two component systems
1019,5,10607877,False,NOINFO,NOINFO,False,0.9997376799583435,0.00012146463996032253,0.00014090145123191178,Rapid phosphotransfer rates govern fidelity in two component systems
1019,6,3155374,False,NOINFO,NOINFO,False,0.9996705055236816,0.00018161693878937513,0.00014794219168834388,Rapid phosphotransfer rates govern fidelity in two component systems
1019,7,8386609,False,NOINFO,NOINFO,False,0.9996896982192993,0.00015413925575558096,0.0001562610996188596,Rapid phosphotransfer rates govern fidelity in two component systems
1019,8,31844040,False,NOINFO,NOINFO,False,0.9996601343154907,0.0002022109110839665,0.00013762680464424193,Rapid phosphotransfer rates govern fidelity in two component systems
1019,9,18568804,False,NOINFO,NOINFO,False,0.9996991157531738,0.00016028097888920456,0.00014062109403312206,Rapid phosphotransfer rates govern fidelity in two component systems
1019,10,1225513,False,NOINFO,NOINFO,False,0.999639630317688,0.00023919031082186848,0.00012121574400225654,Rapid phosphotransfer rates govern fidelity in two component systems
1020,1,10559501,False,NOINFO,NOINFO,False,0.9992721676826477,0.0005212285905145109,0.00020652210514526814,Rapid up-regulation and higher basal expression of interferon-induced genes increase survival of granule cell neurons that are infected by West Nile virus.
1020,2,9433958,True,SUPPORTS,NOINFO,False,0.9996935129165649,0.0001308167993556708,0.0001756897399900481,Rapid up-regulation and higher basal expression of interferon-induced genes increase survival of granule cell neurons that are infected by West Nile virus.
1020,3,26731863,False,NOINFO,NOINFO,False,0.9997249245643616,0.00010719081183196977,0.00016797735588625073,Rapid up-regulation and higher basal expression of interferon-induced genes increase survival of granule cell neurons that are infected by West Nile virus.
1020,4,2947124,False,NOINFO,NOINFO,False,0.9995009899139404,0.0002264294307678938,0.00027259308262728155,Rapid up-regulation and higher basal expression of interferon-induced genes increase survival of granule cell neurons that are infected by West Nile virus.
1020,5,5137019,False,NOINFO,NOINFO,False,0.9996845722198486,0.00012954433623235673,0.00018592647393234074,Rapid up-regulation and higher basal expression of interferon-induced genes increase survival of granule cell neurons that are infected by West Nile virus.
1020,6,37727521,False,NOINFO,NOINFO,False,0.9997217059135437,0.00011059304961236194,0.00016764905012678355,Rapid up-regulation and higher basal expression of interferon-induced genes increase survival of granule cell neurons that are infected by West Nile virus.
1020,7,12885341,False,NOINFO,NOINFO,False,0.9995697140693665,0.0002596204576548189,0.00017059611855074763,Rapid up-regulation and higher basal expression of interferon-induced genes increase survival of granule cell neurons that are infected by West Nile virus.
1020,8,7820043,False,NOINFO,NOINFO,False,0.9997310042381287,0.0001067735647666268,0.00016217547818087041,Rapid up-regulation and higher basal expression of interferon-induced genes increase survival of granule cell neurons that are infected by West Nile virus.
1020,9,34287602,False,NOINFO,NOINFO,False,0.9995967745780945,0.0001859101466834545,0.0002173510001739487,Rapid up-regulation and higher basal expression of interferon-induced genes increase survival of granule cell neurons that are infected by West Nile virus.
1020,10,9539248,False,NOINFO,NOINFO,False,0.999613344669342,0.00016927591059356928,0.0002173545944970101,Rapid up-regulation and higher basal expression of interferon-induced genes increase survival of granule cell neurons that are infected by West Nile virus.
1021,1,10559501,False,NOINFO,NOINFO,False,0.9996378421783447,0.000173294436535798,0.0001888455735752359,Rapid up-regulation and higher basal expression of interferon-induced genes reduce survival of granule cell neurons that are infected by West Nile virus.
1021,2,9433958,True,REFUTES,NOINFO,False,0.9997386336326599,8.315596642205492e-05,0.0001781162864062935,Rapid up-regulation and higher basal expression of interferon-induced genes reduce survival of granule cell neurons that are infected by West Nile virus.
1021,3,26731863,False,NOINFO,NOINFO,False,0.9997398257255554,8.579572022426873e-05,0.00017433060565963387,Rapid up-regulation and higher basal expression of interferon-induced genes reduce survival of granule cell neurons that are infected by West Nile virus.
1021,4,2947124,False,NOINFO,NOINFO,False,0.9996155500411987,0.0001287786290049553,0.0002556071267463267,Rapid up-regulation and higher basal expression of interferon-induced genes reduce survival of granule cell neurons that are infected by West Nile virus.
1021,5,12885341,False,NOINFO,NOINFO,False,0.9997026324272156,0.00013005371147301048,0.00016731873620301485,Rapid up-regulation and higher basal expression of interferon-induced genes reduce survival of granule cell neurons that are infected by West Nile virus.
1021,6,37727521,False,NOINFO,NOINFO,False,0.9997370839118958,7.468614785466343e-05,0.0001881280040834099,Rapid up-regulation and higher basal expression of interferon-induced genes reduce survival of granule cell neurons that are infected by West Nile virus.
1021,7,5137019,False,NOINFO,NOINFO,False,0.9997172951698303,8.938583050621673e-05,0.00019333929230924696,Rapid up-regulation and higher basal expression of interferon-induced genes reduce survival of granule cell neurons that are infected by West Nile virus.
1021,8,34287602,False,NOINFO,NOINFO,False,0.9996863603591919,9.874498209683225e-05,0.0002148380153812468,Rapid up-regulation and higher basal expression of interferon-induced genes reduce survival of granule cell neurons that are infected by West Nile virus.
1021,9,7820043,False,NOINFO,NOINFO,False,0.9997466206550598,8.012729813344777e-05,0.00017331329581793398,Rapid up-regulation and higher basal expression of interferon-induced genes reduce survival of granule cell neurons that are infected by West Nile virus.
1021,10,9539248,False,NOINFO,NOINFO,False,0.9997043013572693,9.459360444452614e-05,0.00020103843417018652,Rapid up-regulation and higher basal expression of interferon-induced genes reduce survival of granule cell neurons that are infected by West Nile virus.
1024,1,8494570,False,NOINFO,NOINFO,False,0.9997370839118958,0.00011500035179778934,0.0001479520433349535,Recurrent mutations occur frequently within CTCF anchor sites adjacent to oncogenes.
1024,2,26672703,False,NOINFO,NOINFO,False,0.9997480511665344,0.00010491486318642274,0.00014708928938489407,Recurrent mutations occur frequently within CTCF anchor sites adjacent to oncogenes.
1024,3,2762601,False,NOINFO,NOINFO,False,0.9997212290763855,0.00010719041165430099,0.00017162466247100383,Recurrent mutations occur frequently within CTCF anchor sites adjacent to oncogenes.
1024,4,14530534,False,NOINFO,NOINFO,False,0.9997236132621765,0.0001315895060542971,0.00014480535173788667,Recurrent mutations occur frequently within CTCF anchor sites adjacent to oncogenes.
1024,5,6532806,False,NOINFO,NOINFO,False,0.9997233748435974,9.77890013018623e-05,0.00017881068924907595,Recurrent mutations occur frequently within CTCF anchor sites adjacent to oncogenes.
1024,6,4457160,False,NOINFO,NOINFO,False,0.9997044205665588,0.00016248822794295847,0.00013313809176906943,Recurrent mutations occur frequently within CTCF anchor sites adjacent to oncogenes.
1024,7,7468449,False,NOINFO,NOINFO,False,0.999729573726654,0.00010698215191951022,0.00016344721370842308,Recurrent mutations occur frequently within CTCF anchor sites adjacent to oncogenes.
1024,8,36713289,False,NOINFO,NOINFO,False,0.9997126460075378,0.00012605363735929132,0.00016122507804539055,Recurrent mutations occur frequently within CTCF anchor sites adjacent to oncogenes.
1024,9,7211056,False,NOINFO,NOINFO,False,0.9996935129165649,0.00010552564344834536,0.00020103625138290226,Recurrent mutations occur frequently within CTCF anchor sites adjacent to oncogenes.
1024,10,14019636,False,NOINFO,NOINFO,False,0.999704897403717,0.00011635218834271654,0.0001788073859643191,Recurrent mutations occur frequently within CTCF anchor sites adjacent to oncogenes.
1029,1,11899391,True,REFUTES,SUPPORTS,False,0.0016634834464639425,0.9976457953453064,0.0006907396600581706,Reduced responsiveness to interleukin-2 in regulatory T cells is associated with greater resistance to autoimmune diseases such as Type 1 Diabetes.
1029,2,5567005,False,NOINFO,NOINFO,False,0.9997233748435974,0.00013184674025978893,0.0001448053226340562,Reduced responsiveness to interleukin-2 in regulatory T cells is associated with greater resistance to autoimmune diseases such as Type 1 Diabetes.
1029,3,13940200,True,REFUTES,SUPPORTS,False,0.004756640642881393,0.9945746064186096,0.0006687316345050931,Reduced responsiveness to interleukin-2 in regulatory T cells is associated with greater resistance to autoimmune diseases such as Type 1 Diabetes.
1029,4,2388819,False,NOINFO,NOINFO,False,0.999271810054779,0.0005441130488179624,0.00018404361617285758,Reduced responsiveness to interleukin-2 in regulatory T cells is associated with greater resistance to autoimmune diseases such as Type 1 Diabetes.
1029,5,8325952,False,NOINFO,NOINFO,False,0.9995937943458557,0.00018195805023424327,0.00022424977214541286,Reduced responsiveness to interleukin-2 in regulatory T cells is associated with greater resistance to autoimmune diseases such as Type 1 Diabetes.
1029,6,13923140,True,REFUTES,SUPPORTS,False,0.0026250111404806376,0.9967881441116333,0.0005868642474524677,Reduced responsiveness to interleukin-2 in regulatory T cells is associated with greater resistance to autoimmune diseases such as Type 1 Diabetes.
1029,7,36642096,False,NOINFO,NOINFO,False,0.9997592568397522,8.529613114660606e-05,0.00015535899729002267,Reduced responsiveness to interleukin-2 in regulatory T cells is associated with greater resistance to autoimmune diseases such as Type 1 Diabetes.
1029,8,38502066,False,NOINFO,NOINFO,False,0.9996267557144165,0.0002277887106174603,0.00014535800437442958,Reduced responsiveness to interleukin-2 in regulatory T cells is associated with greater resistance to autoimmune diseases such as Type 1 Diabetes.
1029,9,41120293,False,NOINFO,NOINFO,False,0.9997250437736511,0.00011590091162361205,0.00015903777966741472,Reduced responsiveness to interleukin-2 in regulatory T cells is associated with greater resistance to autoimmune diseases such as Type 1 Diabetes.
1029,10,42873134,False,NOINFO,NOINFO,False,0.9997590184211731,9.646457328926772e-05,0.00014452791947405785,Reduced responsiveness to interleukin-2 in regulatory T cells is associated with greater resistance to autoimmune diseases such as Type 1 Diabetes.
1041,1,9451052,False,NOINFO,NOINFO,False,0.9994161128997803,0.000272569915978238,0.00031128464615903795,Replacement of histone H2A with H2A.Z slows gene activation in yeasts by stabilizing +1 nucleosomes.
1041,2,18694784,False,NOINFO,NOINFO,False,0.999561607837677,0.00017773726722225547,0.00026063446421176195,Replacement of histone H2A with H2A.Z slows gene activation in yeasts by stabilizing +1 nucleosomes.
1041,3,15778034,False,NOINFO,NOINFO,False,0.999297022819519,0.0003696155908983201,0.0003332683409098536,Replacement of histone H2A with H2A.Z slows gene activation in yeasts by stabilizing +1 nucleosomes.
1041,4,2817000,False,NOINFO,NOINFO,False,0.9947901964187622,0.001962101785466075,0.003247620305046439,Replacement of histone H2A with H2A.Z slows gene activation in yeasts by stabilizing +1 nucleosomes.
1041,5,16626264,False,NOINFO,NOINFO,False,0.9994602799415588,0.00031008475343696773,0.00022953705047257245,Replacement of histone H2A with H2A.Z slows gene activation in yeasts by stabilizing +1 nucleosomes.
1041,6,406733,False,NOINFO,NOINFO,False,0.9997021555900574,0.0001411719131283462,0.00015656855248380452,Replacement of histone H2A with H2A.Z slows gene activation in yeasts by stabilizing +1 nucleosomes.
1041,7,9881829,False,NOINFO,NOINFO,False,0.9995212554931641,0.00017463324184063822,0.00030410572071559727,Replacement of histone H2A with H2A.Z slows gene activation in yeasts by stabilizing +1 nucleosomes.
1041,8,43156471,False,NOINFO,NOINFO,False,0.999639630317688,0.00013391180254984647,0.0002264608338009566,Replacement of histone H2A with H2A.Z slows gene activation in yeasts by stabilizing +1 nucleosomes.
1041,9,11844791,False,NOINFO,NOINFO,False,0.9886690974235535,0.0003316615184303373,0.010999222286045551,Replacement of histone H2A with H2A.Z slows gene activation in yeasts by stabilizing +1 nucleosomes.
1041,10,18038955,False,NOINFO,NOINFO,False,0.999291181564331,0.0005232786643318832,0.0001854906731750816,Replacement of histone H2A with H2A.Z slows gene activation in yeasts by stabilizing +1 nucleosomes.
1049,1,8925851,False,NOINFO,NOINFO,False,0.9982632994651794,0.0001266105828108266,0.0016101534711197019,Ribosomopathies have a low degree of cell and tissue specific pathology.
1049,2,6670101,False,NOINFO,NOINFO,False,0.9994251728057861,0.00011931086191907525,0.0004555821942631155,Ribosomopathies have a low degree of cell and tissue specific pathology.
1049,3,24737389,False,NOINFO,NOINFO,False,0.9994470477104187,0.00014618593559134752,0.00040679803350940347,Ribosomopathies have a low degree of cell and tissue specific pathology.
1049,4,26112624,False,NOINFO,NOINFO,False,0.9992058873176575,0.00010506297257961705,0.0006891226512379944,Ribosomopathies have a low degree of cell and tissue specific pathology.
1049,5,7487927,False,NOINFO,REFUTES,False,0.012033683247864246,0.0016672026831656694,0.9862990975379944,Ribosomopathies have a low degree of cell and tissue specific pathology.
1049,6,22482024,False,NOINFO,NOINFO,False,0.9995217323303223,9.457632404519245e-05,0.0003836757387034595,Ribosomopathies have a low degree of cell and tissue specific pathology.
1049,7,18467982,False,NOINFO,NOINFO,False,0.9996402263641357,7.689911581110209e-05,0.00028293830109760165,Ribosomopathies have a low degree of cell and tissue specific pathology.
1049,8,26495128,False,NOINFO,NOINFO,False,0.9996547698974609,8.512080239597708e-05,0.0002601501764729619,Ribosomopathies have a low degree of cell and tissue specific pathology.
1049,9,20725212,False,NOINFO,NOINFO,False,0.9996503591537476,8.545358286937699e-05,0.00026424575480632484,Ribosomopathies have a low degree of cell and tissue specific pathology.
1049,10,36904081,False,NOINFO,NOINFO,False,0.9996564388275146,7.934144377941266e-05,0.0002642473846208304,Ribosomopathies have a low degree of cell and tissue specific pathology.
1062,1,20381484,True,SUPPORTS,SUPPORTS,True,0.0012257404159754515,0.9969663023948669,0.001807992230169475,S-nitrosylated GAPDH physiologically transnitrosylates histone deacetylases.
1062,2,25748308,False,NOINFO,NOINFO,False,0.9817367792129517,0.016300221905112267,0.0019630109891295433,S-nitrosylated GAPDH physiologically transnitrosylates histone deacetylases.
1062,3,15215393,False,NOINFO,NOINFO,False,0.9997043013572693,9.02618485270068e-05,0.00020540434343274683,S-nitrosylated GAPDH physiologically transnitrosylates histone deacetylases.
1062,4,32638085,False,NOINFO,NOINFO,False,0.9997182488441467,0.00011957917740801349,0.00016217341180890799,S-nitrosylated GAPDH physiologically transnitrosylates histone deacetylases.
1062,5,32985041,False,NOINFO,NOINFO,False,0.9996441602706909,0.00023732999397907406,0.00011840832303278148,S-nitrosylated GAPDH physiologically transnitrosylates histone deacetylases.
1062,6,17919731,False,NOINFO,NOINFO,False,0.9997075200080872,0.00010288146586390212,0.00018959790759254247,S-nitrosylated GAPDH physiologically transnitrosylates histone deacetylases.
1062,7,2831620,False,NOINFO,NOINFO,False,0.9997250437736511,9.894186223391443e-05,0.00017603878222871572,S-nitrosylated GAPDH physiologically transnitrosylates histone deacetylases.
1062,8,665817,False,NOINFO,NOINFO,False,0.9996871948242188,8.364032692043111e-05,0.00022914119472261518,S-nitrosylated GAPDH physiologically transnitrosylates histone deacetylases.
1062,9,502591,False,NOINFO,NOINFO,False,0.999605119228363,0.00011909950262634084,0.00027583507471717894,S-nitrosylated GAPDH physiologically transnitrosylates histone deacetylases.
1062,10,8267678,False,NOINFO,NOINFO,False,0.9996964931488037,0.00011981035640928894,0.0001837625604821369,S-nitrosylated GAPDH physiologically transnitrosylates histone deacetylases.
1086,1,39281140,True,SUPPORTS,SUPPORTS,True,0.0006449694046750665,0.9954994320869446,0.003855627030134201,Sildenafil improves erectile function in men who experience sexual dysfunction as a result of the use of SSRI antidepressants.
1086,2,3981244,False,NOINFO,NOINFO,False,0.9996892213821411,0.0001653671934036538,0.00014536708476953208,Sildenafil improves erectile function in men who experience sexual dysfunction as a result of the use of SSRI antidepressants.
1086,3,22057077,False,NOINFO,NOINFO,False,0.9997022747993469,0.0001277875417144969,0.00016995356418192387,Sildenafil improves erectile function in men who experience sexual dysfunction as a result of the use of SSRI antidepressants.
1086,4,6112053,False,NOINFO,NOINFO,False,0.9996575117111206,0.0001971407764358446,0.00014536248636431992,Sildenafil improves erectile function in men who experience sexual dysfunction as a result of the use of SSRI antidepressants.
1086,5,8520041,False,NOINFO,NOINFO,False,0.9997017979621887,0.00011365653335815296,0.00018448277842253447,Sildenafil improves erectile function in men who experience sexual dysfunction as a result of the use of SSRI antidepressants.
1086,6,12039953,False,NOINFO,NOINFO,False,0.9997391104698181,0.00011612912931013852,0.00014480759273283184,Sildenafil improves erectile function in men who experience sexual dysfunction as a result of the use of SSRI antidepressants.
1086,7,13883546,False,NOINFO,NOINFO,False,0.9997472167015076,0.00010594435298116878,0.00014680216554552317,Sildenafil improves erectile function in men who experience sexual dysfunction as a result of the use of SSRI antidepressants.
1086,8,25440070,False,NOINFO,NOINFO,False,0.9997280240058899,0.00011590126086957753,0.00015596217417623848,Sildenafil improves erectile function in men who experience sexual dysfunction as a result of the use of SSRI antidepressants.
1086,9,5551138,False,NOINFO,NOINFO,False,0.9997233748435974,0.00011477437510620803,0.00016185780987143517,Sildenafil improves erectile function in men who experience sexual dysfunction as a result of the use of SSRI antidepressants.
1086,10,5691302,False,NOINFO,NOINFO,False,0.9996837377548218,0.00016027850506361574,0.000155955262016505,Sildenafil improves erectile function in men who experience sexual dysfunction as a result of the use of SSRI antidepressants.
1088,1,4323425,False,NOINFO,NOINFO,False,0.9994608759880066,0.0003747651062440127,0.0001643635332584381,Silencing of Bcl2 is important for the maintenance and progression of tumors.
1088,2,37549932,True,REFUTES,NOINFO,False,0.9982897639274597,0.001506742206402123,0.0002035174984484911,Silencing of Bcl2 is important for the maintenance and progression of tumors.
1088,3,11900630,False,NOINFO,NOINFO,False,0.9969897270202637,0.002765012439340353,0.0002451692707836628,Silencing of Bcl2 is important for the maintenance and progression of tumors.
1088,4,16550075,False,NOINFO,NOINFO,False,0.9995713829994202,0.00022911465202923864,0.00019944741507060826,Silencing of Bcl2 is important for the maintenance and progression of tumors.
1088,5,34439544,False,NOINFO,NOINFO,False,0.999692440032959,0.00015748711302876472,0.00014998202095739543,Silencing of Bcl2 is important for the maintenance and progression of tumors.
1088,6,8496132,False,NOINFO,NOINFO,False,0.9995201826095581,0.0003307486476842314,0.00014908009325154126,Silencing of Bcl2 is important for the maintenance and progression of tumors.
1088,7,39381118,False,NOINFO,NOINFO,False,0.9995396137237549,0.0001490829890826717,0.00031132312142290175,Silencing of Bcl2 is important for the maintenance and progression of tumors.
1088,8,6121555,False,NOINFO,NOINFO,False,0.9996106028556824,0.0002127340849256143,0.00017670753004495054,Silencing of Bcl2 is important for the maintenance and progression of tumors.
1088,9,33638477,False,NOINFO,NOINFO,False,0.9991126656532288,0.0006992262788116932,0.00018801051191985607,Silencing of Bcl2 is important for the maintenance and progression of tumors.
1088,10,30580263,False,NOINFO,NOINFO,False,0.9996243715286255,0.0001726165064610541,0.00020299508469179273,Silencing of Bcl2 is important for the maintenance and progression of tumors.
1089,1,17628888,True,SUPPORTS,SUPPORTS,True,0.000717350107152015,0.9983360171318054,0.0009466293849982321,Smc5/6 engagment drives the activation of SUMO E3 ligase Mms21 by ATP-dependent remolding.
1089,2,21948782,False,NOINFO,NOINFO,False,0.9997261166572571,0.0001212262359331362,0.0001526468840893358,Smc5/6 engagment drives the activation of SUMO E3 ligase Mms21 by ATP-dependent remolding.
1089,3,7915836,False,NOINFO,NOINFO,False,0.9995771050453186,0.00024967643548734486,0.00017328390094917268,Smc5/6 engagment drives the activation of SUMO E3 ligase Mms21 by ATP-dependent remolding.
1089,4,23577014,False,NOINFO,NOINFO,False,0.9996132254600525,0.0001476450706832111,0.00023918398073874414,Smc5/6 engagment drives the activation of SUMO E3 ligase Mms21 by ATP-dependent remolding.
1089,5,5436081,False,NOINFO,NOINFO,False,0.9995273351669312,0.0002135489194188267,0.0002591029042378068,Smc5/6 engagment drives the activation of SUMO E3 ligase Mms21 by ATP-dependent remolding.
1089,6,86231298,False,NOINFO,NOINFO,False,0.9996252059936523,0.00013789103832095861,0.0002368624263908714,Smc5/6 engagment drives the activation of SUMO E3 ligase Mms21 by ATP-dependent remolding.
1089,7,41620295,False,NOINFO,NOINFO,False,0.9995971322059631,0.00019828729273285717,0.00020458160724956542,Smc5/6 engagment drives the activation of SUMO E3 ligase Mms21 by ATP-dependent remolding.
1089,8,11291348,False,NOINFO,NOINFO,False,0.9995878338813782,0.00014649235527031124,0.00026578200049698353,Smc5/6 engagment drives the activation of SUMO E3 ligase Mms21 by ATP-dependent remolding.
1089,9,23513818,False,NOINFO,NOINFO,False,0.9995669722557068,0.00014620348520111293,0.00028681213734671474,Smc5/6 engagment drives the activation of SUMO E3 ligase Mms21 by ATP-dependent remolding.
1089,10,4658268,False,NOINFO,NOINFO,False,0.9995576739311218,0.00016860659525264055,0.0002736755122896284,Smc5/6 engagment drives the activation of SUMO E3 ligase Mms21 by ATP-dependent remolding.
1104,1,3898784,True,SUPPORTS,REFUTES,False,0.0012153212446719408,0.046302977949380875,0.9524818062782288,Stroke patients with prior use of direct oral anticoagulants have a lower risk of in-hospital mortality than stroke patients with prior use of warfarin.
1104,2,32328114,False,NOINFO,NOINFO,False,0.9995150566101074,0.00017912294424604625,0.0003058909496758133,Stroke patients with prior use of direct oral anticoagulants have a lower risk of in-hospital mortality than stroke patients with prior use of warfarin.
1104,3,4910408,False,NOINFO,NOINFO,False,0.9997182488441467,0.00011080888361902907,0.0001709550415398553,Stroke patients with prior use of direct oral anticoagulants have a lower risk of in-hospital mortality than stroke patients with prior use of warfarin.
1104,4,34338075,False,NOINFO,NOINFO,False,0.999679446220398,9.626868995837867e-05,0.00022426899522542953,Stroke patients with prior use of direct oral anticoagulants have a lower risk of in-hospital mortality than stroke patients with prior use of warfarin.
1104,5,16760369,False,NOINFO,NOINFO,False,0.9995597004890442,0.00017808440316002816,0.0002621656167320907,Stroke patients with prior use of direct oral anticoagulants have a lower risk of in-hospital mortality than stroke patients with prior use of warfarin.
1104,6,6158879,False,NOINFO,NOINFO,False,0.9996460676193237,0.00011887199070770293,0.00023502403928432614,Stroke patients with prior use of direct oral anticoagulants have a lower risk of in-hospital mortality than stroke patients with prior use of warfarin.
1104,7,14973286,False,NOINFO,NOINFO,False,0.9996895790100098,0.00010088973067468032,0.0002094524825224653,Stroke patients with prior use of direct oral anticoagulants have a lower risk of in-hospital mortality than stroke patients with prior use of warfarin.
1104,8,7454794,False,NOINFO,NOINFO,False,0.9996942281723022,0.00014034603373147547,0.00016536802286282182,Stroke patients with prior use of direct oral anticoagulants have a lower risk of in-hospital mortality than stroke patients with prior use of warfarin.
1104,9,44827480,False,NOINFO,NOINFO,False,0.9996498823165894,0.0001250648347195238,0.00022514010197483003,Stroke patients with prior use of direct oral anticoagulants have a lower risk of in-hospital mortality than stroke patients with prior use of warfarin.
1104,10,20554003,False,NOINFO,NOINFO,False,0.9996775388717651,0.0001084491959773004,0.000213998559047468,Stroke patients with prior use of direct oral anticoagulants have a lower risk of in-hospital mortality than stroke patients with prior use of warfarin.
1107,1,29381091,False,NOINFO,SUPPORTS,False,0.004196252208203077,0.9951980710029602,0.0006057093269191682,Subcutaneous fat depots undergo extensive browning processes after cold exposure.
1107,2,14865329,False,NOINFO,SUPPORTS,False,0.24206385016441345,0.7566114664077759,0.0013247099705040455,Subcutaneous fat depots undergo extensive browning processes after cold exposure.
1107,3,20532591,True,SUPPORTS,SUPPORTS,True,0.0007431837148033082,0.9985587000846863,0.0006981564802117646,Subcutaneous fat depots undergo extensive browning processes after cold exposure.
1107,4,13000926,False,NOINFO,NOINFO,False,0.9997573494911194,0.00010369353549322113,0.00013899091572966427,Subcutaneous fat depots undergo extensive browning processes after cold exposure.
1107,5,970012,False,NOINFO,NOINFO,False,0.9994756579399109,0.0003821623104158789,0.00014224689221009612,Subcutaneous fat depots undergo extensive browning processes after cold exposure.
1107,6,32955023,False,NOINFO,NOINFO,False,0.9994962215423584,0.0003799374680966139,0.00012383039575070143,Subcutaneous fat depots undergo extensive browning processes after cold exposure.
1107,7,4854076,False,NOINFO,NOINFO,False,0.999711811542511,0.00013470847625285387,0.00015354172501247376,Subcutaneous fat depots undergo extensive browning processes after cold exposure.
1107,8,19205437,False,NOINFO,NOINFO,False,0.9994157552719116,0.00043641691445373,0.00014790448767598718,Subcutaneous fat depots undergo extensive browning processes after cold exposure.
1107,9,26902591,False,NOINFO,NOINFO,False,0.9996439218521118,0.00021651381393894553,0.0001395190629409626,Subcutaneous fat depots undergo extensive browning processes after cold exposure.
1107,10,4319174,False,NOINFO,NOINFO,False,0.9976307153701782,0.0021484747994691133,0.00022077032190281898,Subcutaneous fat depots undergo extensive browning processes after cold exposure.
1110,1,70704988,False,NOINFO,NOINFO,False,0.9994487166404724,0.00022377973073162138,0.00032751099206507206,Suboptimal nutrition is not predictive of chronic disease
1110,2,36558211,False,NOINFO,NOINFO,False,0.9994221925735474,0.00015409801562782377,0.0004238194669596851,Suboptimal nutrition is not predictive of chronic disease
1110,3,21993510,False,NOINFO,NOINFO,False,0.9987233281135559,0.00020560395205393434,0.0010709939524531364,Suboptimal nutrition is not predictive of chronic disease
1110,4,24273592,False,NOINFO,REFUTES,False,0.008923484943807125,0.002076489618048072,0.9890000224113464,Suboptimal nutrition is not predictive of chronic disease
1110,5,8529693,False,NOINFO,NOINFO,False,0.9931625127792358,0.00043965631630271673,0.006397916469722986,Suboptimal nutrition is not predictive of chronic disease
1110,6,21623140,False,NOINFO,NOINFO,False,0.9990795850753784,0.00017904490232467651,0.0007413960993289948,Suboptimal nutrition is not predictive of chronic disease
1110,7,1606628,False,NOINFO,NOINFO,False,0.9904912114143372,0.00047969177830964327,0.009029049426317215,Suboptimal nutrition is not predictive of chronic disease
1110,8,44624045,False,NOINFO,NOINFO,False,0.9901583790779114,0.0003453929675742984,0.009496204555034637,Suboptimal nutrition is not predictive of chronic disease
1110,9,2295434,False,NOINFO,NOINFO,False,0.9995170831680298,0.00015592927229590714,0.00032689431100152433,Suboptimal nutrition is not predictive of chronic disease
1110,10,12709184,False,NOINFO,NOINFO,False,0.9951346516609192,0.00032166927121579647,0.004543591756373644,Suboptimal nutrition is not predictive of chronic disease
1121,1,4456756,True,SUPPORTS,SUPPORTS,True,0.27759021520614624,0.7186092734336853,0.003800491336733103,Synaptic activity enhances local release of brain derived neurotrophic factor from postsynaptic dendrites.
1121,2,19571273,False,NOINFO,NOINFO,False,0.999618649482727,0.00021398595708888024,0.00016730467905290425,Synaptic activity enhances local release of brain derived neurotrophic factor from postsynaptic dendrites.
1121,3,24652030,False,NOINFO,NOINFO,False,0.9995986819267273,0.00017261206812690943,0.00022867383086122572,Synaptic activity enhances local release of brain derived neurotrophic factor from postsynaptic dendrites.
1121,4,23076291,False,NOINFO,NOINFO,False,0.999146580696106,0.0006485979538410902,0.0002048891910817474,Synaptic activity enhances local release of brain derived neurotrophic factor from postsynaptic dendrites.
1121,5,13458119,False,NOINFO,NOINFO,False,0.9996200799942017,0.00012678267376031727,0.00025312427897006273,Synaptic activity enhances local release of brain derived neurotrophic factor from postsynaptic dendrites.
1121,6,23535770,False,NOINFO,NOINFO,False,0.9996071457862854,0.00014706855290569365,0.00024581290199421346,Synaptic activity enhances local release of brain derived neurotrophic factor from postsynaptic dendrites.
1121,7,29745822,False,NOINFO,NOINFO,False,0.9997068047523499,0.000122892641229555,0.00017028659931384027,Synaptic activity enhances local release of brain derived neurotrophic factor from postsynaptic dendrites.
1121,8,2437807,False,NOINFO,NOINFO,False,0.9995284080505371,0.00021648879919666797,0.00025508616818115115,Synaptic activity enhances local release of brain derived neurotrophic factor from postsynaptic dendrites.
1121,9,306311,False,NOINFO,NOINFO,False,0.9997112154960632,0.000117494746518787,0.00017128806211985648,Synaptic activity enhances local release of brain derived neurotrophic factor from postsynaptic dendrites.
1121,10,15590539,False,NOINFO,NOINFO,False,0.9995396137237549,0.0002443603007122874,0.00021606880181934685,Synaptic activity enhances local release of brain derived neurotrophic factor from postsynaptic dendrites.
1130,1,17997584,True,REFUTES,SUPPORTS,False,0.002367191482335329,0.9959492683410645,0.0016835149144753814,T regulatory cells (tTregs) lacking αvβ8 are more adept at suppressing pathogenic T-cell responses during active inflammation.
1130,2,38502066,False,NOINFO,NOINFO,False,0.9997182488441467,0.00012146228255005553,0.00016028404934331775,T regulatory cells (tTregs) lacking αvβ8 are more adept at suppressing pathogenic T-cell responses during active inflammation.
1130,3,22210434,False,NOINFO,NOINFO,False,0.9996852874755859,0.00015965387865435332,0.00015504438488278538,T regulatory cells (tTregs) lacking αvβ8 are more adept at suppressing pathogenic T-cell responses during active inflammation.
1130,4,1550937,False,NOINFO,NOINFO,False,0.9996527433395386,0.0002216502616647631,0.00012555468128994107,T regulatory cells (tTregs) lacking αvβ8 are more adept at suppressing pathogenic T-cell responses during active inflammation.
1130,5,14644164,False,NOINFO,NOINFO,False,0.9996803998947144,0.00019676060765050352,0.00012288939615245908,T regulatory cells (tTregs) lacking αvβ8 are more adept at suppressing pathogenic T-cell responses during active inflammation.
1130,6,29015485,False,NOINFO,NOINFO,False,0.9996614456176758,0.00017127953469753265,0.0001673118385951966,T regulatory cells (tTregs) lacking αvβ8 are more adept at suppressing pathogenic T-cell responses during active inflammation.
1130,7,51952430,False,NOINFO,NOINFO,False,0.9996538162231445,0.0002212180261267349,0.00012506532948464155,T regulatory cells (tTregs) lacking αvβ8 are more adept at suppressing pathogenic T-cell responses during active inflammation.
1130,8,10359591,False,NOINFO,NOINFO,False,0.9996140599250793,0.0002546102332416922,0.00013131836021784693,T regulatory cells (tTregs) lacking αvβ8 are more adept at suppressing pathogenic T-cell responses during active inflammation.
1130,9,7399084,False,NOINFO,NOINFO,False,0.9996812343597412,0.000170282248291187,0.00014852281310595572,T regulatory cells (tTregs) lacking αvβ8 are more adept at suppressing pathogenic T-cell responses during active inflammation.
1130,10,4418070,False,NOINFO,NOINFO,False,0.9996411800384521,0.00020740697800647467,0.00015144610370043665,T regulatory cells (tTregs) lacking αvβ8 are more adept at suppressing pathogenic T-cell responses during active inflammation.
1132,1,2714623,False,NOINFO,NOINFO,False,0.9992314577102661,0.0005121255526319146,0.00025650893803685904,TCR/CD3 microdomains are a required to induce the immunologic synapse to activate T cells.
1132,2,15972906,False,NOINFO,NOINFO,False,0.999688982963562,0.0001770669041434303,0.00013391840911936015,TCR/CD3 microdomains are a required to induce the immunologic synapse to activate T cells.
1132,3,18834078,False,NOINFO,NOINFO,False,0.9995038509368896,0.0003452646196819842,0.0001508349523646757,TCR/CD3 microdomains are a required to induce the immunologic synapse to activate T cells.
1132,4,6961811,False,NOINFO,NOINFO,False,0.9996353387832642,0.0002186367055401206,0.00014592817751690745,TCR/CD3 microdomains are a required to induce the immunologic synapse to activate T cells.
1132,5,21746539,False,NOINFO,NOINFO,False,0.9996881484985352,0.00018629063561093062,0.00012555911962408572,TCR/CD3 microdomains are a required to induce the immunologic synapse to activate T cells.
1132,6,33499189,True,SUPPORTS,SUPPORTS,True,0.006254435051232576,0.9929433465003967,0.0008021817775443196,TCR/CD3 microdomains are a required to induce the immunologic synapse to activate T cells.
1132,7,34905328,False,NOINFO,NOINFO,False,0.9981873631477356,0.0016306013567373157,0.00018205725064035505,TCR/CD3 microdomains are a required to induce the immunologic synapse to activate T cells.
1132,8,8903143,False,NOINFO,NOINFO,False,0.999041736125946,0.0007945954566821456,0.00016365409828722477,TCR/CD3 microdomains are a required to induce the immunologic synapse to activate T cells.
1132,9,5914739,False,NOINFO,NOINFO,False,0.9986323714256287,0.0012289885198697448,0.0001385636132908985,TCR/CD3 microdomains are a required to induce the immunologic synapse to activate T cells.
1132,10,994800,False,NOINFO,NOINFO,False,0.9993953704833984,0.00040598330087959766,0.00019863485067617148,TCR/CD3 microdomains are a required to induce the immunologic synapse to activate T cells.
1137,1,33370,True,REFUTES,REFUTES,True,0.000913540949113667,0.0011730098631232977,0.9979135394096375,TNFAIP3 is a tumor suppressor in glioblastoma.
1137,2,38355793,False,NOINFO,NOINFO,False,0.999078631401062,0.00014358575572259724,0.0007777348509989679,TNFAIP3 is a tumor suppressor in glioblastoma.
1137,3,21692235,False,NOINFO,NOINFO,False,0.9996700286865234,9.078915900317952e-05,0.00023919757222756743,TNFAIP3 is a tumor suppressor in glioblastoma.
1137,4,6363093,False,NOINFO,NOINFO,False,0.9996359348297119,6.920142186572775e-05,0.0002947832108475268,TNFAIP3 is a tumor suppressor in glioblastoma.
1137,5,7898952,False,NOINFO,NOINFO,False,0.9997031092643738,0.00012828779290430248,0.00016863112978171557,TNFAIP3 is a tumor suppressor in glioblastoma.
1137,6,37686718,False,NOINFO,NOINFO,False,0.9997074007987976,8.714398427400738e-05,0.00020540498371701688,TNFAIP3 is a tumor suppressor in glioblastoma.
1137,7,41293601,False,NOINFO,NOINFO,False,0.9997079968452454,8.122716099023819e-05,0.00021068724163342267,TNFAIP3 is a tumor suppressor in glioblastoma.
1137,8,1836154,False,NOINFO,NOINFO,False,0.9996545314788818,8.282480121124536e-05,0.00026270310627296567,TNFAIP3 is a tumor suppressor in glioblastoma.
1137,9,470625,False,NOINFO,NOINFO,False,0.9996638298034668,0.00011101947166025639,0.00022514324518851936,TNFAIP3 is a tumor suppressor in glioblastoma.
1137,10,5123516,False,NOINFO,NOINFO,False,0.9996108412742615,7.600098615512252e-05,0.00031317491084337234,TNFAIP3 is a tumor suppressor in glioblastoma.
1140,1,12009265,True,REFUTES,SUPPORTS,False,0.0005375262699089944,0.994917631149292,0.004544819705188274,Taking 400mg of α-tocopheryl acetate helps to prevent prostate cancer.
1140,2,24581365,False,NOINFO,NOINFO,False,0.9997020363807678,0.00010973024473059922,0.00018812141206581146,Taking 400mg of α-tocopheryl acetate helps to prevent prostate cancer.
1140,3,4500832,False,NOINFO,NOINFO,False,0.9995827078819275,0.0001676257379585877,0.0002496778324712068,Taking 400mg of α-tocopheryl acetate helps to prevent prostate cancer.
1140,4,32766786,False,NOINFO,NOINFO,False,0.9996809959411621,0.00011680478201014921,0.0002022151165874675,Taking 400mg of α-tocopheryl acetate helps to prevent prostate cancer.
1140,5,308862,False,NOINFO,NOINFO,False,0.9996902942657471,0.00010635294893290848,0.00020340534683782607,Taking 400mg of α-tocopheryl acetate helps to prevent prostate cancer.
1140,6,8659426,False,NOINFO,NOINFO,False,0.9996978044509888,0.00013979937648400664,0.00016248713654931635,Taking 400mg of α-tocopheryl acetate helps to prevent prostate cancer.
1140,7,25121903,False,NOINFO,NOINFO,False,0.9996398687362671,0.00015594842261634767,0.0002041911648120731,Taking 400mg of α-tocopheryl acetate helps to prevent prostate cancer.
1140,8,22267225,False,NOINFO,NOINFO,False,0.9997358918190002,0.0001195812874357216,0.00014452457253355533,Taking 400mg of α-tocopheryl acetate helps to prevent prostate cancer.
1140,9,15648443,False,NOINFO,NOINFO,False,0.9992107152938843,0.00042538822162896395,0.00036385381827130914,Taking 400mg of α-tocopheryl acetate helps to prevent prostate cancer.
1140,10,52188256,False,NOINFO,NOINFO,False,0.9996874332427979,0.00013030598347540945,0.00018233084119856358,Taking 400mg of α-tocopheryl acetate helps to prevent prostate cancer.
1144,1,10071552,True,REFUTES,REFUTES,True,0.001177714322693646,0.000812598445918411,0.9980097413063049,Taxation of sugar-sweetened beverages had no effect on the incidence rate of type II diabetes in India.
1144,2,9822397,False,NOINFO,NOINFO,False,0.9972327351570129,0.0003783373977057636,0.002388831926509738,Taxation of sugar-sweetened beverages had no effect on the incidence rate of type II diabetes in India.
1144,3,6207111,False,NOINFO,NOINFO,False,0.9994094371795654,0.00015929838991723955,0.0004313297395128757,Taxation of sugar-sweetened beverages had no effect on the incidence rate of type II diabetes in India.
1144,4,1974176,False,NOINFO,NOINFO,False,0.9992870688438416,0.00020977748499717563,0.0005032300250604749,Taxation of sugar-sweetened beverages had no effect on the incidence rate of type II diabetes in India.
1144,5,3770750,False,NOINFO,NOINFO,False,0.999586284160614,9.682538802735507e-05,0.00031685875728726387,Taxation of sugar-sweetened beverages had no effect on the incidence rate of type II diabetes in India.
1144,6,24704139,False,NOINFO,NOINFO,False,0.9995573163032532,9.532149124424905e-05,0.00034731219056993723,Taxation of sugar-sweetened beverages had no effect on the incidence rate of type II diabetes in India.
1144,7,12224536,False,NOINFO,NOINFO,False,0.9995203018188477,9.531796240480617e-05,0.0003844253078568727,Taxation of sugar-sweetened beverages had no effect on the incidence rate of type II diabetes in India.
1144,8,8708082,False,NOINFO,NOINFO,False,0.9995676875114441,0.00013003614731132984,0.00030234313453547657,Taxation of sugar-sweetened beverages had no effect on the incidence rate of type II diabetes in India.
1144,9,11201004,False,NOINFO,NOINFO,False,0.9996324777603149,7.615122012794018e-05,0.0002913478820119053,Taxation of sugar-sweetened beverages had no effect on the incidence rate of type II diabetes in India.
1144,10,39368721,False,NOINFO,NOINFO,False,0.999573290348053,8.937295206123963e-05,0.00033729002461768687,Taxation of sugar-sweetened beverages had no effect on the incidence rate of type II diabetes in India.
1146,1,13906581,True,SUPPORTS,REFUTES,False,0.0012632692232728004,0.000911677663680166,0.9978251457214355,Teaching hospitals do not provide better care than non-teaching hospitals.
1146,2,21377587,False,NOINFO,NOINFO,False,0.999539852142334,0.0001338984293397516,0.000326263892930001,Teaching hospitals do not provide better care than non-teaching hospitals.
1146,3,21323587,False,NOINFO,NOINFO,False,0.9991913437843323,0.0002340012724744156,0.0005746516399085522,Teaching hospitals do not provide better care than non-teaching hospitals.
1146,4,10577574,False,NOINFO,NOINFO,False,0.9993271827697754,0.00018513540271669626,0.0004877668689005077,Teaching hospitals do not provide better care than non-teaching hospitals.
1146,5,15983982,False,NOINFO,NOINFO,False,0.999373733997345,0.00015529908705502748,0.0004709386557806283,Teaching hospitals do not provide better care than non-teaching hospitals.
1146,6,40905302,False,NOINFO,NOINFO,False,0.9994550347328186,0.00015141790208872408,0.0003935159766115248,Teaching hospitals do not provide better care than non-teaching hospitals.
1146,7,12258338,False,NOINFO,NOINFO,False,0.999309778213501,0.00017699974705465138,0.0005131670041009784,Teaching hospitals do not provide better care than non-teaching hospitals.
1146,8,43855756,False,NOINFO,NOINFO,False,0.9992936849594116,0.0002118375268764794,0.0004944647662341595,Teaching hospitals do not provide better care than non-teaching hospitals.
1146,9,13843341,False,NOINFO,NOINFO,False,0.9991387128829956,0.00020171108189970255,0.0006594504229724407,Teaching hospitals do not provide better care than non-teaching hospitals.
1146,10,3610080,False,NOINFO,NOINFO,False,0.9994799494743347,0.00014086512965150177,0.0003791899362113327,Teaching hospitals do not provide better care than non-teaching hospitals.
1150,1,25832301,False,NOINFO,NOINFO,False,0.9991204142570496,0.0006944681517779827,0.0001850971020758152,Tetraspanin-3 is a causative factor in the development of acute myelogenous leukemia
1150,2,11369420,True,SUPPORTS,SUPPORTS,True,0.001253734459169209,0.9980606436729431,0.000685649283695966,Tetraspanin-3 is a causative factor in the development of acute myelogenous leukemia
1150,3,9460704,False,NOINFO,NOINFO,False,0.9996986389160156,0.00014200099394656718,0.000159344490384683,Tetraspanin-3 is a causative factor in the development of acute myelogenous leukemia
1150,4,2359152,False,NOINFO,NOINFO,False,0.9995366334915161,0.000244359573116526,0.00021904251480009407,Tetraspanin-3 is a causative factor in the development of acute myelogenous leukemia
1150,5,9478135,False,NOINFO,NOINFO,False,0.9996222257614136,0.00021693242888431996,0.00016089592827484012,Tetraspanin-3 is a causative factor in the development of acute myelogenous leukemia
1150,6,8385277,False,NOINFO,NOINFO,False,0.9996609687805176,0.0001881136849988252,0.0001508586574345827,Tetraspanin-3 is a causative factor in the development of acute myelogenous leukemia
1150,7,10795340,False,NOINFO,NOINFO,False,0.9997283816337585,0.00012051827798131853,0.0001511637819930911,Tetraspanin-3 is a causative factor in the development of acute myelogenous leukemia
1150,8,4889228,False,NOINFO,NOINFO,False,0.9995556473731995,0.00026525487191975117,0.00017913022020366043,Tetraspanin-3 is a causative factor in the development of acute myelogenous leukemia
1150,9,3391547,False,NOINFO,NOINFO,False,0.9996812343597412,0.00017810605640988797,0.00014061859110370278,Tetraspanin-3 is a causative factor in the development of acute myelogenous leukemia
1150,10,3321943,False,NOINFO,NOINFO,False,0.9994747042655945,0.00026010331930592656,0.00026523336418904364,Tetraspanin-3 is a causative factor in the development of acute myelogenous leukemia
1163,1,15305881,True,SUPPORTS,SUPPORTS,True,0.0017653120448812842,0.9974894523620605,0.0007452935096807778,The DdrB protein from Deinococcus radiodurans is an alternative SSB.
1163,2,17939443,False,NOINFO,NOINFO,False,0.999687671661377,0.00014034511696081609,0.00017195442342199385,The DdrB protein from Deinococcus radiodurans is an alternative SSB.
1163,3,799586,False,NOINFO,NOINFO,False,0.9992905855178833,0.0005516136297956109,0.00015773157065268606,The DdrB protein from Deinococcus radiodurans is an alternative SSB.
1163,4,8721150,False,NOINFO,NOINFO,False,0.9996857643127441,0.00014593552623409778,0.00016829915693961084,The DdrB protein from Deinococcus radiodurans is an alternative SSB.
1163,5,36233757,False,NOINFO,NOINFO,False,0.9996784925460815,0.00013736078108195215,0.000184118514880538,The DdrB protein from Deinococcus radiodurans is an alternative SSB.
1163,6,8065561,False,NOINFO,NOINFO,False,0.9995974898338318,0.00020578390103764832,0.00019674429495353252,The DdrB protein from Deinococcus radiodurans is an alternative SSB.
1163,7,13915464,False,NOINFO,NOINFO,False,0.9996579885482788,0.00014678906882181764,0.0001952250167960301,The DdrB protein from Deinococcus radiodurans is an alternative SSB.
1163,8,17416520,False,NOINFO,NOINFO,False,0.9996896982192993,0.00014565135643351823,0.0001647225726628676,The DdrB protein from Deinococcus radiodurans is an alternative SSB.
1163,9,37768883,False,NOINFO,NOINFO,False,0.9996689558029175,0.00011864275438711047,0.0002123313897754997,The DdrB protein from Deinococcus radiodurans is an alternative SSB.
1163,10,25373397,False,NOINFO,NOINFO,False,0.9997102618217468,0.0001147728762589395,0.00017500774993095547,The DdrB protein from Deinococcus radiodurans is an alternative SSB.
1180,1,44366096,False,NOINFO,NOINFO,False,0.9995019435882568,0.0003682501264847815,0.00012977389269508421,The PRR MDA5 is a sensor of RNA virus infection.
1180,2,2566674,False,NOINFO,NOINFO,False,0.6431868076324463,0.3558959364891052,0.0009173197322525084,The PRR MDA5 is a sensor of RNA virus infection.
1180,3,24221369,False,NOINFO,NOINFO,False,0.9996169805526733,0.0002123203594237566,0.00017060418031178415,The PRR MDA5 is a sensor of RNA virus infection.
1180,4,31272411,True,SUPPORTS,NOINFO,False,0.9995075464248657,0.00035692224628292024,0.00013547240814659745,The PRR MDA5 is a sensor of RNA virus infection.
1180,5,15419873,False,NOINFO,NOINFO,False,0.9996705055236816,0.0001719514693832025,0.0001574836642248556,The PRR MDA5 is a sensor of RNA virus infection.
1180,6,10627801,False,NOINFO,NOINFO,False,0.9996296167373657,0.00020339300681371242,0.0001669800840318203,The PRR MDA5 is a sensor of RNA virus infection.
1180,7,9433958,False,NOINFO,NOINFO,False,0.9994845390319824,0.00022248034656513482,0.0002930166374426335,The PRR MDA5 is a sensor of RNA virus infection.
1180,8,32556431,False,NOINFO,NOINFO,False,0.999729573726654,0.00011658253788482398,0.00015384462312795222,The PRR MDA5 is a sensor of RNA virus infection.
1180,9,16058322,False,NOINFO,NOINFO,False,0.9996943473815918,0.0001553489128127694,0.00015027551853563637,The PRR MDA5 is a sensor of RNA virus infection.
1180,10,1970884,False,NOINFO,NOINFO,False,0.9997034668922424,0.00012122349289711565,0.0001753487013047561,The PRR MDA5 is a sensor of RNA virus infection.
1185,1,21203899,False,NOINFO,NOINFO,False,0.999685525894165,0.0001488138223066926,0.00016568988212384284,The US health care system can save up to $750 million if 7% of patients waiting for kidney transplants participate in the optimized national kidney paired donation program.
1185,2,21859699,False,NOINFO,NOINFO,False,0.999693751335144,0.00014852467575110495,0.0001577952061779797,The US health care system can save up to $750 million if 7% of patients waiting for kidney transplants participate in the optimized national kidney paired donation program.
1185,3,41774099,False,NOINFO,NOINFO,False,0.9991938471794128,0.0004380277532618493,0.00036813662154600024,The US health care system can save up to $750 million if 7% of patients waiting for kidney transplants participate in the optimized national kidney paired donation program.
1185,4,16737210,True,SUPPORTS,NOINFO,False,0.9820488095283508,0.014630348421633244,0.0033207410015165806,The US health care system can save up to $750 million if 7% of patients waiting for kidney transplants participate in the optimized national kidney paired donation program.
1185,5,7034001,False,NOINFO,NOINFO,False,0.9996968507766724,0.00013287729234434664,0.00017028489673975855,The US health care system can save up to $750 million if 7% of patients waiting for kidney transplants participate in the optimized national kidney paired donation program.
1185,6,31942055,False,NOINFO,NOINFO,False,0.9996805191040039,0.0001212206989293918,0.00019830383826047182,The US health care system can save up to $750 million if 7% of patients waiting for kidney transplants participate in the optimized national kidney paired donation program.
1185,7,15670968,False,NOINFO,NOINFO,False,0.9997139573097229,0.00014708426897414029,0.0001389848766848445,The US health care system can save up to $750 million if 7% of patients waiting for kidney transplants participate in the optimized national kidney paired donation program.
1185,8,10582939,False,NOINFO,NOINFO,False,0.999672532081604,0.00015145086217671633,0.00017602952721063048,The US health care system can save up to $750 million if 7% of patients waiting for kidney transplants participate in the optimized national kidney paired donation program.
1185,9,202259,False,NOINFO,NOINFO,False,0.9997227787971497,0.00012779016105923802,0.00014940183609724045,The US health care system can save up to $750 million if 7% of patients waiting for kidney transplants participate in the optimized national kidney paired donation program.
1185,10,70439309,False,NOINFO,NOINFO,False,0.9997000694274902,0.00016185404092539102,0.00013817095896229148,The US health care system can save up to $750 million if 7% of patients waiting for kidney transplants participate in the optimized national kidney paired donation program.
1187,1,12737132,False,NOINFO,NOINFO,False,0.9947763681411743,0.004757605958729982,0.00046603355440311134,The YAP1 and TEAD complex tanslocates into the nucleus where it interacts with transcription factors and DNA-binding proteins that modulate target gene transcription.
1187,2,52873726,True,SUPPORTS,SUPPORTS,True,0.0023508493322879076,0.9968311190605164,0.0008180045406334102,The YAP1 and TEAD complex tanslocates into the nucleus where it interacts with transcription factors and DNA-binding proteins that modulate target gene transcription.
1187,3,17240457,False,NOINFO,NOINFO,False,0.9996086955070496,0.0001568599691381678,0.0002345566899748519,The YAP1 and TEAD complex tanslocates into the nucleus where it interacts with transcription factors and DNA-binding proteins that modulate target gene transcription.
1187,4,4418582,False,NOINFO,NOINFO,False,0.9994773268699646,0.00019518972840160131,0.00032752036349847913,The YAP1 and TEAD complex tanslocates into the nucleus where it interacts with transcription factors and DNA-binding proteins that modulate target gene transcription.
1187,5,36310858,False,NOINFO,NOINFO,False,0.9995288848876953,0.00027961083105765283,0.00019142430392093956,The YAP1 and TEAD complex tanslocates into the nucleus where it interacts with transcription factors and DNA-binding proteins that modulate target gene transcription.
1187,6,20935673,False,NOINFO,NOINFO,False,0.9995334148406982,0.0001689321215962991,0.00029764551436528563,The YAP1 and TEAD complex tanslocates into the nucleus where it interacts with transcription factors and DNA-binding proteins that modulate target gene transcription.
1187,7,25901598,False,NOINFO,NOINFO,False,0.9995575547218323,0.00017566586029715836,0.0002668141678441316,The YAP1 and TEAD complex tanslocates into the nucleus where it interacts with transcription factors and DNA-binding proteins that modulate target gene transcription.
1187,8,42314147,False,NOINFO,NOINFO,False,0.9995627999305725,0.00016025912191253155,0.0002769029524642974,The YAP1 and TEAD complex tanslocates into the nucleus where it interacts with transcription factors and DNA-binding proteins that modulate target gene transcription.
1187,9,42865134,False,NOINFO,NOINFO,False,0.9995545744895935,0.00014478087541647255,0.00030057280673645437,The YAP1 and TEAD complex tanslocates into the nucleus where it interacts with transcription factors and DNA-binding proteins that modulate target gene transcription.
1187,10,19966976,False,NOINFO,NOINFO,False,0.9996895790100098,0.000123130768770352,0.00018738565267995,The YAP1 and TEAD complex tanslocates into the nucleus where it interacts with transcription factors and DNA-binding proteins that modulate target gene transcription.
1202,1,24707550,False,NOINFO,NOINFO,False,0.5032117962837219,0.4954102337360382,0.0013779825530946255,The center of the granuloma in an immune cell induces a pro-inflammatory immune response.
1202,2,4389252,False,NOINFO,NOINFO,False,0.9995150566101074,0.000246752257226035,0.00023822809453122318,The center of the granuloma in an immune cell induces a pro-inflammatory immune response.
1202,3,188911,False,NOINFO,NOINFO,False,0.999688982963562,0.00015444049495272338,0.00015656647155992687,The center of the granuloma in an immune cell induces a pro-inflammatory immune response.
1202,4,34615397,False,NOINFO,NOINFO,False,0.9993853569030762,0.00047094415640458465,0.0001436298480257392,The center of the granuloma in an immune cell induces a pro-inflammatory immune response.
1202,5,9705208,False,NOINFO,NOINFO,False,0.9995600581169128,0.000244365306571126,0.00019558751955628395,The center of the granuloma in an immune cell induces a pro-inflammatory immune response.
1202,6,24315156,False,NOINFO,NOINFO,False,0.9996774196624756,0.0001556499773869291,0.00016698805848136544,The center of the granuloma in an immune cell induces a pro-inflammatory immune response.
1202,7,6163801,False,NOINFO,NOINFO,False,0.999452531337738,0.0002662655897438526,0.00028123249649070203,The center of the granuloma in an immune cell induces a pro-inflammatory immune response.
1202,8,1933281,False,NOINFO,NOINFO,False,0.9995760321617126,0.00021819715038873255,0.00020577949180733413,The center of the granuloma in an immune cell induces a pro-inflammatory immune response.
1202,9,3475317,True,SUPPORTS,SUPPORTS,True,0.0009302467224188149,0.9984561204910278,0.0006136557785794139,The center of the granuloma in an immune cell induces a pro-inflammatory immune response.
1202,10,22406695,False,NOINFO,NOINFO,False,0.9997326731681824,0.0001313339453190565,0.00013603325351141393,The center of the granuloma in an immune cell induces a pro-inflammatory immune response.
1216,1,24142891,True,SUPPORTS,SUPPORTS,True,0.0012367903254926205,0.9981253743171692,0.0006378897232934833,The extracellular domain of TMEM27 is cleaved in human beta cells.
1216,2,19756935,False,NOINFO,NOINFO,False,0.9996695518493652,0.00011726059892680496,0.00021316256606951356,The extracellular domain of TMEM27 is cleaved in human beta cells.
1216,3,8903143,False,NOINFO,NOINFO,False,0.9996187686920166,0.00016600274830125272,0.0002152434753952548,The extracellular domain of TMEM27 is cleaved in human beta cells.
1216,4,13868795,False,NOINFO,NOINFO,False,0.9996926784515381,0.00011841406376333907,0.00018885591998696327,The extracellular domain of TMEM27 is cleaved in human beta cells.
1216,5,19708993,False,NOINFO,NOINFO,False,0.9996570348739624,0.00013055677118245512,0.00021232885774224997,The extracellular domain of TMEM27 is cleaved in human beta cells.
1216,6,4311206,False,NOINFO,NOINFO,False,0.9996473789215088,0.00014592993829865009,0.0002065996523015201,The extracellular domain of TMEM27 is cleaved in human beta cells.
1216,7,38844612,False,NOINFO,NOINFO,False,0.9997071623802185,0.0001112413447117433,0.00018162360356654972,The extracellular domain of TMEM27 is cleaved in human beta cells.
1216,8,2825380,False,NOINFO,NOINFO,False,0.9996141195297241,0.00020102030248381197,0.0001848272222559899,The extracellular domain of TMEM27 is cleaved in human beta cells.
1216,9,19561411,False,NOINFO,NOINFO,False,0.9996383190155029,0.00015625306696165353,0.000205390781047754,The extracellular domain of TMEM27 is cleaved in human beta cells.
1216,10,14767844,False,NOINFO,NOINFO,False,0.9995760321617126,0.0001805388310458511,0.000243416492594406,The extracellular domain of TMEM27 is cleaved in human beta cells.
1221,1,3360428,False,NOINFO,NOINFO,False,0.9996063113212585,0.0002251302939839661,0.00016861478798091412,The genomic aberrations found in matasteses are very similar to those found in the primary tumor.
1221,2,14717213,False,NOINFO,NOINFO,False,0.9995860457420349,0.00024105337797664106,0.00017294732970185578,The genomic aberrations found in matasteses are very similar to those found in the primary tumor.
1221,3,4407318,False,NOINFO,NOINFO,False,0.9997060894966125,0.0001615392102394253,0.0001323604810750112,The genomic aberrations found in matasteses are very similar to those found in the primary tumor.
1221,4,9038803,False,NOINFO,NOINFO,False,0.9996278285980225,0.0002382549864705652,0.00013391021639108658,The genomic aberrations found in matasteses are very similar to those found in the primary tumor.
1221,5,39758684,False,NOINFO,NOINFO,False,0.9994335770606995,0.00037038885056972504,0.00019594513287302107,The genomic aberrations found in matasteses are very similar to those found in the primary tumor.
1221,6,26182390,False,NOINFO,NOINFO,False,0.9996899366378784,0.0001647226163186133,0.00014536718663293868,The genomic aberrations found in matasteses are very similar to those found in the primary tumor.
1221,7,11271123,False,NOINFO,NOINFO,False,0.999322772026062,0.0005284305079840124,0.00014875982014928013,The genomic aberrations found in matasteses are very similar to those found in the primary tumor.
1221,8,6812319,False,NOINFO,NOINFO,False,0.9996882677078247,0.0001736419799271971,0.0001381693291477859,The genomic aberrations found in matasteses are very similar to those found in the primary tumor.
1221,9,8427306,False,NOINFO,NOINFO,False,0.9996353387832642,0.00020862459496129304,0.0001559477241244167,The genomic aberrations found in matasteses are very similar to those found in the primary tumor.
1221,10,4364884,False,NOINFO,NOINFO,False,0.9997273087501526,0.00013629847671836615,0.00013629847671836615,The genomic aberrations found in matasteses are very similar to those found in the primary tumor.
1225,1,9650982,True,SUPPORTS,SUPPORTS,True,0.0014943053247407079,0.9978147745132446,0.0006908566574566066,The locus rs647161 is associated with colorectal carcinoma.
1225,2,6078882,False,NOINFO,NOINFO,False,0.9996602535247803,0.00016027475066948682,0.0001794991985661909,The locus rs647161 is associated with colorectal carcinoma.
1225,3,24190159,False,NOINFO,NOINFO,False,0.9996949434280396,0.00014227809151634574,0.00016280435374937952,The locus rs647161 is associated with colorectal carcinoma.
1225,4,16806763,False,NOINFO,NOINFO,False,0.9996618032455444,0.00017985040904022753,0.00015840772539377213,The locus rs647161 is associated with colorectal carcinoma.
1225,5,14729253,False,NOINFO,NOINFO,False,0.9993533492088318,0.0004582265391945839,0.00018842345161829144,The locus rs647161 is associated with colorectal carcinoma.
1225,6,42836872,False,NOINFO,NOINFO,False,0.9995842576026917,0.00015055274707265198,0.0002652624389156699,The locus rs647161 is associated with colorectal carcinoma.
1225,7,3590806,False,NOINFO,NOINFO,False,0.9996503591537476,0.0001746557973092422,0.00017499725800007582,The locus rs647161 is associated with colorectal carcinoma.
1225,8,42731834,False,NOINFO,NOINFO,False,0.999664306640625,0.00017027935246005654,0.00016536307521164417,The locus rs647161 is associated with colorectal carcinoma.
1225,9,3360428,False,NOINFO,NOINFO,False,0.9995860457420349,0.00017532809579279274,0.00023871079611126333,The locus rs647161 is associated with colorectal carcinoma.
1225,10,31591262,False,NOINFO,NOINFO,False,0.9996821880340576,0.00015056748816277832,0.00016731530195102096,The locus rs647161 is associated with colorectal carcinoma.
1232,1,13905670,True,REFUTES,SUPPORTS,False,0.0008019991219043732,0.998551070690155,0.0006469465442933142,The minor G allele of FOXO3 is related to more severe symptoms of Crohn's Disease.
1232,2,1265945,False,NOINFO,NOINFO,False,0.9996128678321838,0.00018019319395534694,0.00020699642482213676,The minor G allele of FOXO3 is related to more severe symptoms of Crohn's Disease.
1232,3,5922085,False,NOINFO,NOINFO,False,0.9996441602706909,0.00015564481145702302,0.0002002426190301776,The minor G allele of FOXO3 is related to more severe symptoms of Crohn's Disease.
1232,4,24783597,False,NOINFO,NOINFO,False,0.9996638298034668,0.00017534174548927695,0.00016090262215584517,The minor G allele of FOXO3 is related to more severe symptoms of Crohn's Disease.
1232,5,2844490,False,NOINFO,NOINFO,False,0.9996956586837769,0.00012027918273815885,0.00018412167264614254,The minor G allele of FOXO3 is related to more severe symptoms of Crohn's Disease.
1232,6,4427060,False,NOINFO,NOINFO,False,0.999665379524231,0.0001362900366075337,0.00019830082601401955,The minor G allele of FOXO3 is related to more severe symptoms of Crohn's Disease.
1232,7,9244474,False,NOINFO,NOINFO,False,0.9997124075889587,0.00013133128231856972,0.0001562646502861753,The minor G allele of FOXO3 is related to more severe symptoms of Crohn's Disease.
1232,8,19497526,False,NOINFO,NOINFO,False,0.99958735704422,0.00021439760166686028,0.0001982853573281318,The minor G allele of FOXO3 is related to more severe symptoms of Crohn's Disease.
1232,9,25571386,False,NOINFO,NOINFO,False,0.9996529817581177,0.00012192971917102113,0.000225140800466761,The minor G allele of FOXO3 is related to more severe symptoms of Crohn's Disease.
1232,10,16119973,False,NOINFO,NOINFO,False,0.9996904134750366,0.00014650738739874214,0.00016312190564349294,The minor G allele of FOXO3 is related to more severe symptoms of Crohn's Disease.
1241,1,25858295,False,NOINFO,NOINFO,False,0.9958368539810181,0.003838147036731243,0.0003250551817473024,The myocardial lineage develops from cardiac progenitors of mesodermal origin.
1241,2,4932668,False,NOINFO,SUPPORTS,False,0.0018878537230193615,0.9972203969955444,0.0008917589439079165,The myocardial lineage develops from cardiac progenitors of mesodermal origin.
1241,3,2828460,False,NOINFO,NOINFO,False,0.9995023012161255,0.0002845617418643087,0.00021312689932528883,The myocardial lineage develops from cardiac progenitors of mesodermal origin.
1241,4,14060030,False,NOINFO,NOINFO,False,0.9993329644203186,0.00036177237052470446,0.0003052384709008038,The myocardial lineage develops from cardiac progenitors of mesodermal origin.
1241,5,4427392,True,SUPPORTS,SUPPORTS,True,0.0008299308829009533,0.9976315498352051,0.0015384488506242633,The myocardial lineage develops from cardiac progenitors of mesodermal origin.
1241,6,23716150,False,NOINFO,NOINFO,False,0.9994082450866699,0.0002964479790534824,0.00029529223684221506,The myocardial lineage develops from cardiac progenitors of mesodermal origin.
1241,7,6148876,False,NOINFO,NOINFO,False,0.9954617619514465,0.004205570090562105,0.0003326383011881262,The myocardial lineage develops from cardiac progenitors of mesodermal origin.
1241,8,106301,False,NOINFO,NOINFO,False,0.9301171898841858,0.06593024730682373,0.003952598199248314,The myocardial lineage develops from cardiac progenitors of mesodermal origin.
1241,9,2973910,False,NOINFO,NOINFO,False,0.999642014503479,0.00018161177285946906,0.00017636829579714686,The myocardial lineage develops from cardiac progenitors of mesodermal origin.
1241,10,6729465,False,NOINFO,NOINFO,False,0.9996836185455322,0.00015174862346611917,0.00016472156858071685,The myocardial lineage develops from cardiac progenitors of mesodermal origin.
1259,1,13069283,False,NOINFO,NOINFO,False,0.9965651631355286,0.0032296732533723116,0.00020515965297818184,The relationship between a breast cancer patient's capacity to metabolize tamoxifen and treatment outcome is dependent on the patient's genetic make-up.
1259,2,24341590,True,SUPPORTS,SUPPORTS,True,0.00047028265544213355,0.9960343241691589,0.0034953653812408447,The relationship between a breast cancer patient's capacity to metabolize tamoxifen and treatment outcome is dependent on the patient's genetic make-up.
1259,3,12438901,False,NOINFO,NOINFO,False,0.9981891512870789,0.0016417892184108496,0.00016903474170248955,The relationship between a breast cancer patient's capacity to metabolize tamoxifen and treatment outcome is dependent on the patient's genetic make-up.
1259,4,5855168,False,NOINFO,NOINFO,False,0.9988238215446472,0.0010320822475478053,0.00014411096344701946,The relationship between a breast cancer patient's capacity to metabolize tamoxifen and treatment outcome is dependent on the patient's genetic make-up.
1259,5,18340282,False,NOINFO,NOINFO,False,0.9995040893554688,0.0003725917194969952,0.00012334859638940543,The relationship between a breast cancer patient's capacity to metabolize tamoxifen and treatment outcome is dependent on the patient's genetic make-up.
1259,6,2015126,False,NOINFO,NOINFO,False,0.9996534585952759,0.00018592069682199508,0.0001605869911145419,The relationship between a breast cancer patient's capacity to metabolize tamoxifen and treatment outcome is dependent on the patient's genetic make-up.
1259,7,20454006,False,NOINFO,NOINFO,False,0.9996640682220459,0.00021191603445913643,0.00012409331975504756,The relationship between a breast cancer patient's capacity to metabolize tamoxifen and treatment outcome is dependent on the patient's genetic make-up.
1259,8,17088791,False,NOINFO,NOINFO,False,0.9996849298477173,0.0001612205960555002,0.00015383775462396443,The relationship between a breast cancer patient's capacity to metabolize tamoxifen and treatment outcome is dependent on the patient's genetic make-up.
1259,9,20886584,False,NOINFO,NOINFO,False,0.9996325969696045,0.0002277900348417461,0.00013951747678220272,The relationship between a breast cancer patient's capacity to metabolize tamoxifen and treatment outcome is dependent on the patient's genetic make-up.
1259,10,27240667,False,NOINFO,NOINFO,False,0.9995356798171997,0.00032626252504996955,0.00013814824342262,The relationship between a breast cancer patient's capacity to metabolize tamoxifen and treatment outcome is dependent on the patient's genetic make-up.
1262,1,44172171,True,SUPPORTS,SUPPORTS,True,0.001890132436528802,0.9974495768547058,0.0006602670182473958,The repair of Cas9-induced double strand breaks in human DNA is error-prone.
1262,2,22937815,False,NOINFO,NOINFO,False,0.9996683597564697,0.00018375739455223083,0.00014794187154620886,The repair of Cas9-induced double strand breaks in human DNA is error-prone.
1262,3,20420780,False,NOINFO,NOINFO,False,0.9995015859603882,0.00031683192355558276,0.00018158626335207373,The repair of Cas9-induced double strand breaks in human DNA is error-prone.
1262,4,12552297,False,NOINFO,NOINFO,False,0.9993663430213928,0.0004099554498679936,0.00022376127890311182,The repair of Cas9-induced double strand breaks in human DNA is error-prone.
1262,5,21561474,False,NOINFO,NOINFO,False,0.9911692142486572,0.008487813174724579,0.0003430549113545567,The repair of Cas9-induced double strand breaks in human DNA is error-prone.
1262,6,30122260,False,NOINFO,NOINFO,False,0.9996644258499146,0.00019219957175664604,0.00014338961045723408,The repair of Cas9-induced double strand breaks in human DNA is error-prone.
1262,7,12207340,False,NOINFO,NOINFO,False,0.9996803998947144,0.00019033480202779174,0.00012929103104397655,The repair of Cas9-induced double strand breaks in human DNA is error-prone.
1262,8,21793890,False,NOINFO,NOINFO,False,0.99960857629776,0.00020740021136589348,0.00018410563643556088,The repair of Cas9-induced double strand breaks in human DNA is error-prone.
1262,9,38131471,False,NOINFO,NOINFO,False,0.999718964099884,0.00014594038657378405,0.00013497279724106193,The repair of Cas9-induced double strand breaks in human DNA is error-prone.
1262,10,30034334,False,NOINFO,NOINFO,False,0.9993871450424194,0.000398905947804451,0.00021393640781752765,The repair of Cas9-induced double strand breaks in human DNA is error-prone.
1266,1,27123743,False,NOINFO,NOINFO,False,0.9994596838951111,0.0003287964209448546,0.0002114593080477789,"The risk of breast cancer among parous women increases with placental weight of pregnancies, and this association is strongest for premenopausal breast cancer."
1266,2,17450673,False,NOINFO,NOINFO,False,0.8251515626907349,0.16821366548538208,0.00663477648049593,"The risk of breast cancer among parous women increases with placental weight of pregnancies, and this association is strongest for premenopausal breast cancer."
1266,3,37480103,True,SUPPORTS,NOINFO,False,0.7856438159942627,0.20858187973499298,0.005774303339421749,"The risk of breast cancer among parous women increases with placental weight of pregnancies, and this association is strongest for premenopausal breast cancer."
1266,4,23557241,False,NOINFO,SUPPORTS,False,0.024233520030975342,0.9698969721794128,0.005869491491466761,"The risk of breast cancer among parous women increases with placental weight of pregnancies, and this association is strongest for premenopausal breast cancer."
1266,5,16322674,False,NOINFO,NOINFO,False,0.9991952776908875,0.0006435819086618721,0.0001611416373634711,"The risk of breast cancer among parous women increases with placental weight of pregnancies, and this association is strongest for premenopausal breast cancer."
1266,6,13831842,False,NOINFO,NOINFO,False,0.9997031092643738,0.00014339516928885132,0.00015354038623627275,"The risk of breast cancer among parous women increases with placental weight of pregnancies, and this association is strongest for premenopausal breast cancer."
1266,7,13765757,False,NOINFO,NOINFO,False,0.9996247291564941,0.00017027262947522104,0.00020498724188655615,"The risk of breast cancer among parous women increases with placental weight of pregnancies, and this association is strongest for premenopausal breast cancer."
1266,8,5864770,False,NOINFO,NOINFO,False,0.9997220635414124,0.00011795588943641633,0.00015997189620975405,"The risk of breast cancer among parous women increases with placental weight of pregnancies, and this association is strongest for premenopausal breast cancer."
1266,9,22007333,False,NOINFO,NOINFO,False,0.9997175335884094,0.00012217597395647317,0.00016028393292799592,"The risk of breast cancer among parous women increases with placental weight of pregnancies, and this association is strongest for premenopausal breast cancer."
1266,10,4828631,False,NOINFO,NOINFO,False,0.9997205138206482,0.00013005603977944702,0.0001494015014031902,"The risk of breast cancer among parous women increases with placental weight of pregnancies, and this association is strongest for premenopausal breast cancer."
1270,1,13900610,True,REFUTES,SUPPORTS,False,0.0008924494031816721,0.9979925155639648,0.001115018269047141,The risk of male prisoners harming themselves is ten times that of female prisoners.
1270,2,34227917,False,NOINFO,NOINFO,False,0.9996218681335449,0.00020821472571697086,0.00016993989993352443,The risk of male prisoners harming themselves is ten times that of female prisoners.
1270,3,20491205,False,NOINFO,NOINFO,False,0.9995174407958984,0.0002812507445923984,0.00020139380649197847,The risk of male prisoners harming themselves is ten times that of female prisoners.
1270,4,14843502,False,NOINFO,NOINFO,False,0.9995498061180115,0.0002752816362772137,0.0001749796501826495,The risk of male prisoners harming themselves is ten times that of female prisoners.
1270,5,1102268,False,NOINFO,NOINFO,False,0.9994472861289978,0.00041725923074409366,0.00013546424452215433,The risk of male prisoners harming themselves is ten times that of female prisoners.
1270,6,9976969,False,NOINFO,NOINFO,False,0.9994825124740601,0.00029879529029130936,0.00021860329434275627,The risk of male prisoners harming themselves is ten times that of female prisoners.
1270,7,43855756,False,NOINFO,NOINFO,False,0.999649167060852,0.00018125871429219842,0.00016961293295025826,The risk of male prisoners harming themselves is ten times that of female prisoners.
1270,8,25806385,False,NOINFO,NOINFO,False,0.999691367149353,0.00015086324128787965,0.00015779482782818377,The risk of male prisoners harming themselves is ten times that of female prisoners.
1270,9,980196,False,NOINFO,NOINFO,False,0.9996606111526489,0.00018339742382522672,0.0001559516676934436,The risk of male prisoners harming themselves is ten times that of female prisoners.
1270,10,24276902,False,NOINFO,NOINFO,False,0.9996795654296875,0.00012027724733343348,0.0002002497058128938,The risk of male prisoners harming themselves is ten times that of female prisoners.
1271,1,13768432,True,SUPPORTS,SUPPORTS,True,0.0007356152054853737,0.9941979646682739,0.00506644556298852,The severity of cardiac involvement in amyloidosis can be described by the degree of transmurality of late gadolinium enhancement in MRI.
1271,2,38040186,False,NOINFO,NOINFO,False,0.9997180104255676,0.0001069809150067158,0.0001750091032590717,The severity of cardiac involvement in amyloidosis can be described by the degree of transmurality of late gadolinium enhancement in MRI.
1271,3,1686881,False,NOINFO,NOINFO,False,0.9997201561927795,0.00011080909462179989,0.00016896368470042944,The severity of cardiac involvement in amyloidosis can be described by the degree of transmurality of late gadolinium enhancement in MRI.
1271,4,32671519,False,NOINFO,NOINFO,False,0.9997361302375793,9.589880210114643e-05,0.0001679792330833152,The severity of cardiac involvement in amyloidosis can be described by the degree of transmurality of late gadolinium enhancement in MRI.
1271,5,46266579,False,NOINFO,NOINFO,False,0.9997170567512512,0.00010760948498500511,0.00017535108781885356,The severity of cardiac involvement in amyloidosis can be described by the degree of transmurality of late gadolinium enhancement in MRI.
1271,6,21323758,False,NOINFO,NOINFO,False,0.9997403025627136,0.00011366090620867908,0.00014594350068364292,The severity of cardiac involvement in amyloidosis can be described by the degree of transmurality of late gadolinium enhancement in MRI.
1271,7,5597586,False,NOINFO,NOINFO,False,0.9997188448905945,0.0001270430802833289,0.00015414375229738653,The severity of cardiac involvement in amyloidosis can be described by the degree of transmurality of late gadolinium enhancement in MRI.
1271,8,2496002,False,NOINFO,NOINFO,False,0.9997460246086121,0.00012005054304609075,0.00013392604887485504,The severity of cardiac involvement in amyloidosis can be described by the degree of transmurality of late gadolinium enhancement in MRI.
1271,9,27550580,False,NOINFO,NOINFO,False,0.9995657801628113,0.0002774451277218759,0.0001568532461533323,The severity of cardiac involvement in amyloidosis can be described by the degree of transmurality of late gadolinium enhancement in MRI.
1271,10,7813993,False,NOINFO,NOINFO,False,0.9996951818466187,0.00017776101594790816,0.00012704006803687662,The severity of cardiac involvement in amyloidosis can be described by the degree of transmurality of late gadolinium enhancement in MRI.
1273,1,11041152,True,SUPPORTS,SUPPORTS,True,0.0008722272468730807,0.9985092282295227,0.0006185017409734428,The sliding activity of kinesin-8 protein Kip3 promotes bipolar spindle assembly.
1273,2,1889358,False,NOINFO,NOINFO,False,0.9976807832717896,0.001987114315852523,0.00033208008971996605,The sliding activity of kinesin-8 protein Kip3 promotes bipolar spindle assembly.
1273,3,493346,False,NOINFO,NOINFO,False,0.9994609951972961,0.0004132099275011569,0.00012577601592056453,The sliding activity of kinesin-8 protein Kip3 promotes bipolar spindle assembly.
1273,4,1371440,False,NOINFO,NOINFO,False,0.9992778897285461,0.0005325510865077376,0.00018951643141917884,The sliding activity of kinesin-8 protein Kip3 promotes bipolar spindle assembly.
1273,5,22405338,False,NOINFO,NOINFO,False,0.9992955923080444,0.0005780889187008142,0.00012624739611055702,The sliding activity of kinesin-8 protein Kip3 promotes bipolar spindle assembly.
1273,6,16736883,False,NOINFO,NOINFO,False,0.9994920492172241,0.00037404554313980043,0.00013389202649705112,The sliding activity of kinesin-8 protein Kip3 promotes bipolar spindle assembly.
1273,7,17805221,False,NOINFO,NOINFO,False,0.9996490478515625,0.00016279687406495214,0.00018811144400388002,The sliding activity of kinesin-8 protein Kip3 promotes bipolar spindle assembly.
1273,8,24555417,False,NOINFO,NOINFO,False,0.9988345503807068,0.0010141097009181976,0.00015132389671634883,The sliding activity of kinesin-8 protein Kip3 promotes bipolar spindle assembly.
1273,9,7549811,False,NOINFO,NOINFO,False,0.9994789958000183,0.0002828926662914455,0.0002382194943493232,The sliding activity of kinesin-8 protein Kip3 promotes bipolar spindle assembly.
1273,10,30835854,False,NOINFO,NOINFO,False,0.999538779258728,0.0003326985170133412,0.00012851748033426702,The sliding activity of kinesin-8 protein Kip3 promotes bipolar spindle assembly.
1274,1,7481159,False,NOINFO,NOINFO,False,0.8689282536506653,0.1302947998046875,0.0007770343800075352,The tip of the inner tube of the toxic type VI secretion system (T6SS) antibacterial effector in Escherichia coli (E. coli) carries toxic effector proteins.
1274,2,23440856,False,NOINFO,NOINFO,False,0.9997175335884094,0.00015264557441696525,0.0001298018905799836,The tip of the inner tube of the toxic type VI secretion system (T6SS) antibacterial effector in Escherichia coli (E. coli) carries toxic effector proteins.
1274,3,27731651,False,NOINFO,NOINFO,False,0.9956185221672058,0.004163322504609823,0.0002181838935939595,The tip of the inner tube of the toxic type VI secretion system (T6SS) antibacterial effector in Escherichia coli (E. coli) carries toxic effector proteins.
1274,4,4406819,True,SUPPORTS,SUPPORTS,True,0.01415951270610094,0.9849335551261902,0.0009069570223800838,The tip of the inner tube of the toxic type VI secretion system (T6SS) antibacterial effector in Escherichia coli (E. coli) carries toxic effector proteins.
1274,5,12428814,False,NOINFO,NOINFO,False,0.9967777132987976,0.0029919759836047888,0.00023026621784083545,The tip of the inner tube of the toxic type VI secretion system (T6SS) antibacterial effector in Escherichia coli (E. coli) carries toxic effector proteins.
1274,6,22632303,False,NOINFO,NOINFO,False,0.9995703101158142,0.0003017539856955409,0.00012802045966964215,The tip of the inner tube of the toxic type VI secretion system (T6SS) antibacterial effector in Escherichia coli (E. coli) carries toxic effector proteins.
1274,7,7145763,False,NOINFO,NOINFO,False,0.9996015429496765,0.0002291215496370569,0.000169273916981183,The tip of the inner tube of the toxic type VI secretion system (T6SS) antibacterial effector in Escherichia coli (E. coli) carries toxic effector proteins.
1274,8,26625002,False,NOINFO,NOINFO,False,0.9997228980064392,0.0001305653713643551,0.00014651214587502182,The tip of the inner tube of the toxic type VI secretion system (T6SS) antibacterial effector in Escherichia coli (E. coli) carries toxic effector proteins.
1274,9,35085326,False,NOINFO,NOINFO,False,0.9997274279594421,0.00010089355055242777,0.00017162573931273073,The tip of the inner tube of the toxic type VI secretion system (T6SS) antibacterial effector in Escherichia coli (E. coli) carries toxic effector proteins.
1274,10,6836086,False,NOINFO,NOINFO,False,0.9995562434196472,0.0003017497365362942,0.00014198078133631498,The tip of the inner tube of the toxic type VI secretion system (T6SS) antibacterial effector in Escherichia coli (E. coli) carries toxic effector proteins.
1290,1,4687948,True,SUPPORTS,REFUTES,False,0.0009822670836001635,0.0008352689910680056,0.9981824159622192,There is an inverse relationship between hip fractures and statin use.
1290,2,5698494,False,NOINFO,NOINFO,False,0.9985656142234802,0.00016778256394900382,0.0012666782131418586,There is an inverse relationship between hip fractures and statin use.
1290,3,26000593,False,NOINFO,NOINFO,False,0.9994485974311829,9.094650886254385e-05,0.0004605133435688913,There is an inverse relationship between hip fractures and statin use.
1290,4,7454794,False,NOINFO,NOINFO,False,0.9993047714233398,0.00013919959019403905,0.0005559478304348886,There is an inverse relationship between hip fractures and statin use.
1290,5,11246427,False,NOINFO,NOINFO,False,0.9987860321998596,0.00017587342881597579,0.0010381081374362111,There is an inverse relationship between hip fractures and statin use.
1290,6,19878070,False,NOINFO,NOINFO,False,0.9990575909614563,0.00010965950787067413,0.0008327420800924301,There is an inverse relationship between hip fractures and statin use.
1290,7,22420524,False,NOINFO,NOINFO,False,0.9993516802787781,9.400778799317777e-05,0.0005543474690057337,There is an inverse relationship between hip fractures and statin use.
1290,8,21557614,False,NOINFO,NOINFO,False,0.9995638728141785,0.00010206616570940241,0.0003340090624988079,There is an inverse relationship between hip fractures and statin use.
1290,9,40156901,False,NOINFO,NOINFO,False,0.9992152452468872,9.289989247918129e-05,0.0006918263388797641,There is an inverse relationship between hip fractures and statin use.
1290,10,19205326,False,NOINFO,NOINFO,False,0.999369204044342,8.296303712995723e-05,0.0005478987004607916,There is an inverse relationship between hip fractures and statin use.
1298,1,11718220,True,SUPPORTS,REFUTES,False,0.0008440247038379312,0.05531497299671173,0.9438410401344299,Thigh-length graduated compression stockings (GCS) did not reduce deep vein thrombosis in patients admitted to hospital who are immobile because of acute stroke.
1298,2,34338075,False,NOINFO,NOINFO,False,0.9997026324272156,8.714356954442337e-05,0.00021027502953074872,Thigh-length graduated compression stockings (GCS) did not reduce deep vein thrombosis in patients admitted to hospital who are immobile because of acute stroke.
1298,3,32328114,False,NOINFO,NOINFO,False,0.9996976852416992,9.57080046646297e-05,0.00020661004236899316,Thigh-length graduated compression stockings (GCS) did not reduce deep vein thrombosis in patients admitted to hospital who are immobile because of acute stroke.
1298,4,29981186,False,NOINFO,NOINFO,False,0.9997146725654602,8.186478953575715e-05,0.00020341032359283417,Thigh-length graduated compression stockings (GCS) did not reduce deep vein thrombosis in patients admitted to hospital who are immobile because of acute stroke.
1298,5,1358909,False,NOINFO,NOINFO,False,0.9997184872627258,8.851727761793882e-05,0.0001929622667375952,Thigh-length graduated compression stockings (GCS) did not reduce deep vein thrombosis in patients admitted to hospital who are immobile because of acute stroke.
1298,6,1387104,False,NOINFO,NOINFO,False,0.9997172951698303,8.938583050621673e-05,0.00019333929230924696,Thigh-length graduated compression stockings (GCS) did not reduce deep vein thrombosis in patients admitted to hospital who are immobile because of acute stroke.
1298,7,53779698,False,NOINFO,NOINFO,False,0.999642014503479,0.00010676405509002507,0.0002511599741410464,Thigh-length graduated compression stockings (GCS) did not reduce deep vein thrombosis in patients admitted to hospital who are immobile because of acute stroke.
1298,8,14973286,False,NOINFO,NOINFO,False,0.9996929168701172,8.629584772279486e-05,0.0002207950019510463,Thigh-length graduated compression stockings (GCS) did not reduce deep vein thrombosis in patients admitted to hospital who are immobile because of acute stroke.
1298,9,2352142,False,NOINFO,NOINFO,False,0.9996738433837891,0.00012629517004825175,0.0001998578227357939,Thigh-length graduated compression stockings (GCS) did not reduce deep vein thrombosis in patients admitted to hospital who are immobile because of acute stroke.
1298,10,17897801,False,NOINFO,NOINFO,False,0.9996808767318726,9.276181663153693e-05,0.00022647017613053322,Thigh-length graduated compression stockings (GCS) did not reduce deep vein thrombosis in patients admitted to hospital who are immobile because of acute stroke.
1303,1,12631697,True,REFUTES,REFUTES,True,0.008087781257927418,0.0011645866325125098,0.9907476902008057,Tirasemtiv has no effect on fast-twitch muscle.
1303,2,21323758,False,NOINFO,NOINFO,False,0.9995297193527222,8.884694398147985e-05,0.0003814372466877103,Tirasemtiv has no effect on fast-twitch muscle.
1303,3,29657303,False,NOINFO,NOINFO,False,0.9996750354766846,7.424519571941346e-05,0.0002506781602278352,Tirasemtiv has no effect on fast-twitch muscle.
1303,4,2496002,False,NOINFO,NOINFO,False,0.9996742010116577,7.996515341801569e-05,0.00024582940386608243,Tirasemtiv has no effect on fast-twitch muscle.
1303,5,43566999,False,NOINFO,NOINFO,False,0.9995216131210327,0.00012286988203413785,0.00035553573979996145,Tirasemtiv has no effect on fast-twitch muscle.
1303,6,23439808,False,NOINFO,NOINFO,False,0.9994136095046997,9.23754705581814e-05,0.0004940413637086749,Tirasemtiv has no effect on fast-twitch muscle.
1303,7,40631095,False,NOINFO,NOINFO,False,0.9992734789848328,0.00017595927056390792,0.0005505278240889311,Tirasemtiv has no effect on fast-twitch muscle.
1303,8,7734150,False,NOINFO,NOINFO,False,0.9995630383491516,0.00011319771874696016,0.00032373241265304387,Tirasemtiv has no effect on fast-twitch muscle.
1303,9,37673301,False,NOINFO,NOINFO,False,0.9997100234031677,9.240287181455642e-05,0.00019753655942622572,Tirasemtiv has no effect on fast-twitch muscle.
1303,10,8771704,False,NOINFO,NOINFO,False,0.999530553817749,7.902217475930229e-05,0.00039048309554345906,Tirasemtiv has no effect on fast-twitch muscle.
1319,1,16284655,True,SUPPORTS,SUPPORTS,True,0.006740122567862272,0.9925382733345032,0.0007215908844955266,Transplanted human glial cells can differentiate within the host animal.
1319,2,12742164,False,NOINFO,NOINFO,False,0.9965031147003174,0.0031840645242482424,0.0003128116368316114,Transplanted human glial cells can differentiate within the host animal.
1319,3,14192687,False,NOINFO,SUPPORTS,False,0.004598027560859919,0.9948386549949646,0.0005632780375890434,Transplanted human glial cells can differentiate within the host animal.
1319,4,2437807,False,NOINFO,SUPPORTS,False,0.04435890167951584,0.9545911550521851,0.0010499925119802356,Transplanted human glial cells can differentiate within the host animal.
1319,5,46193388,False,NOINFO,NOINFO,False,0.9992068409919739,0.0006385808228515089,0.00015466779586859047,Transplanted human glial cells can differentiate within the host animal.
1319,6,3360421,False,NOINFO,NOINFO,False,0.9996957778930664,0.00013261787535157055,0.00017162029689643532,Transplanted human glial cells can differentiate within the host animal.
1319,7,16375102,False,NOINFO,NOINFO,False,0.9994173049926758,0.00038139434764161706,0.00020137363753747195,Transplanted human glial cells can differentiate within the host animal.
1319,8,39465575,False,NOINFO,NOINFO,False,0.9996626377105713,0.000155343979713507,0.0001819705794332549,Transplanted human glial cells can differentiate within the host animal.
1319,9,803312,False,NOINFO,NOINFO,False,0.6885727643966675,0.31006112694740295,0.0013661064440384507,Transplanted human glial cells can differentiate within the host animal.
1319,10,10474873,False,NOINFO,NOINFO,False,0.9997053742408752,0.00013339851284399629,0.00016122389934025705,Transplanted human glial cells can differentiate within the host animal.
1320,1,16284655,True,REFUTES,REFUTES,True,0.10428787767887115,0.0022495484445244074,0.8934625387191772,Transplanted human glial progenitor cells are incapable of forming a neural network with host animals' neurons.
1320,2,14192687,False,NOINFO,REFUTES,False,0.09442709386348724,0.002867507515475154,0.9027054309844971,Transplanted human glial progenitor cells are incapable of forming a neural network with host animals' neurons.
1320,3,2437807,False,NOINFO,NOINFO,False,0.9420023560523987,0.0009545421926304698,0.057043179869651794,Transplanted human glial progenitor cells are incapable of forming a neural network with host animals' neurons.
1320,4,4405194,False,NOINFO,NOINFO,False,0.9960378408432007,0.0002066593588097021,0.003755490528419614,Transplanted human glial progenitor cells are incapable of forming a neural network with host animals' neurons.
1320,5,6079486,False,NOINFO,NOINFO,False,0.9995700716972351,9.911993402056396e-05,0.0003307651786599308,Transplanted human glial progenitor cells are incapable of forming a neural network with host animals' neurons.
1320,6,12742164,False,NOINFO,NOINFO,False,0.9946006536483765,0.0001953788159880787,0.0052039166912436485,Transplanted human glial progenitor cells are incapable of forming a neural network with host animals' neurons.
1320,7,16375102,False,NOINFO,NOINFO,False,0.9981186985969543,0.00016414282436016947,0.0017171016661450267,Transplanted human glial progenitor cells are incapable of forming a neural network with host animals' neurons.
1320,8,36637129,False,NOINFO,REFUTES,False,0.04018896818161011,0.0018313638865947723,0.9579797387123108,Transplanted human glial progenitor cells are incapable of forming a neural network with host animals' neurons.
1320,9,39465575,False,NOINFO,NOINFO,False,0.9984310269355774,0.00015606435772497207,0.0014128914335742593,Transplanted human glial progenitor cells are incapable of forming a neural network with host animals' neurons.
1320,10,4303075,False,NOINFO,NOINFO,False,0.9972116351127625,0.000253008067375049,0.002535405568778515,Transplanted human glial progenitor cells are incapable of forming a neural network with host animals' neurons.
1335,1,27910499,True,SUPPORTS,NOINFO,False,0.9879565834999084,0.011626140214502811,0.00041732395766302943,UCB T cells maintain high TCR diversity after transplantation.
1335,2,19511011,False,NOINFO,NOINFO,False,0.9996943473815918,0.0002038038510363549,0.00010188029409619048,UCB T cells maintain high TCR diversity after transplantation.
1335,3,33535222,False,NOINFO,NOINFO,False,0.9995018243789673,0.00036395981442183256,0.00013415509602054954,UCB T cells maintain high TCR diversity after transplantation.
1335,4,27243019,False,NOINFO,NOINFO,False,0.9995905756950378,0.0002970817149616778,0.00011231990356463939,UCB T cells maintain high TCR diversity after transplantation.
1335,5,20220731,False,NOINFO,NOINFO,False,0.9995688796043396,0.0003041202144231647,0.00012702401727437973,UCB T cells maintain high TCR diversity after transplantation.
1335,6,301866,False,NOINFO,NOINFO,False,0.9997275471687317,0.00013236331869848073,0.00014007686695549637,UCB T cells maintain high TCR diversity after transplantation.
1335,7,24795767,False,NOINFO,NOINFO,False,0.9996980428695679,0.00018922614981420338,0.00011277162411715835,UCB T cells maintain high TCR diversity after transplantation.
1335,8,34905328,False,NOINFO,NOINFO,False,0.9996858835220337,0.00014968840696383268,0.00016440053877886385,UCB T cells maintain high TCR diversity after transplantation.
1335,9,24069089,False,NOINFO,NOINFO,False,0.9996206760406494,0.00024485791800543666,0.0001344333722954616,UCB T cells maintain high TCR diversity after transplantation.
1335,10,14647747,False,NOINFO,NOINFO,False,0.9996402263641357,0.0002487187157385051,0.00011101685231551528,UCB T cells maintain high TCR diversity after transplantation.
1336,1,27910499,True,REFUTES,NOINFO,False,0.9887228012084961,0.0005479162209667265,0.010729280300438404,UCB T cells reduce TCR diversity after transplantation.
1336,2,19511011,False,NOINFO,NOINFO,False,0.9997236132621765,7.69055332057178e-05,0.00019947778491768986,UCB T cells reduce TCR diversity after transplantation.
1336,3,33535222,False,NOINFO,NOINFO,False,0.9996886253356934,7.36684087314643e-05,0.00023780454648658633,UCB T cells reduce TCR diversity after transplantation.
1336,4,27243019,False,NOINFO,NOINFO,False,0.9995855689048767,9.75847287918441e-05,0.0003168585244566202,UCB T cells reduce TCR diversity after transplantation.
1336,5,20220731,False,NOINFO,NOINFO,False,0.9993614554405212,0.00011631221423158422,0.0005222942563705146,UCB T cells reduce TCR diversity after transplantation.
1336,6,301866,False,NOINFO,NOINFO,False,0.9996882677078247,8.920882100937888e-05,0.00022252567578107119,UCB T cells reduce TCR diversity after transplantation.
1336,7,24069089,False,NOINFO,NOINFO,False,0.9995786547660828,7.467430987162516e-05,0.00034664187114685774,UCB T cells reduce TCR diversity after transplantation.
1336,8,24795767,False,NOINFO,NOINFO,False,0.9996680021286011,8.663144399179146e-05,0.00024534823023714125,UCB T cells reduce TCR diversity after transplantation.
1336,9,14647747,False,NOINFO,NOINFO,False,0.9997155070304871,8.646651258459315e-05,0.00019792384409811348,UCB T cells reduce TCR diversity after transplantation.
1336,10,34905328,False,NOINFO,NOINFO,False,0.999724805355072,8.479489042656496e-05,0.00019034327124245465,UCB T cells reduce TCR diversity after transplantation.
1337,1,29557235,False,NOINFO,NOINFO,False,0.9997255206108093,0.00013709919585380703,0.00013736724213231355,Ubiquitin ligase UBC13 generates a K63-linked polyubiquitin moiety at PCNA K164.
1337,2,19149247,False,NOINFO,NOINFO,False,0.999745786190033,0.00010069854033645242,0.00015354693459812552,Ubiquitin ligase UBC13 generates a K63-linked polyubiquitin moiety at PCNA K164.
1337,3,6422576,False,NOINFO,NOINFO,False,0.9997109770774841,0.0001108080759877339,0.00017811136785894632,Ubiquitin ligase UBC13 generates a K63-linked polyubiquitin moiety at PCNA K164.
1337,4,31962403,False,NOINFO,NOINFO,False,0.9997044205665588,0.0001420018234057352,0.00015354058996308595,Ubiquitin ligase UBC13 generates a K63-linked polyubiquitin moiety at PCNA K164.
1337,5,86231298,False,NOINFO,NOINFO,False,0.9996095299720764,0.00015085088671185076,0.00023965070431586355,Ubiquitin ligase UBC13 generates a K63-linked polyubiquitin moiety at PCNA K164.
1337,6,44947611,False,NOINFO,NOINFO,False,0.9997218251228333,0.0001055286411428824,0.00017263332847505808,Ubiquitin ligase UBC13 generates a K63-linked polyubiquitin moiety at PCNA K164.
1337,7,13277623,False,NOINFO,NOINFO,False,0.9997161030769348,0.00013339993893168867,0.0001505726104369387,Ubiquitin ligase UBC13 generates a K63-linked polyubiquitin moiety at PCNA K164.
1337,8,7645565,False,NOINFO,NOINFO,False,0.9995753169059753,0.00021231149730738252,0.00021231149730738252,Ubiquitin ligase UBC13 generates a K63-linked polyubiquitin moiety at PCNA K164.
1337,9,20231138,True,SUPPORTS,NOINFO,False,0.9989765882492065,0.0008157721604220569,0.00020767428213730454,Ubiquitin ligase UBC13 generates a K63-linked polyubiquitin moiety at PCNA K164.
1337,10,21948782,False,NOINFO,NOINFO,False,0.9997087121009827,0.00014708349772263318,0.00014423864195123315,Ubiquitin ligase UBC13 generates a K63-linked polyubiquitin moiety at PCNA K164.
1339,1,15482274,True,REFUTES,REFUTES,True,0.0007990731974132359,0.03301762044429779,0.9661832451820374,Ultrasound guidance significantly raises the number of traumatic procedures when attempting needle insertion.
1339,2,16495649,False,NOINFO,NOINFO,False,0.9996606111526489,0.00011589343921514228,0.00022339043789543211,Ultrasound guidance significantly raises the number of traumatic procedures when attempting needle insertion.
1339,3,8814634,False,NOINFO,NOINFO,False,0.9996844530105591,0.00012458156561478972,0.0001910805149236694,Ultrasound guidance significantly raises the number of traumatic procedures when attempting needle insertion.
1339,4,79231308,False,NOINFO,NOINFO,False,0.9996747970581055,0.00010490717249922454,0.00022036017617210746,Ultrasound guidance significantly raises the number of traumatic procedures when attempting needle insertion.
1339,5,70516463,False,NOINFO,NOINFO,False,0.9996209144592285,0.00014764622028451413,0.0002313745062565431,Ultrasound guidance significantly raises the number of traumatic procedures when attempting needle insertion.
1339,6,116556376,False,NOINFO,NOINFO,False,0.9996531009674072,0.00011725866352207959,0.00022958133195061237,Ultrasound guidance significantly raises the number of traumatic procedures when attempting needle insertion.
1339,7,6517267,False,NOINFO,NOINFO,False,0.9996891021728516,0.00011567059118533507,0.00019523108494468033,Ultrasound guidance significantly raises the number of traumatic procedures when attempting needle insertion.
1339,8,45276789,False,NOINFO,NOINFO,False,0.9996625185012817,0.00013762712478637695,0.00019985555263701826,Ultrasound guidance significantly raises the number of traumatic procedures when attempting needle insertion.
1339,9,52874170,False,NOINFO,NOINFO,False,0.9996485710144043,0.00017161219147965312,0.00017984802252613008,Ultrasound guidance significantly raises the number of traumatic procedures when attempting needle insertion.
1339,10,32969964,False,NOINFO,NOINFO,False,0.9996980428695679,0.00010677003592718393,0.00019523283117450774,Ultrasound guidance significantly raises the number of traumatic procedures when attempting needle insertion.
1352,1,12885341,True,SUPPORTS,SUPPORTS,True,0.016729792580008507,0.9825872778892517,0.0006829762714914978,Upregulation of mosGCTL-1 is induced upon infection with West Nile virus.
1352,2,10559501,False,NOINFO,NOINFO,False,0.9995483756065369,0.0002570919750723988,0.00019444258941803128,Upregulation of mosGCTL-1 is induced upon infection with West Nile virus.
1352,3,34287602,False,NOINFO,NOINFO,False,0.9996076226234436,0.0001808975066523999,0.00021149060921743512,Upregulation of mosGCTL-1 is induced upon infection with West Nile virus.
1352,4,38376189,False,NOINFO,NOINFO,False,0.999516487121582,0.00026837107725441456,0.00021522144379559904,Upregulation of mosGCTL-1 is induced upon infection with West Nile virus.
1352,5,8979167,False,NOINFO,NOINFO,False,0.9996590614318848,0.0001568678708281368,0.0001841149351093918,Upregulation of mosGCTL-1 is induced upon infection with West Nile virus.
1352,6,9539248,False,NOINFO,NOINFO,False,0.9995385408401489,0.0001982756657525897,0.0002631861134432256,Upregulation of mosGCTL-1 is induced upon infection with West Nile virus.
1352,7,27602752,False,NOINFO,NOINFO,False,0.999545156955719,0.00017463741824030876,0.00028016205760650337,Upregulation of mosGCTL-1 is induced upon infection with West Nile virus.
1352,8,37762357,False,NOINFO,NOINFO,False,0.9996101260185242,0.00017670744273345917,0.00021314989135134965,Upregulation of mosGCTL-1 is induced upon infection with West Nile virus.
1352,9,5372773,False,NOINFO,NOINFO,False,0.999610960483551,0.00013897055760025978,0.0002501729759387672,Upregulation of mosGCTL-1 is induced upon infection with West Nile virus.
1352,10,34016987,False,NOINFO,NOINFO,False,0.9995313882827759,0.0002575902035459876,0.00021106185158714652,Upregulation of mosGCTL-1 is induced upon infection with West Nile virus.
1359,1,11614737,True,REFUTES,REFUTES,True,0.0007771628443151712,0.04659636691212654,0.9526264071464539,Varenicline monotherapy is more effective after 12 weeks of treatment compared to combination nicotine replacement therapies with varenicline or bupropion.
1359,2,5114940,False,NOINFO,NOINFO,False,0.9994128942489624,0.0003320075338706374,0.0002550566860008985,Varenicline monotherapy is more effective after 12 weeks of treatment compared to combination nicotine replacement therapies with varenicline or bupropion.
1359,3,8570690,False,NOINFO,NOINFO,False,0.9996746778488159,0.00013979614595882595,0.00018556184659246355,Varenicline monotherapy is more effective after 12 weeks of treatment compared to combination nicotine replacement therapies with varenicline or bupropion.
1359,4,24019260,False,NOINFO,NOINFO,False,0.999717652797699,0.00011590005306061357,0.00016634374333079904,Varenicline monotherapy is more effective after 12 weeks of treatment compared to combination nicotine replacement therapies with varenicline or bupropion.
1359,5,5551138,False,NOINFO,NOINFO,False,0.9996751546859741,0.00013158313231542706,0.00019333114323671907,Varenicline monotherapy is more effective after 12 weeks of treatment compared to combination nicotine replacement therapies with varenicline or bupropion.
1359,6,34369306,False,NOINFO,NOINFO,False,0.9996421337127686,0.00015323144907597452,0.00020459081861190498,Varenicline monotherapy is more effective after 12 weeks of treatment compared to combination nicotine replacement therapies with varenicline or bupropion.
1359,7,33417012,False,NOINFO,NOINFO,False,0.9996635913848877,0.00013843605120200664,0.00019791355589404702,Varenicline monotherapy is more effective after 12 weeks of treatment compared to combination nicotine replacement therapies with varenicline or bupropion.
1359,8,7639744,False,NOINFO,NOINFO,False,0.9996898174285889,0.00012929225340485573,0.0001809123787097633,Varenicline monotherapy is more effective after 12 weeks of treatment compared to combination nicotine replacement therapies with varenicline or bupropion.
1359,9,20611846,False,NOINFO,NOINFO,False,0.999678373336792,0.00010429465328343213,0.00021736873895861208,Varenicline monotherapy is more effective after 12 weeks of treatment compared to combination nicotine replacement therapies with varenicline or bupropion.
1359,10,44408494,False,NOINFO,NOINFO,False,0.9997215867042542,0.00011299476318527013,0.00016537254850845784,Varenicline monotherapy is more effective after 12 weeks of treatment compared to combination nicotine replacement therapies with varenicline or bupropion.
1368,1,2425364,True,SUPPORTS,SUPPORTS,True,0.002129016909748316,0.9944051504135132,0.003465874819085002,Vitamin D deficiency effects the term of delivery.
1368,2,33740844,False,NOINFO,NOINFO,False,0.9991095662117004,0.0007363674230873585,0.0001540498051326722,Vitamin D deficiency effects the term of delivery.
1368,3,30786800,False,NOINFO,NOINFO,False,0.9989256262779236,0.0008253460982814431,0.00024902683799155056,Vitamin D deficiency effects the term of delivery.
1368,4,23267371,False,NOINFO,NOINFO,False,0.999693751335144,0.00013158557703718543,0.00017466337885707617,Vitamin D deficiency effects the term of delivery.
1368,5,30720103,False,NOINFO,NOINFO,False,0.9996366500854492,0.0001526332343928516,0.00021067220950499177,Vitamin D deficiency effects the term of delivery.
1368,6,41131087,False,NOINFO,NOINFO,False,0.9996999502182007,0.00011841492960229516,0.00018162229389417917,Vitamin D deficiency effects the term of delivery.
1368,7,21553394,False,NOINFO,NOINFO,False,0.9996910095214844,0.0001277861010748893,0.0001812662958400324,Vitamin D deficiency effects the term of delivery.
1368,8,49429882,False,NOINFO,NOINFO,False,0.9996616840362549,0.00014507946616504341,0.0001933285384438932,Vitamin D deficiency effects the term of delivery.
1368,9,12074066,False,NOINFO,NOINFO,False,0.9997313618659973,9.496640268480405e-05,0.0001736494741635397,Vitamin D deficiency effects the term of delivery.
1368,10,9555784,False,NOINFO,NOINFO,False,0.999679684638977,0.0001212205970659852,0.00019907979003619403,Vitamin D deficiency effects the term of delivery.
1370,1,2425364,True,REFUTES,REFUTES,True,0.0012511748354882002,0.0007783910259604454,0.9979704022407532,Vitamin D deficiency is unrelated to birth weight.
1370,2,21553394,False,NOINFO,NOINFO,False,0.999230146408081,0.0001780256861820817,0.0005917591624893248,Vitamin D deficiency is unrelated to birth weight.
1370,3,33740844,False,NOINFO,NOINFO,False,0.9814305901527405,0.0006902135210111737,0.017879238352179527,Vitamin D deficiency is unrelated to birth weight.
1370,4,49429882,False,NOINFO,NOINFO,False,0.9954351782798767,0.0002993340604007244,0.004265431314706802,Vitamin D deficiency is unrelated to birth weight.
1370,5,30786800,False,NOINFO,NOINFO,False,0.6868862509727478,0.001994457095861435,0.31111934781074524,Vitamin D deficiency is unrelated to birth weight.
1370,6,3150030,False,NOINFO,NOINFO,False,0.9989942908287048,0.00015164398064371198,0.0008541025454178452,Vitamin D deficiency is unrelated to birth weight.
1370,7,9555784,False,NOINFO,NOINFO,False,0.998206615447998,0.00017069655586965382,0.0016226901207119226,Vitamin D deficiency is unrelated to birth weight.
1370,8,4462079,False,NOINFO,NOINFO,False,0.9994081258773804,0.0001022497599478811,0.0004897155449725688,Vitamin D deficiency is unrelated to birth weight.
1370,9,36960449,False,NOINFO,NOINFO,False,0.99696284532547,0.00019280660490039736,0.0028443611226975918,Vitamin D deficiency is unrelated to birth weight.
1370,10,44572913,False,NOINFO,NOINFO,False,0.999517560005188,0.00010550707520451397,0.0003769888135138899,Vitamin D deficiency is unrelated to birth weight.
1379,1,27123743,True,SUPPORTS,SUPPORTS,True,0.002129095606505871,0.9944419264793396,0.003428969532251358,Women with a higher birth weight are more likely to develop breast cancer later in life.
1379,2,16322674,True,SUPPORTS,SUPPORTS,True,0.0010565422708168626,0.9968606233596802,0.0020827986299991608,Women with a higher birth weight are more likely to develop breast cancer later in life.
1379,3,13831842,False,NOINFO,NOINFO,False,0.9996579885482788,0.00013132412277627736,0.00021067670604679734,Women with a higher birth weight are more likely to develop breast cancer later in life.
1379,4,17450673,True,SUPPORTS,SUPPORTS,True,0.0009841189021244645,0.9961655139923096,0.002850424963980913,Women with a higher birth weight are more likely to develop breast cancer later in life.
1379,5,23557241,True,SUPPORTS,SUPPORTS,True,0.0006889539072290063,0.9970120191574097,0.0022990526631474495,Women with a higher birth weight are more likely to develop breast cancer later in life.
1379,6,5487448,False,NOINFO,NOINFO,False,0.9996678829193115,0.00016153302567545325,0.00017061286780517548,Women with a higher birth weight are more likely to develop breast cancer later in life.
1379,7,4828631,False,NOINFO,NOINFO,False,0.9996703863143921,0.00014479763922281563,0.0001848376268753782,Women with a higher birth weight are more likely to develop breast cancer later in life.
1379,8,38784540,False,NOINFO,NOINFO,False,0.9996705055236816,0.00015686967526562512,0.000172624466358684,Women with a higher birth weight are more likely to develop breast cancer later in life.
1379,9,25973484,False,NOINFO,NOINFO,False,0.9997126460075378,0.00011499753600219265,0.00017229490913450718,Women with a higher birth weight are more likely to develop breast cancer later in life.
1379,10,13765757,False,NOINFO,NOINFO,False,0.9996893405914307,0.0001535382616566494,0.0001571793109178543,Women with a higher birth weight are more likely to develop breast cancer later in life.
1382,1,3831884,False,NOINFO,NOINFO,False,0.9985363483428955,0.00130940368399024,0.00015426242316607386,aPKCz causes tumour enhancement by affecting glutamine metabolism.
1382,2,17755060,True,REFUTES,SUPPORTS,False,0.000675257237162441,0.9984124898910522,0.0009122143383137882,aPKCz causes tumour enhancement by affecting glutamine metabolism.
1382,3,28334217,False,NOINFO,NOINFO,False,0.9993440508842468,0.0005263814819045365,0.00012950021482538432,aPKCz causes tumour enhancement by affecting glutamine metabolism.
1382,4,28651643,False,NOINFO,NOINFO,False,0.9997082352638245,9.312743350164965e-05,0.0001986970310099423,aPKCz causes tumour enhancement by affecting glutamine metabolism.
1382,5,4959368,False,NOINFO,NOINFO,False,0.9997280240058899,0.00012804065772797912,0.00014395998732652515,aPKCz causes tumour enhancement by affecting glutamine metabolism.
1382,6,22914228,False,NOINFO,NOINFO,False,0.9993064403533936,0.0005570356152020395,0.00013650745677296072,aPKCz causes tumour enhancement by affecting glutamine metabolism.
1382,7,4920376,False,NOINFO,NOINFO,False,0.9996849298477173,0.0001295443798881024,0.00018556375289335847,aPKCz causes tumour enhancement by affecting glutamine metabolism.
1382,8,9113824,False,NOINFO,NOINFO,False,0.9996943473815918,0.00013496946485247463,0.00017061737889889628,aPKCz causes tumour enhancement by affecting glutamine metabolism.
1382,9,7875158,False,NOINFO,NOINFO,False,0.9997331500053406,0.00010930585267487913,0.00015749353042338043,aPKCz causes tumour enhancement by affecting glutamine metabolism.
1382,10,1554348,False,NOINFO,NOINFO,False,0.9997074007987976,9.894011600408703e-05,0.00019371535745449364,aPKCz causes tumour enhancement by affecting glutamine metabolism.
1385,1,11844826,False,NOINFO,NOINFO,False,0.9996321201324463,0.00010207312880083919,0.0002657937875483185,cSMAC formation enhances weak ligand signalling.
1385,2,3559136,False,NOINFO,NOINFO,False,0.999578058719635,0.00011122697469545528,0.00031072759884409606,cSMAC formation enhances weak ligand signalling.
1385,3,33912020,False,NOINFO,NOINFO,False,0.9995934367179871,0.0001174809003714472,0.0002890692849177867,cSMAC formation enhances weak ligand signalling.
1385,4,9283422,False,NOINFO,NOINFO,False,0.9966799020767212,0.0008471455075778067,0.002472936175763607,cSMAC formation enhances weak ligand signalling.
1385,5,15946643,False,NOINFO,NOINFO,False,0.9996052384376526,9.835202945396304e-05,0.0002965063904412091,cSMAC formation enhances weak ligand signalling.
1385,6,7621534,False,NOINFO,NOINFO,False,0.9996844530105591,9.043650788953528e-05,0.0002251478872494772,cSMAC formation enhances weak ligand signalling.
1385,7,1605392,False,NOINFO,NOINFO,False,0.9996240139007568,8.747775427764282e-05,0.00028851410024799407,cSMAC formation enhances weak ligand signalling.
1385,8,33920995,False,NOINFO,NOINFO,False,0.9996812343597412,7.965395343489945e-05,0.00023920024977996945,cSMAC formation enhances weak ligand signalling.
1385,9,6936141,False,NOINFO,NOINFO,False,0.9996477365493774,8.331095887115225e-05,0.00026893106405623257,cSMAC formation enhances weak ligand signalling.
1385,10,10906636,False,NOINFO,NOINFO,False,0.9996576309204102,8.578866982134059e-05,0.0002566183393355459,cSMAC formation enhances weak ligand signalling.
1389,1,23895668,True,SUPPORTS,SUPPORTS,True,0.0008453827467747033,0.998498797416687,0.0006558179738931358,mTORC2 regulates intracellular cysteine levels through xCT inhibition.
1389,2,8460275,False,NOINFO,NOINFO,False,0.999594509601593,0.00018302747048437595,0.0002225048083346337,mTORC2 regulates intracellular cysteine levels through xCT inhibition.
1389,3,1344498,False,NOINFO,NOINFO,False,0.9997034668922424,0.00013656170631293207,0.00015996892761904746,mTORC2 regulates intracellular cysteine levels through xCT inhibition.
1389,4,1227277,False,NOINFO,NOINFO,False,0.9997349381446838,0.00011299627658445388,0.0001520530931884423,mTORC2 regulates intracellular cysteine levels through xCT inhibition.
1389,5,8002887,False,NOINFO,NOINFO,False,0.9996906518936157,0.0001414462603861466,0.0001679715933278203,mTORC2 regulates intracellular cysteine levels through xCT inhibition.
1389,6,4658268,False,NOINFO,NOINFO,False,0.999653697013855,0.00015443505253642797,0.00019182248797733337,mTORC2 regulates intracellular cysteine levels through xCT inhibition.
1389,7,14874811,False,NOINFO,NOINFO,False,0.9996229410171509,0.00018410828488413244,0.00019294382946100086,mTORC2 regulates intracellular cysteine levels through xCT inhibition.
1389,8,5389095,False,NOINFO,NOINFO,False,0.9996349811553955,0.00014764828665647656,0.0002173593093175441,mTORC2 regulates intracellular cysteine levels through xCT inhibition.
1389,9,26735905,False,NOINFO,NOINFO,False,0.9996196031570435,0.000162157419254072,0.0002182066673412919,mTORC2 regulates intracellular cysteine levels through xCT inhibition.
1389,10,22174015,False,NOINFO,NOINFO,False,0.9996392726898193,0.0001580950920470059,0.0002026020229095593,mTORC2 regulates intracellular cysteine levels through xCT inhibition.
